research_company,company_standardised,company_original,file_name,file_path,call_date,call_year,layoff_date,days_from_layoff,fiscal_year,fiscal_quarter,reporting_period_raw,study_period_flag,kaggle_company_name,total_laid_off,layoff_location,layoff_source,number_of_eligible_events,selection_rule,event_position,manual_review_flag,notes
Alphabet,Alphabet,Alphabet Inc.,Alphabet Inc._Earnings Call_2021-04-27T00_00_00_English.docx,Alphabet/Alphabet Inc._Earnings Call_2021-04-27T00_00_00_English.docx,2021-04-27,2021,2023-01-20,-633,2021,FQ1,FQ1 2021 Earnings Call,1,Google,12000.0,SF Bay Area,https://www.nytimes.com/2023/01/20/business/google-alphabet-layoffs.html,12,largest_valid_total_laid_off_on_a_SINGLE_eligible_event_row_with_event_date_2021-01-01_to_2024-12-31_no_aggregation,non_event,0,
Alphabet,Alphabet,Alphabet Inc.,Alphabet Inc._Earnings Call_2021-07-27T00_00_00_English.docx,Alphabet/Alphabet Inc._Earnings Call_2021-07-27T00_00_00_English.docx,2021-07-27,2021,2023-01-20,-542,2021,FQ2,FQ2 2021 Earnings Call,1,Google,12000.0,SF Bay Area,https://www.nytimes.com/2023/01/20/business/google-alphabet-layoffs.html,12,largest_valid_total_laid_off_on_a_SINGLE_eligible_event_row_with_event_date_2021-01-01_to_2024-12-31_no_aggregation,non_event,0,
Alphabet,Alphabet,Alphabet Inc.,Alphabet Inc._Earnings Call_2021-10-26T00_00_00_English.docx,Alphabet/Alphabet Inc._Earnings Call_2021-10-26T00_00_00_English.docx,2021-10-26,2021,2023-01-20,-451,2021,FQ3,FQ3 2021 Earnings Call Transcripts,1,Google,12000.0,SF Bay Area,https://www.nytimes.com/2023/01/20/business/google-alphabet-layoffs.html,12,largest_valid_total_laid_off_on_a_SINGLE_eligible_event_row_with_event_date_2021-01-01_to_2024-12-31_no_aggregation,non_event,0,
Alphabet,Alphabet,Alphabet Inc.,Alphabet Inc._Earnings Call_2022-02-01T00_00_00_English.docx,Alphabet/Alphabet Inc._Earnings Call_2022-02-01T00_00_00_English.docx,2022-02-01,2022,2023-01-20,-353,2021,FQ4,FQ4 2021 Earnings Call,1,Google,12000.0,SF Bay Area,https://www.nytimes.com/2023/01/20/business/google-alphabet-layoffs.html,12,largest_valid_total_laid_off_on_a_SINGLE_eligible_event_row_with_event_date_2021-01-01_to_2024-12-31_no_aggregation,non_event,0,
Alphabet,Alphabet,Alphabet Inc.,Alphabet Inc._Earnings Call_2022-04-26T00_00_00_English.docx,Alphabet/Alphabet Inc._Earnings Call_2022-04-26T00_00_00_English.docx,2022-04-26,2022,2023-01-20,-269,2022,FQ1,FQ1 2022 Earnings Call,1,Google,12000.0,SF Bay Area,https://www.nytimes.com/2023/01/20/business/google-alphabet-layoffs.html,12,largest_valid_total_laid_off_on_a_SINGLE_eligible_event_row_with_event_date_2021-01-01_to_2024-12-31_no_aggregation,non_event,0,
Alphabet,Alphabet,Alphabet Inc.,Alphabet Inc._Earnings Call_2022-07-26T00_00_00_English.docx,Alphabet/Alphabet Inc._Earnings Call_2022-07-26T00_00_00_English.docx,2022-07-26,2022,2023-01-20,-178,2022,FQ2,FQ2 2022 Earnings Call,1,Google,12000.0,SF Bay Area,https://www.nytimes.com/2023/01/20/business/google-alphabet-layoffs.html,12,largest_valid_total_laid_off_on_a_SINGLE_eligible_event_row_with_event_date_2021-01-01_to_2024-12-31_no_aggregation,pre_2,0,
Alphabet,Alphabet,Alphabet Inc.,Alphabet Inc._Earnings Call_2022-10-25T00_00_00_English.docx,Alphabet/Alphabet Inc._Earnings Call_2022-10-25T00_00_00_English.docx,2022-10-25,2022,2023-01-20,-87,2022,FQ3,FQ3 2022 Earnings Call Transcripts,1,Google,12000.0,SF Bay Area,https://www.nytimes.com/2023/01/20/business/google-alphabet-layoffs.html,12,largest_valid_total_laid_off_on_a_SINGLE_eligible_event_row_with_event_date_2021-01-01_to_2024-12-31_no_aggregation,pre_1,0,
Alphabet,Alphabet,Alphabet Inc.,Alphabet Inc._Earnings Call_2023-02-02T00_00_00_English.docx,Alphabet/Alphabet Inc._Earnings Call_2023-02-02T00_00_00_English.docx,2023-02-02,2023,2023-01-20,13,2022,FQ4,FQ4 2022 Earnings Call,1,Google,12000.0,SF Bay Area,https://www.nytimes.com/2023/01/20/business/google-alphabet-layoffs.html,12,largest_valid_total_laid_off_on_a_SINGLE_eligible_event_row_with_event_date_2021-01-01_to_2024-12-31_no_aggregation,post_1,0,
Alphabet,Alphabet,Alphabet Inc.,Alphabet Inc._Earnings Call_2023-04-25T00_00_00_English.docx,Alphabet/Alphabet Inc._Earnings Call_2023-04-25T00_00_00_English.docx,2023-04-25,2023,2023-01-20,95,2023,FQ1,FQ1 2023 Earnings Call,1,Google,12000.0,SF Bay Area,https://www.nytimes.com/2023/01/20/business/google-alphabet-layoffs.html,12,largest_valid_total_laid_off_on_a_SINGLE_eligible_event_row_with_event_date_2021-01-01_to_2024-12-31_no_aggregation,post_2,0,
Alphabet,Alphabet,Alphabet Inc.,Alphabet Inc._Earnings Call_2023-07-25T00_00_00_English.docx,Alphabet/Alphabet Inc._Earnings Call_2023-07-25T00_00_00_English.docx,2023-07-25,2023,2023-01-20,186,2023,FQ2,FQ2 2023 Earnings Call,1,Google,12000.0,SF Bay Area,https://www.nytimes.com/2023/01/20/business/google-alphabet-layoffs.html,12,largest_valid_total_laid_off_on_a_SINGLE_eligible_event_row_with_event_date_2021-01-01_to_2024-12-31_no_aggregation,non_event,0,
Alphabet,Alphabet,Alphabet Inc.,Alphabet Inc._Earnings Call_2023-10-24T00_00_00_English.docx,Alphabet/Alphabet Inc._Earnings Call_2023-10-24T00_00_00_English.docx,2023-10-24,2023,2023-01-20,277,2023,FQ3,FQ3 2023 Earnings Call Transcripts,1,Google,12000.0,SF Bay Area,https://www.nytimes.com/2023/01/20/business/google-alphabet-layoffs.html,12,largest_valid_total_laid_off_on_a_SINGLE_eligible_event_row_with_event_date_2021-01-01_to_2024-12-31_no_aggregation,non_event,0,
Alphabet,Alphabet,Alphabet Inc.,Alphabet Inc._Earnings Call_2024-01-30T00_00_00_English.docx,Alphabet/Alphabet Inc._Earnings Call_2024-01-30T00_00_00_English.docx,2024-01-30,2024,2023-01-20,375,2023,FQ4,FQ4 2023 Earnings Call,1,Google,12000.0,SF Bay Area,https://www.nytimes.com/2023/01/20/business/google-alphabet-layoffs.html,12,largest_valid_total_laid_off_on_a_SINGLE_eligible_event_row_with_event_date_2021-01-01_to_2024-12-31_no_aggregation,non_event,0,
Alphabet,Alphabet,Alphabet Inc.,Alphabet Inc._Earnings Call_2024-04-25T00_00_00_English.docx,Alphabet/Alphabet Inc._Earnings Call_2024-04-25T00_00_00_English.docx,2024-04-25,2024,2023-01-20,461,2024,FQ1,FQ1 2024 Earnings Call,1,Google,12000.0,SF Bay Area,https://www.nytimes.com/2023/01/20/business/google-alphabet-layoffs.html,12,largest_valid_total_laid_off_on_a_SINGLE_eligible_event_row_with_event_date_2021-01-01_to_2024-12-31_no_aggregation,non_event,0,
Alphabet,Alphabet,Alphabet Inc.,Alphabet Inc._Earnings Call_2024-07-23T00_00_00_English.docx,Alphabet/Alphabet Inc._Earnings Call_2024-07-23T00_00_00_English.docx,2024-07-23,2024,2023-01-20,550,2024,FQ2,FQ2 2024 Earnings Call,1,Google,12000.0,SF Bay Area,https://www.nytimes.com/2023/01/20/business/google-alphabet-layoffs.html,12,largest_valid_total_laid_off_on_a_SINGLE_eligible_event_row_with_event_date_2021-01-01_to_2024-12-31_no_aggregation,non_event,0,
Alphabet,Alphabet,Alphabet Inc.,Alphabet Inc._Earnings Call_2024-10-29T00_00_00_English.docx,Alphabet/Alphabet Inc._Earnings Call_2024-10-29T00_00_00_English.docx,2024-10-29,2024,2023-01-20,648,2024,FQ3,FQ3 2024 Earnings Call Transcripts,1,Google,12000.0,SF Bay Area,https://www.nytimes.com/2023/01/20/business/google-alphabet-layoffs.html,12,largest_valid_total_laid_off_on_a_SINGLE_eligible_event_row_with_event_date_2021-01-01_to_2024-12-31_no_aggregation,non_event,0,
Alphabet,Alphabet,Alphabet Inc.,Alphabet Inc._Earnings Call_2025-02-04T00_00_00_English.docx,Alphabet/Alphabet Inc._Earnings Call_2025-02-04T00_00_00_English.docx,2025-02-04,2025,2023-01-20,746,2024,FQ4,FQ4 2024 Earnings Call,1,Google,12000.0,SF Bay Area,https://www.nytimes.com/2023/01/20/business/google-alphabet-layoffs.html,12,largest_valid_total_laid_off_on_a_SINGLE_eligible_event_row_with_event_date_2021-01-01_to_2024-12-31_no_aggregation,non_event,0,
Amazon,Amazon,"Amazon.com, Inc.","Amazon.com, Inc._Earnings Call_2021-04-29T00_00_00_English.docx","AMZ/Amazon.com, Inc._Earnings Call_2021-04-29T00_00_00_English.docx",2021-04-29,2021,2022-11-16,-566,2021,FQ1,FQ1 2021 Earnings Call,1,Amazon,10000.0,Seattle,https://www.nytimes.com/2022/11/14/technology/amazon-layoffs.html,12,largest_valid_total_laid_off_on_a_SINGLE_eligible_event_row_with_event_date_2021-01-01_to_2024-12-31_no_aggregation,non_event,0,
Amazon,Amazon,"Amazon.com, Inc.","Amazon.com, Inc._Earnings Call_2021-07-29T00_00_00_English.docx","AMZ/Amazon.com, Inc._Earnings Call_2021-07-29T00_00_00_English.docx",2021-07-29,2021,2022-11-16,-475,2021,FQ2,FQ2 2021 Earnings Call,1,Amazon,10000.0,Seattle,https://www.nytimes.com/2022/11/14/technology/amazon-layoffs.html,12,largest_valid_total_laid_off_on_a_SINGLE_eligible_event_row_with_event_date_2021-01-01_to_2024-12-31_no_aggregation,non_event,0,
Amazon,Amazon,"Amazon.com, Inc.","Amazon.com, Inc._Earnings Call_2021-10-28T00_00_00_English.docx","AMZ/Amazon.com, Inc._Earnings Call_2021-10-28T00_00_00_English.docx",2021-10-28,2021,2022-11-16,-384,2021,FQ3,FQ3 2021 Earnings Call Transcripts,1,Amazon,10000.0,Seattle,https://www.nytimes.com/2022/11/14/technology/amazon-layoffs.html,12,largest_valid_total_laid_off_on_a_SINGLE_eligible_event_row_with_event_date_2021-01-01_to_2024-12-31_no_aggregation,non_event,0,
Amazon,Amazon,"Amazon.com, Inc.","Amazon.com, Inc._Earnings Call_2022-02-03T00_00_00_English.docx","AMZ/Amazon.com, Inc._Earnings Call_2022-02-03T00_00_00_English.docx",2022-02-03,2022,2022-11-16,-286,2021,FQ4,FQ4 2021 Earnings Call,1,Amazon,10000.0,Seattle,https://www.nytimes.com/2022/11/14/technology/amazon-layoffs.html,12,largest_valid_total_laid_off_on_a_SINGLE_eligible_event_row_with_event_date_2021-01-01_to_2024-12-31_no_aggregation,non_event,0,
Amazon,Amazon,"Amazon.com, Inc.","Amazon.com, Inc._Earnings Call_2022-04-28T00_00_00_English.docx","AMZ/Amazon.com, Inc._Earnings Call_2022-04-28T00_00_00_English.docx",2022-04-28,2022,2022-11-16,-202,2022,FQ1,FQ1 2022 Earnings Call,1,Amazon,10000.0,Seattle,https://www.nytimes.com/2022/11/14/technology/amazon-layoffs.html,12,largest_valid_total_laid_off_on_a_SINGLE_eligible_event_row_with_event_date_2021-01-01_to_2024-12-31_no_aggregation,non_event,0,
Amazon,Amazon,"Amazon.com, Inc.","Amazon.com, Inc._Earnings Call_2022-07-28T00_00_00_English.docx","AMZ/Amazon.com, Inc._Earnings Call_2022-07-28T00_00_00_English.docx",2022-07-28,2022,2022-11-16,-111,2022,FQ2,FQ2 2022 Earnings Call,1,Amazon,10000.0,Seattle,https://www.nytimes.com/2022/11/14/technology/amazon-layoffs.html,12,largest_valid_total_laid_off_on_a_SINGLE_eligible_event_row_with_event_date_2021-01-01_to_2024-12-31_no_aggregation,pre_2,0,
Amazon,Amazon,"Amazon.com, Inc.","Amazon.com, Inc._Earnings Call_2022-10-27T00_00_00_English.docx","AMZ/Amazon.com, Inc._Earnings Call_2022-10-27T00_00_00_English.docx",2022-10-27,2022,2022-11-16,-20,2022,FQ3,FQ3 2022 Earnings Call Transcripts,1,Amazon,10000.0,Seattle,https://www.nytimes.com/2022/11/14/technology/amazon-layoffs.html,12,largest_valid_total_laid_off_on_a_SINGLE_eligible_event_row_with_event_date_2021-01-01_to_2024-12-31_no_aggregation,pre_1,0,
Amazon,Amazon,"Amazon.com, Inc.","Amazon.com, Inc._Earnings Call_2023-02-02T00_00_00_English.docx","AMZ/Amazon.com, Inc._Earnings Call_2023-02-02T00_00_00_English.docx",2023-02-02,2023,2022-11-16,78,2022,FQ4,FQ4 2022 Earnings Call,1,Amazon,10000.0,Seattle,https://www.nytimes.com/2022/11/14/technology/amazon-layoffs.html,12,largest_valid_total_laid_off_on_a_SINGLE_eligible_event_row_with_event_date_2021-01-01_to_2024-12-31_no_aggregation,post_1,0,
Amazon,Amazon,"Amazon.com, Inc.","Amazon.com, Inc._Earnings Call_2023-04-27T00_00_00_English.docx","AMZ/Amazon.com, Inc._Earnings Call_2023-04-27T00_00_00_English.docx",2023-04-27,2023,2022-11-16,162,2023,FQ1,FQ1 2023 Earnings Call,1,Amazon,10000.0,Seattle,https://www.nytimes.com/2022/11/14/technology/amazon-layoffs.html,12,largest_valid_total_laid_off_on_a_SINGLE_eligible_event_row_with_event_date_2021-01-01_to_2024-12-31_no_aggregation,post_2,0,
Amazon,Amazon,"Amazon.com, Inc.","Amazon.com, Inc._Earnings Call_2023-08-03T00_00_00_English.docx","AMZ/Amazon.com, Inc._Earnings Call_2023-08-03T00_00_00_English.docx",2023-08-03,2023,2022-11-16,260,2023,FQ2,FQ2 2023 Earnings Call,1,Amazon,10000.0,Seattle,https://www.nytimes.com/2022/11/14/technology/amazon-layoffs.html,12,largest_valid_total_laid_off_on_a_SINGLE_eligible_event_row_with_event_date_2021-01-01_to_2024-12-31_no_aggregation,non_event,0,
Amazon,Amazon,"Amazon.com, Inc.","Amazon.com, Inc._Earnings Call_2023-10-26T00_00_00_English.docx","AMZ/Amazon.com, Inc._Earnings Call_2023-10-26T00_00_00_English.docx",2023-10-26,2023,2022-11-16,344,2023,FQ3,FQ3 2023 Earnings Call Transcripts,1,Amazon,10000.0,Seattle,https://www.nytimes.com/2022/11/14/technology/amazon-layoffs.html,12,largest_valid_total_laid_off_on_a_SINGLE_eligible_event_row_with_event_date_2021-01-01_to_2024-12-31_no_aggregation,non_event,0,
Amazon,Amazon,"Amazon.com, Inc.","Amazon.com, Inc._Earnings Call_2024-02-01T00_00_00_English.docx","AMZ/Amazon.com, Inc._Earnings Call_2024-02-01T00_00_00_English.docx",2024-02-01,2024,2022-11-16,442,2023,FQ4,FQ4 2023 Earnings Call,1,Amazon,10000.0,Seattle,https://www.nytimes.com/2022/11/14/technology/amazon-layoffs.html,12,largest_valid_total_laid_off_on_a_SINGLE_eligible_event_row_with_event_date_2021-01-01_to_2024-12-31_no_aggregation,non_event,0,
Amazon,Amazon,"Amazon.com, Inc.","Amazon.com, Inc._Earnings Call_2024-04-30T00_00_00_English.docx","AMZ/Amazon.com, Inc._Earnings Call_2024-04-30T00_00_00_English.docx",2024-04-30,2024,2022-11-16,531,2024,FQ1,FQ1 2024 Earnings Call,1,Amazon,10000.0,Seattle,https://www.nytimes.com/2022/11/14/technology/amazon-layoffs.html,12,largest_valid_total_laid_off_on_a_SINGLE_eligible_event_row_with_event_date_2021-01-01_to_2024-12-31_no_aggregation,non_event,0,
Amazon,Amazon,"Amazon.com, Inc.","Amazon.com, Inc._Earnings Call_2024-08-01T00_00_00_English.docx","AMZ/Amazon.com, Inc._Earnings Call_2024-08-01T00_00_00_English.docx",2024-08-01,2024,2022-11-16,624,2024,FQ2,FQ2 2024 Earnings Call,1,Amazon,10000.0,Seattle,https://www.nytimes.com/2022/11/14/technology/amazon-layoffs.html,12,largest_valid_total_laid_off_on_a_SINGLE_eligible_event_row_with_event_date_2021-01-01_to_2024-12-31_no_aggregation,non_event,0,
Amazon,Amazon,"Amazon.com, Inc.","Amazon.com, Inc._Earnings Call_2024-10-31T00_00_00_English.docx","AMZ/Amazon.com, Inc._Earnings Call_2024-10-31T00_00_00_English.docx",2024-10-31,2024,2022-11-16,715,2024,FQ3,FQ3 2024 Earnings Call Transcripts,1,Amazon,10000.0,Seattle,https://www.nytimes.com/2022/11/14/technology/amazon-layoffs.html,12,largest_valid_total_laid_off_on_a_SINGLE_eligible_event_row_with_event_date_2021-01-01_to_2024-12-31_no_aggregation,non_event,0,
Amazon,Amazon,"Amazon.com, Inc.","Amazon.com, Inc._Earnings Call_2025-02-06T00_00_00_English.docx","AMZ/Amazon.com, Inc._Earnings Call_2025-02-06T00_00_00_English.docx",2025-02-06,2025,2022-11-16,813,2024,FQ4,FQ4 2024 Earnings Call,1,Amazon,10000.0,Seattle,https://www.nytimes.com/2022/11/14/technology/amazon-layoffs.html,12,largest_valid_total_laid_off_on_a_SINGLE_eligible_event_row_with_event_date_2021-01-01_to_2024-12-31_no_aggregation,non_event,0,
Block,Block,"Block, Inc.","Block, Inc._Earnings Call_2021-05-06T00_00_00_English.docx","Block/Block, Inc._Earnings Call_2021-05-06T00_00_00_English.docx",2021-05-06,2021,2024-01-30,-999,2021,FQ1,FQ1 2021 Earnings Call,1,Block,1000.0,SF Bay Area,https://www.businessinsider.com/block-layoffs-jack-dorsey-tech-industry-cuts-2024-1,2,largest_valid_total_laid_off_on_a_SINGLE_eligible_event_row_with_event_date_2021-01-01_to_2024-12-31_no_aggregation,non_event,0,
Block,Block,"Block, Inc.","Block, Inc._Earnings Call_2021-08-02T00_00_00_English.docx","Block/Block, Inc._Earnings Call_2021-08-02T00_00_00_English.docx",2021-08-02,2021,2024-01-30,-911,2021,FQ2,FQ2 2021 Earnings Call,1,Block,1000.0,SF Bay Area,https://www.businessinsider.com/block-layoffs-jack-dorsey-tech-industry-cuts-2024-1,2,largest_valid_total_laid_off_on_a_SINGLE_eligible_event_row_with_event_date_2021-01-01_to_2024-12-31_no_aggregation,non_event,0,
Block,Block,"Block, Inc.","Block, Inc._Earnings Call_2021-11-04T00_00_00_English.docx","Block/Block, Inc._Earnings Call_2021-11-04T00_00_00_English.docx",2021-11-04,2021,2024-01-30,-817,2021,FQ3,FQ3 2021 Earnings Call,1,Block,1000.0,SF Bay Area,https://www.businessinsider.com/block-layoffs-jack-dorsey-tech-industry-cuts-2024-1,2,largest_valid_total_laid_off_on_a_SINGLE_eligible_event_row_with_event_date_2021-01-01_to_2024-12-31_no_aggregation,non_event,0,
Block,Block,"Block, Inc.","Block, Inc._Earnings Call_2022-02-24T00_00_00_English.docx","Block/Block, Inc._Earnings Call_2022-02-24T00_00_00_English.docx",2022-02-24,2022,2024-01-30,-705,2021,FQ4,FQ4 2021 Earnings Call,1,Block,1000.0,SF Bay Area,https://www.businessinsider.com/block-layoffs-jack-dorsey-tech-industry-cuts-2024-1,2,largest_valid_total_laid_off_on_a_SINGLE_eligible_event_row_with_event_date_2021-01-01_to_2024-12-31_no_aggregation,non_event,0,
Block,Block,"Block, Inc.","Block, Inc._Earnings Call_2022-05-05T00_00_00_English.docx","Block/Block, Inc._Earnings Call_2022-05-05T00_00_00_English.docx",2022-05-05,2022,2024-01-30,-635,2022,FQ1,FQ1 2022 Earnings Call,1,Block,1000.0,SF Bay Area,https://www.businessinsider.com/block-layoffs-jack-dorsey-tech-industry-cuts-2024-1,2,largest_valid_total_laid_off_on_a_SINGLE_eligible_event_row_with_event_date_2021-01-01_to_2024-12-31_no_aggregation,non_event,0,
Block,Block,"Block, Inc.","Block, Inc._Earnings Call_2022-08-04T00_00_00_English.docx","Block/Block, Inc._Earnings Call_2022-08-04T00_00_00_English.docx",2022-08-04,2022,2024-01-30,-544,2022,FQ2,FQ2 2022 Earnings Call,1,Block,1000.0,SF Bay Area,https://www.businessinsider.com/block-layoffs-jack-dorsey-tech-industry-cuts-2024-1,2,largest_valid_total_laid_off_on_a_SINGLE_eligible_event_row_with_event_date_2021-01-01_to_2024-12-31_no_aggregation,non_event,0,
Block,Block,"Block, Inc.","Block, Inc._Earnings Call_2022-11-03T00_00_00_English.docx","Block/Block, Inc._Earnings Call_2022-11-03T00_00_00_English.docx",2022-11-03,2022,2024-01-30,-453,2022,FQ3,FQ3 2022 Earnings Call,1,Block,1000.0,SF Bay Area,https://www.businessinsider.com/block-layoffs-jack-dorsey-tech-industry-cuts-2024-1,2,largest_valid_total_laid_off_on_a_SINGLE_eligible_event_row_with_event_date_2021-01-01_to_2024-12-31_no_aggregation,non_event,0,
Block,Block,"Block, Inc.","Block, Inc._Earnings Call_2023-02-23T00_00_00_English.docx","Block/Block, Inc._Earnings Call_2023-02-23T00_00_00_English.docx",2023-02-23,2023,2024-01-30,-341,2022,FQ4,FQ4 2022 Earnings Call,1,Block,1000.0,SF Bay Area,https://www.businessinsider.com/block-layoffs-jack-dorsey-tech-industry-cuts-2024-1,2,largest_valid_total_laid_off_on_a_SINGLE_eligible_event_row_with_event_date_2021-01-01_to_2024-12-31_no_aggregation,non_event,0,
Block,Block,"Block, Inc.","Block, Inc._Earnings Call_2023-05-04T00_00_00_English.docx","Block/Block, Inc._Earnings Call_2023-05-04T00_00_00_English.docx",2023-05-04,2023,2024-01-30,-271,2023,FQ1,FQ1 2023 Earnings Call,1,Block,1000.0,SF Bay Area,https://www.businessinsider.com/block-layoffs-jack-dorsey-tech-industry-cuts-2024-1,2,largest_valid_total_laid_off_on_a_SINGLE_eligible_event_row_with_event_date_2021-01-01_to_2024-12-31_no_aggregation,non_event,0,
Block,Block,"Block, Inc.","Block, Inc._Earnings Call_2023-08-03T00_00_00_English.docx","Block/Block, Inc._Earnings Call_2023-08-03T00_00_00_English.docx",2023-08-03,2023,2024-01-30,-180,2023,FQ2,FQ2 2023 Earnings Call,1,Block,1000.0,SF Bay Area,https://www.businessinsider.com/block-layoffs-jack-dorsey-tech-industry-cuts-2024-1,2,largest_valid_total_laid_off_on_a_SINGLE_eligible_event_row_with_event_date_2021-01-01_to_2024-12-31_no_aggregation,pre_2,0,
Block,Block,"Block, Inc.","Block, Inc._Earnings Call_2023-11-02T00_00_00_English.docx","Block/Block, Inc._Earnings Call_2023-11-02T00_00_00_English.docx",2023-11-02,2023,2024-01-30,-89,2023,FQ3,FQ3 2023 Earnings Call,1,Block,1000.0,SF Bay Area,https://www.businessinsider.com/block-layoffs-jack-dorsey-tech-industry-cuts-2024-1,2,largest_valid_total_laid_off_on_a_SINGLE_eligible_event_row_with_event_date_2021-01-01_to_2024-12-31_no_aggregation,pre_1,0,
Block,Block,"Block, Inc.","Block, Inc._Earnings Call_2024-02-22T00_00_00_English.docx","Block/Block, Inc._Earnings Call_2024-02-22T00_00_00_English.docx",2024-02-22,2024,2024-01-30,23,2023,FQ4,FQ4 2023 Earnings Call,1,Block,1000.0,SF Bay Area,https://www.businessinsider.com/block-layoffs-jack-dorsey-tech-industry-cuts-2024-1,2,largest_valid_total_laid_off_on_a_SINGLE_eligible_event_row_with_event_date_2021-01-01_to_2024-12-31_no_aggregation,post_1,0,
Block,Block,"Block, Inc.","Block, Inc._Earnings Call_2024-05-02T00_00_00_English.docx","Block/Block, Inc._Earnings Call_2024-05-02T00_00_00_English.docx",2024-05-02,2024,2024-01-30,93,2024,FQ1,FQ1 2024 Earnings Call,1,Block,1000.0,SF Bay Area,https://www.businessinsider.com/block-layoffs-jack-dorsey-tech-industry-cuts-2024-1,2,largest_valid_total_laid_off_on_a_SINGLE_eligible_event_row_with_event_date_2021-01-01_to_2024-12-31_no_aggregation,post_2,0,
Block,Block,"Block, Inc.","Block, Inc._Earnings Call_2024-08-01T00_00_00_English.docx","Block/Block, Inc._Earnings Call_2024-08-01T00_00_00_English.docx",2024-08-01,2024,2024-01-30,184,2024,FQ2,FQ2 2024 Earnings Call,1,Block,1000.0,SF Bay Area,https://www.businessinsider.com/block-layoffs-jack-dorsey-tech-industry-cuts-2024-1,2,largest_valid_total_laid_off_on_a_SINGLE_eligible_event_row_with_event_date_2021-01-01_to_2024-12-31_no_aggregation,non_event,0,
Block,Block,"Block, Inc.","Block, Inc._Earnings Call_2024-11-07T00_00_00_English.docx","Block/Block, Inc._Earnings Call_2024-11-07T00_00_00_English.docx",2024-11-07,2024,2024-01-30,282,2024,FQ3,FQ3 2024 Earnings Call,1,Block,1000.0,SF Bay Area,https://www.businessinsider.com/block-layoffs-jack-dorsey-tech-industry-cuts-2024-1,2,largest_valid_total_laid_off_on_a_SINGLE_eligible_event_row_with_event_date_2021-01-01_to_2024-12-31_no_aggregation,non_event,0,
Block,Block,"Block, Inc.","Block, Inc._Earnings Call_2025-02-20T00_00_00_English.docx","Block/Block, Inc._Earnings Call_2025-02-20T00_00_00_English.docx",2025-02-20,2025,2024-01-30,387,2024,FQ4,FQ4 2024 Earnings Call,1,Block,1000.0,SF Bay Area,https://www.businessinsider.com/block-layoffs-jack-dorsey-tech-industry-cuts-2024-1,2,largest_valid_total_laid_off_on_a_SINGLE_eligible_event_row_with_event_date_2021-01-01_to_2024-12-31_no_aggregation,non_event,0,
Cisco,Cisco,"Cisco Systems, Inc.","Cisco Systems, Inc._Earnings Call_2020-11-12T00_00_00_English.docx","Cisco/Cisco Systems, Inc._Earnings Call_2020-11-12T00_00_00_English.docx",2020-11-12,2020,2024-08-09,-1366,2021,FQ1,FQ1 2021 Earnings Call Transcripts,1,Cisco,5600.0,SF Bay Area,https://techcrunch.com/2024/09/17/ciscos-second-layoff-of-2024-affect-thousands-of-employees/,4,largest_valid_total_laid_off_on_a_SINGLE_eligible_event_row_with_event_date_2021-01-01_to_2024-12-31_no_aggregation,non_event,0,
Cisco,Cisco,"Cisco Systems, Inc.","Cisco Systems, Inc._Earnings Call_2021-02-09T00_00_00_English.docx","Cisco/Cisco Systems, Inc._Earnings Call_2021-02-09T00_00_00_English.docx",2021-02-09,2021,2024-08-09,-1277,2021,FQ2,FQ2 2021 Earnings Call Transcripts,1,Cisco,5600.0,SF Bay Area,https://techcrunch.com/2024/09/17/ciscos-second-layoff-of-2024-affect-thousands-of-employees/,4,largest_valid_total_laid_off_on_a_SINGLE_eligible_event_row_with_event_date_2021-01-01_to_2024-12-31_no_aggregation,non_event,0,
Cisco,Cisco,"Cisco Systems, Inc.","Cisco Systems, Inc._Earnings Call_2021-05-19T00_00_00_English.docx","Cisco/Cisco Systems, Inc._Earnings Call_2021-05-19T00_00_00_English.docx",2021-05-19,2021,2024-08-09,-1178,2021,FQ3,FQ3 2021 Earnings Call Transcripts,1,Cisco,5600.0,SF Bay Area,https://techcrunch.com/2024/09/17/ciscos-second-layoff-of-2024-affect-thousands-of-employees/,4,largest_valid_total_laid_off_on_a_SINGLE_eligible_event_row_with_event_date_2021-01-01_to_2024-12-31_no_aggregation,non_event,0,
Cisco,Cisco,"Cisco Systems, Inc.","Cisco Systems, Inc._Earnings Call_2021-08-18T00_00_00_English.docx","Cisco/Cisco Systems, Inc._Earnings Call_2021-08-18T00_00_00_English.docx",2021-08-18,2021,2024-08-09,-1087,2021,FQ4,FQ4 2021 Earnings Call,1,Cisco,5600.0,SF Bay Area,https://techcrunch.com/2024/09/17/ciscos-second-layoff-of-2024-affect-thousands-of-employees/,4,largest_valid_total_laid_off_on_a_SINGLE_eligible_event_row_with_event_date_2021-01-01_to_2024-12-31_no_aggregation,non_event,0,
Cisco,Cisco,"Cisco Systems, Inc.","Cisco Systems, Inc._Earnings Call_2021-11-17T00_00_00_English.docx","Cisco/Cisco Systems, Inc._Earnings Call_2021-11-17T00_00_00_English.docx",2021-11-17,2021,2024-08-09,-996,2022,FQ1,FQ1 2022 Earnings Call Transcripts,1,Cisco,5600.0,SF Bay Area,https://techcrunch.com/2024/09/17/ciscos-second-layoff-of-2024-affect-thousands-of-employees/,4,largest_valid_total_laid_off_on_a_SINGLE_eligible_event_row_with_event_date_2021-01-01_to_2024-12-31_no_aggregation,non_event,0,
Cisco,Cisco,"Cisco Systems, Inc.","Cisco Systems, Inc._Earnings Call_2022-02-16T00_00_00_English.docx","Cisco/Cisco Systems, Inc._Earnings Call_2022-02-16T00_00_00_English.docx",2022-02-16,2022,2024-08-09,-905,2022,FQ2,FQ2 2022 Earnings Call Transcripts,1,Cisco,5600.0,SF Bay Area,https://techcrunch.com/2024/09/17/ciscos-second-layoff-of-2024-affect-thousands-of-employees/,4,largest_valid_total_laid_off_on_a_SINGLE_eligible_event_row_with_event_date_2021-01-01_to_2024-12-31_no_aggregation,non_event,0,
Cisco,Cisco,"Cisco Systems, Inc.","Cisco Systems, Inc._Earnings Call_2022-05-18T00_00_00_English.docx","Cisco/Cisco Systems, Inc._Earnings Call_2022-05-18T00_00_00_English.docx",2022-05-18,2022,2024-08-09,-814,2022,FQ3,FQ3 2022 Earnings Call Transcripts,1,Cisco,5600.0,SF Bay Area,https://techcrunch.com/2024/09/17/ciscos-second-layoff-of-2024-affect-thousands-of-employees/,4,largest_valid_total_laid_off_on_a_SINGLE_eligible_event_row_with_event_date_2021-01-01_to_2024-12-31_no_aggregation,non_event,0,
Cisco,Cisco,"Cisco Systems, Inc.","Cisco Systems, Inc._Earnings Call_2022-08-17T00_00_00_English.docx","Cisco/Cisco Systems, Inc._Earnings Call_2022-08-17T00_00_00_English.docx",2022-08-17,2022,2024-08-09,-723,2022,FQ4,FQ4 2022 Earnings Call,1,Cisco,5600.0,SF Bay Area,https://techcrunch.com/2024/09/17/ciscos-second-layoff-of-2024-affect-thousands-of-employees/,4,largest_valid_total_laid_off_on_a_SINGLE_eligible_event_row_with_event_date_2021-01-01_to_2024-12-31_no_aggregation,non_event,0,
Cisco,Cisco,"Cisco Systems, Inc.","Cisco Systems, Inc._Earnings Call_2022-11-16T00_00_00_English.docx","Cisco/Cisco Systems, Inc._Earnings Call_2022-11-16T00_00_00_English.docx",2022-11-16,2022,2024-08-09,-632,2023,FQ1,FQ1 2023 Earnings Call Transcripts,1,Cisco,5600.0,SF Bay Area,https://techcrunch.com/2024/09/17/ciscos-second-layoff-of-2024-affect-thousands-of-employees/,4,largest_valid_total_laid_off_on_a_SINGLE_eligible_event_row_with_event_date_2021-01-01_to_2024-12-31_no_aggregation,non_event,0,
Cisco,Cisco,"Cisco Systems, Inc.","Cisco Systems, Inc._Earnings Call_2023-02-15T00_00_00_English.docx","Cisco/Cisco Systems, Inc._Earnings Call_2023-02-15T00_00_00_English.docx",2023-02-15,2023,2024-08-09,-541,2023,FQ2,FQ2 2023 Earnings Call Transcripts,1,Cisco,5600.0,SF Bay Area,https://techcrunch.com/2024/09/17/ciscos-second-layoff-of-2024-affect-thousands-of-employees/,4,largest_valid_total_laid_off_on_a_SINGLE_eligible_event_row_with_event_date_2021-01-01_to_2024-12-31_no_aggregation,non_event,0,
Cisco,Cisco,"Cisco Systems, Inc.","Cisco Systems, Inc._Earnings Call_2023-05-17T00_00_00_English.docx","Cisco/Cisco Systems, Inc._Earnings Call_2023-05-17T00_00_00_English.docx",2023-05-17,2023,2024-08-09,-450,2023,FQ3,FQ3 2023 Earnings Call Transcripts,1,Cisco,5600.0,SF Bay Area,https://techcrunch.com/2024/09/17/ciscos-second-layoff-of-2024-affect-thousands-of-employees/,4,largest_valid_total_laid_off_on_a_SINGLE_eligible_event_row_with_event_date_2021-01-01_to_2024-12-31_no_aggregation,non_event,0,
Cisco,Cisco,"Cisco Systems, Inc.","Cisco Systems, Inc._Earnings Call_2023-08-16T00_00_00_English.docx","Cisco/Cisco Systems, Inc._Earnings Call_2023-08-16T00_00_00_English.docx",2023-08-16,2023,2024-08-09,-359,2023,FQ4,FQ4 2023 Earnings Call,1,Cisco,5600.0,SF Bay Area,https://techcrunch.com/2024/09/17/ciscos-second-layoff-of-2024-affect-thousands-of-employees/,4,largest_valid_total_laid_off_on_a_SINGLE_eligible_event_row_with_event_date_2021-01-01_to_2024-12-31_no_aggregation,non_event,0,
Cisco,Cisco,"Cisco Systems, Inc.","Cisco Systems, Inc._Earnings Call_2023-11-15T00_00_00_English.docx","Cisco/Cisco Systems, Inc._Earnings Call_2023-11-15T00_00_00_English.docx",2023-11-15,2023,2024-08-09,-268,2024,FQ1,FQ1 2024 Earnings Call Transcripts,1,Cisco,5600.0,SF Bay Area,https://techcrunch.com/2024/09/17/ciscos-second-layoff-of-2024-affect-thousands-of-employees/,4,largest_valid_total_laid_off_on_a_SINGLE_eligible_event_row_with_event_date_2021-01-01_to_2024-12-31_no_aggregation,non_event,0,
Cisco,Cisco,"Cisco Systems, Inc.","Cisco Systems, Inc._Earnings Call_2024-02-14T00_00_00_English.docx","Cisco/Cisco Systems, Inc._Earnings Call_2024-02-14T00_00_00_English.docx",2024-02-14,2024,2024-08-09,-177,2024,FQ2,FQ2 2024 Earnings Call Transcripts,1,Cisco,5600.0,SF Bay Area,https://techcrunch.com/2024/09/17/ciscos-second-layoff-of-2024-affect-thousands-of-employees/,4,largest_valid_total_laid_off_on_a_SINGLE_eligible_event_row_with_event_date_2021-01-01_to_2024-12-31_no_aggregation,pre_2,0,
Cisco,Cisco,"Cisco Systems, Inc.","Cisco Systems, Inc._Earnings Call_2024-05-15T00_00_00_English.docx","Cisco/Cisco Systems, Inc._Earnings Call_2024-05-15T00_00_00_English.docx",2024-05-15,2024,2024-08-09,-86,2024,FQ3,FQ3 2024 Earnings Call Transcripts,1,Cisco,5600.0,SF Bay Area,https://techcrunch.com/2024/09/17/ciscos-second-layoff-of-2024-affect-thousands-of-employees/,4,largest_valid_total_laid_off_on_a_SINGLE_eligible_event_row_with_event_date_2021-01-01_to_2024-12-31_no_aggregation,pre_1,0,
Cisco,Cisco,"Cisco Systems, Inc.","Cisco Systems, Inc._Earnings Call_2024-08-14T00_00_00_English.docx","Cisco/Cisco Systems, Inc._Earnings Call_2024-08-14T00_00_00_English.docx",2024-08-14,2024,2024-08-09,5,2024,FQ4,FQ4 2024 Earnings Call,1,Cisco,5600.0,SF Bay Area,https://techcrunch.com/2024/09/17/ciscos-second-layoff-of-2024-affect-thousands-of-employees/,4,largest_valid_total_laid_off_on_a_SINGLE_eligible_event_row_with_event_date_2021-01-01_to_2024-12-31_no_aggregation,post_1,0,
Coinbase,Coinbase,"Coinbase Global, Inc.","Coinbase Global, Inc._Earnings Call_2021-05-13T00_00_00_English.docx","Coinbase/Coinbase Global, Inc._Earnings Call_2021-05-13T00_00_00_English.docx",2021-05-13,2021,2022-06-14,-397,2021,FQ1,FQ1 2021 Earnings Call Transcripts,1,Coinbase,1100.0,SF Bay Area,https://www.cnbc.com/2022/06/14/coinbase-lays-off-18percent-as-execs-prepare-for-recession-crypto-winter.html,3,largest_valid_total_laid_off_on_a_SINGLE_eligible_event_row_with_event_date_2021-01-01_to_2024-12-31_no_aggregation,non_event,0,
Coinbase,Coinbase,"Coinbase Global, Inc.","Coinbase Global, Inc._Earnings Call_2021-08-10T00_00_00_English.docx","Coinbase/Coinbase Global, Inc._Earnings Call_2021-08-10T00_00_00_English.docx",2021-08-10,2021,2022-06-14,-308,2021,FQ2,FQ2 2021 Earnings Call Transcripts,1,Coinbase,1100.0,SF Bay Area,https://www.cnbc.com/2022/06/14/coinbase-lays-off-18percent-as-execs-prepare-for-recession-crypto-winter.html,3,largest_valid_total_laid_off_on_a_SINGLE_eligible_event_row_with_event_date_2021-01-01_to_2024-12-31_no_aggregation,non_event,0,
Coinbase,Coinbase,"Coinbase Global, Inc.","Coinbase Global, Inc._Earnings Call_2021-11-09T00_00_00_English.docx","Coinbase/Coinbase Global, Inc._Earnings Call_2021-11-09T00_00_00_English.docx",2021-11-09,2021,2022-06-14,-217,2021,FQ3,FQ3 2021 Earnings Call,1,Coinbase,1100.0,SF Bay Area,https://www.cnbc.com/2022/06/14/coinbase-lays-off-18percent-as-execs-prepare-for-recession-crypto-winter.html,3,largest_valid_total_laid_off_on_a_SINGLE_eligible_event_row_with_event_date_2021-01-01_to_2024-12-31_no_aggregation,non_event,0,
Coinbase,Coinbase,"Coinbase Global, Inc.","Coinbase Global, Inc._Earnings Call_2022-02-24T00_00_00_English.docx","Coinbase/Coinbase Global, Inc._Earnings Call_2022-02-24T00_00_00_English.docx",2022-02-24,2022,2022-06-14,-110,2021,FQ4,FQ4 2021 Earnings Call,1,Coinbase,1100.0,SF Bay Area,https://www.cnbc.com/2022/06/14/coinbase-lays-off-18percent-as-execs-prepare-for-recession-crypto-winter.html,3,largest_valid_total_laid_off_on_a_SINGLE_eligible_event_row_with_event_date_2021-01-01_to_2024-12-31_no_aggregation,pre_2,0,
Coinbase,Coinbase,"Coinbase Global, Inc.","Coinbase Global, Inc._Earnings Call_2022-05-10T00_00_00_English.docx","Coinbase/Coinbase Global, Inc._Earnings Call_2022-05-10T00_00_00_English.docx",2022-05-10,2022,2022-06-14,-35,2022,FQ1,FQ1 2022 Earnings Call,1,Coinbase,1100.0,SF Bay Area,https://www.cnbc.com/2022/06/14/coinbase-lays-off-18percent-as-execs-prepare-for-recession-crypto-winter.html,3,largest_valid_total_laid_off_on_a_SINGLE_eligible_event_row_with_event_date_2021-01-01_to_2024-12-31_no_aggregation,pre_1,0,
Coinbase,Coinbase,"Coinbase Global, Inc.","Coinbase Global, Inc._Earnings Call_2022-08-09T00_00_00_English.docx","Coinbase/Coinbase Global, Inc._Earnings Call_2022-08-09T00_00_00_English.docx",2022-08-09,2022,2022-06-14,56,2022,FQ2,FQ2 2022 Earnings Call,1,Coinbase,1100.0,SF Bay Area,https://www.cnbc.com/2022/06/14/coinbase-lays-off-18percent-as-execs-prepare-for-recession-crypto-winter.html,3,largest_valid_total_laid_off_on_a_SINGLE_eligible_event_row_with_event_date_2021-01-01_to_2024-12-31_no_aggregation,post_1,0,
Coinbase,Coinbase,"Coinbase Global, Inc.","Coinbase Global, Inc._Earnings Call_2022-11-03T00_00_00_English.docx","Coinbase/Coinbase Global, Inc._Earnings Call_2022-11-03T00_00_00_English.docx",2022-11-03,2022,2022-06-14,142,2022,FQ3,FQ3 2022 Earnings Call,1,Coinbase,1100.0,SF Bay Area,https://www.cnbc.com/2022/06/14/coinbase-lays-off-18percent-as-execs-prepare-for-recession-crypto-winter.html,3,largest_valid_total_laid_off_on_a_SINGLE_eligible_event_row_with_event_date_2021-01-01_to_2024-12-31_no_aggregation,post_2,0,
Coinbase,Coinbase,"Coinbase Global, Inc.","Coinbase Global, Inc._Earnings Call_2023-02-21T00_00_00_English.docx","Coinbase/Coinbase Global, Inc._Earnings Call_2023-02-21T00_00_00_English.docx",2023-02-21,2023,2022-06-14,252,2022,FQ4,FQ4 2022 Earnings Call,1,Coinbase,1100.0,SF Bay Area,https://www.cnbc.com/2022/06/14/coinbase-lays-off-18percent-as-execs-prepare-for-recession-crypto-winter.html,3,largest_valid_total_laid_off_on_a_SINGLE_eligible_event_row_with_event_date_2021-01-01_to_2024-12-31_no_aggregation,non_event,0,
Coinbase,Coinbase,"Coinbase Global, Inc.","Coinbase Global, Inc._Earnings Call_2023-05-04T00_00_00_English.docx","Coinbase/Coinbase Global, Inc._Earnings Call_2023-05-04T00_00_00_English.docx",2023-05-04,2023,2022-06-14,324,2023,FQ1,FQ1 2023 Earnings Call,1,Coinbase,1100.0,SF Bay Area,https://www.cnbc.com/2022/06/14/coinbase-lays-off-18percent-as-execs-prepare-for-recession-crypto-winter.html,3,largest_valid_total_laid_off_on_a_SINGLE_eligible_event_row_with_event_date_2021-01-01_to_2024-12-31_no_aggregation,non_event,0,
Coinbase,Coinbase,"Coinbase Global, Inc.","Coinbase Global, Inc._Earnings Call_2023-08-03T00_00_00_English.docx","Coinbase/Coinbase Global, Inc._Earnings Call_2023-08-03T00_00_00_English.docx",2023-08-03,2023,2022-06-14,415,2023,FQ2,FQ2 2023 Earnings Call,1,Coinbase,1100.0,SF Bay Area,https://www.cnbc.com/2022/06/14/coinbase-lays-off-18percent-as-execs-prepare-for-recession-crypto-winter.html,3,largest_valid_total_laid_off_on_a_SINGLE_eligible_event_row_with_event_date_2021-01-01_to_2024-12-31_no_aggregation,non_event,0,
Coinbase,Coinbase,"Coinbase Global, Inc.","Coinbase Global, Inc._Earnings Call_2023-11-02T00_00_00_English.docx","Coinbase/Coinbase Global, Inc._Earnings Call_2023-11-02T00_00_00_English.docx",2023-11-02,2023,2022-06-14,506,2023,FQ3,FQ3 2023 Earnings Call,1,Coinbase,1100.0,SF Bay Area,https://www.cnbc.com/2022/06/14/coinbase-lays-off-18percent-as-execs-prepare-for-recession-crypto-winter.html,3,largest_valid_total_laid_off_on_a_SINGLE_eligible_event_row_with_event_date_2021-01-01_to_2024-12-31_no_aggregation,non_event,0,
Coinbase,Coinbase,"Coinbase Global, Inc.","Coinbase Global, Inc._Earnings Call_2024-02-15T00_00_00_English.docx","Coinbase/Coinbase Global, Inc._Earnings Call_2024-02-15T00_00_00_English.docx",2024-02-15,2024,2022-06-14,611,2023,FQ4,FQ4 2023 Earnings Call,1,Coinbase,1100.0,SF Bay Area,https://www.cnbc.com/2022/06/14/coinbase-lays-off-18percent-as-execs-prepare-for-recession-crypto-winter.html,3,largest_valid_total_laid_off_on_a_SINGLE_eligible_event_row_with_event_date_2021-01-01_to_2024-12-31_no_aggregation,non_event,0,
Coinbase,Coinbase,"Coinbase Global, Inc.","Coinbase Global, Inc._Earnings Call_2024-05-02T00_00_00_English.docx","Coinbase/Coinbase Global, Inc._Earnings Call_2024-05-02T00_00_00_English.docx",2024-05-02,2024,2022-06-14,688,2024,FQ1,FQ1 2024 Earnings Call,1,Coinbase,1100.0,SF Bay Area,https://www.cnbc.com/2022/06/14/coinbase-lays-off-18percent-as-execs-prepare-for-recession-crypto-winter.html,3,largest_valid_total_laid_off_on_a_SINGLE_eligible_event_row_with_event_date_2021-01-01_to_2024-12-31_no_aggregation,non_event,0,
Coinbase,Coinbase,"Coinbase Global, Inc.","Coinbase Global, Inc._Earnings Call_2024-08-01T00_00_00_English.docx","Coinbase/Coinbase Global, Inc._Earnings Call_2024-08-01T00_00_00_English.docx",2024-08-01,2024,2022-06-14,779,2024,FQ2,FQ2 2024 Earnings Call,1,Coinbase,1100.0,SF Bay Area,https://www.cnbc.com/2022/06/14/coinbase-lays-off-18percent-as-execs-prepare-for-recession-crypto-winter.html,3,largest_valid_total_laid_off_on_a_SINGLE_eligible_event_row_with_event_date_2021-01-01_to_2024-12-31_no_aggregation,non_event,0,
Coinbase,Coinbase,"Coinbase Global, Inc.","Coinbase Global, Inc._Earnings Call_2024-10-30T00_00_00_English.docx","Coinbase/Coinbase Global, Inc._Earnings Call_2024-10-30T00_00_00_English.docx",2024-10-30,2024,2022-06-14,869,2024,FQ3,FQ3 2024 Earnings Call,1,Coinbase,1100.0,SF Bay Area,https://www.cnbc.com/2022/06/14/coinbase-lays-off-18percent-as-execs-prepare-for-recession-crypto-winter.html,3,largest_valid_total_laid_off_on_a_SINGLE_eligible_event_row_with_event_date_2021-01-01_to_2024-12-31_no_aggregation,non_event,0,
Coinbase,Coinbase,"Coinbase Global, Inc.","Coinbase Global, Inc._Earnings Call_2025-02-13T00_00_00_English.docx","Coinbase/Coinbase Global, Inc._Earnings Call_2025-02-13T00_00_00_English.docx",2025-02-13,2025,2022-06-14,975,2024,FQ4,FQ4 2024 Earnings Call,1,Coinbase,1100.0,SF Bay Area,https://www.cnbc.com/2022/06/14/coinbase-lays-off-18percent-as-execs-prepare-for-recession-crypto-winter.html,3,largest_valid_total_laid_off_on_a_SINGLE_eligible_event_row_with_event_date_2021-01-01_to_2024-12-31_no_aggregation,non_event,0,
Dell,Dell,Dell Technologies Inc.,Dell Technologies Inc._Earnings Call_2020-05-28T00_00_00_English.docx,dell/Dell Technologies Inc._Earnings Call_2020-05-28T00_00_00_English.docx,2020-05-28,2020,2023-02-06,-984,2021,FQ1,FQ1 2021 Earnings Call,1,Dell,6650.0,Austin,https://www.bloomberg.com/news/articles/2023-02-06/dell-dell-lays-off-about-6-650-employees-in-latest-tech-cuts#xj4y7vzkg,4,largest_valid_total_laid_off_on_a_SINGLE_eligible_event_row_with_event_date_2021-01-01_to_2024-12-31_no_aggregation,non_event,0,
Dell,Dell,Dell Technologies Inc.,Dell Technologies Inc._Earnings Call_2020-08-27T00_00_00_English.docx,dell/Dell Technologies Inc._Earnings Call_2020-08-27T00_00_00_English.docx,2020-08-27,2020,2023-02-06,-893,2021,FQ2,FQ2 2021 Earnings Call Transcripts,1,Dell,6650.0,Austin,https://www.bloomberg.com/news/articles/2023-02-06/dell-dell-lays-off-about-6-650-employees-in-latest-tech-cuts#xj4y7vzkg,4,largest_valid_total_laid_off_on_a_SINGLE_eligible_event_row_with_event_date_2021-01-01_to_2024-12-31_no_aggregation,non_event,0,
Dell,Dell,Dell Technologies Inc.,Dell Technologies Inc._Earnings Call_2020-11-24T00_00_00_English.docx,dell/Dell Technologies Inc._Earnings Call_2020-11-24T00_00_00_English.docx,2020-11-24,2020,2023-02-06,-804,2021,FQ3,FQ3 2021 Earnings Call Transcripts,1,Dell,6650.0,Austin,https://www.bloomberg.com/news/articles/2023-02-06/dell-dell-lays-off-about-6-650-employees-in-latest-tech-cuts#xj4y7vzkg,4,largest_valid_total_laid_off_on_a_SINGLE_eligible_event_row_with_event_date_2021-01-01_to_2024-12-31_no_aggregation,non_event,0,
Dell,Dell,Dell Technologies Inc.,Dell Technologies Inc._Earnings Call_2021-02-25T00_00_00_English.docx,dell/Dell Technologies Inc._Earnings Call_2021-02-25T00_00_00_English.docx,2021-02-25,2021,2023-02-06,-711,2021,FQ4,FQ4 2021 Earnings Call,1,Dell,6650.0,Austin,https://www.bloomberg.com/news/articles/2023-02-06/dell-dell-lays-off-about-6-650-employees-in-latest-tech-cuts#xj4y7vzkg,4,largest_valid_total_laid_off_on_a_SINGLE_eligible_event_row_with_event_date_2021-01-01_to_2024-12-31_no_aggregation,non_event,0,
Dell,Dell,Dell Technologies Inc.,Dell Technologies Inc._Earnings Call_2021-05-27T00_00_00_English.docx,dell/Dell Technologies Inc._Earnings Call_2021-05-27T00_00_00_English.docx,2021-05-27,2021,2023-02-06,-620,2022,FQ1,FQ1 2022 Earnings Call,1,Dell,6650.0,Austin,https://www.bloomberg.com/news/articles/2023-02-06/dell-dell-lays-off-about-6-650-employees-in-latest-tech-cuts#xj4y7vzkg,4,largest_valid_total_laid_off_on_a_SINGLE_eligible_event_row_with_event_date_2021-01-01_to_2024-12-31_no_aggregation,non_event,0,
Dell,Dell,Dell Technologies Inc.,Dell Technologies Inc._Earnings Call_2021-08-26T00_00_00_English.docx,dell/Dell Technologies Inc._Earnings Call_2021-08-26T00_00_00_English.docx,2021-08-26,2021,2023-02-06,-529,2022,FQ2,FQ2 2022 Earnings Call Transcripts,1,Dell,6650.0,Austin,https://www.bloomberg.com/news/articles/2023-02-06/dell-dell-lays-off-about-6-650-employees-in-latest-tech-cuts#xj4y7vzkg,4,largest_valid_total_laid_off_on_a_SINGLE_eligible_event_row_with_event_date_2021-01-01_to_2024-12-31_no_aggregation,non_event,0,
Dell,Dell,Dell Technologies Inc.,Dell Technologies Inc._Earnings Call_2021-11-23T00_00_00_English.docx,dell/Dell Technologies Inc._Earnings Call_2021-11-23T00_00_00_English.docx,2021-11-23,2021,2023-02-06,-440,2022,FQ3,FQ3 2022 Earnings Call Transcripts,1,Dell,6650.0,Austin,https://www.bloomberg.com/news/articles/2023-02-06/dell-dell-lays-off-about-6-650-employees-in-latest-tech-cuts#xj4y7vzkg,4,largest_valid_total_laid_off_on_a_SINGLE_eligible_event_row_with_event_date_2021-01-01_to_2024-12-31_no_aggregation,non_event,0,
Dell,Dell,Dell Technologies Inc.,Dell Technologies Inc._Earnings Call_2022-02-24T00_00_00_English.docx,dell/Dell Technologies Inc._Earnings Call_2022-02-24T00_00_00_English.docx,2022-02-24,2022,2023-02-06,-347,2022,FQ4,FQ4 2022 Earnings Call,1,Dell,6650.0,Austin,https://www.bloomberg.com/news/articles/2023-02-06/dell-dell-lays-off-about-6-650-employees-in-latest-tech-cuts#xj4y7vzkg,4,largest_valid_total_laid_off_on_a_SINGLE_eligible_event_row_with_event_date_2021-01-01_to_2024-12-31_no_aggregation,non_event,0,
Dell,Dell,Dell Technologies Inc.,Dell Technologies Inc._Earnings Call_2022-05-26T00_00_00_English.docx,dell/Dell Technologies Inc._Earnings Call_2022-05-26T00_00_00_English.docx,2022-05-26,2022,2023-02-06,-256,2023,FQ1,FQ1 2023 Earnings Call,1,Dell,6650.0,Austin,https://www.bloomberg.com/news/articles/2023-02-06/dell-dell-lays-off-about-6-650-employees-in-latest-tech-cuts#xj4y7vzkg,4,largest_valid_total_laid_off_on_a_SINGLE_eligible_event_row_with_event_date_2021-01-01_to_2024-12-31_no_aggregation,non_event,0,
Dell,Dell,Dell Technologies Inc.,Dell Technologies Inc._Earnings Call_2022-08-25T00_00_00_English.docx,dell/Dell Technologies Inc._Earnings Call_2022-08-25T00_00_00_English.docx,2022-08-25,2022,2023-02-06,-165,2023,FQ2,FQ2 2023 Earnings Call,1,Dell,6650.0,Austin,https://www.bloomberg.com/news/articles/2023-02-06/dell-dell-lays-off-about-6-650-employees-in-latest-tech-cuts#xj4y7vzkg,4,largest_valid_total_laid_off_on_a_SINGLE_eligible_event_row_with_event_date_2021-01-01_to_2024-12-31_no_aggregation,pre_2,0,
Dell,Dell,Dell Technologies Inc.,Dell Technologies Inc._Earnings Call_2022-11-21T00_00_00_English.docx,dell/Dell Technologies Inc._Earnings Call_2022-11-21T00_00_00_English.docx,2022-11-21,2022,2023-02-06,-77,2023,FQ3,FQ3 2023 Earnings Call Transcripts,1,Dell,6650.0,Austin,https://www.bloomberg.com/news/articles/2023-02-06/dell-dell-lays-off-about-6-650-employees-in-latest-tech-cuts#xj4y7vzkg,4,largest_valid_total_laid_off_on_a_SINGLE_eligible_event_row_with_event_date_2021-01-01_to_2024-12-31_no_aggregation,pre_1,0,
Dell,Dell,Dell Technologies Inc.,Dell Technologies Inc._Earnings Call_2023-03-02T00_00_00_English.docx,dell/Dell Technologies Inc._Earnings Call_2023-03-02T00_00_00_English.docx,2023-03-02,2023,2023-02-06,24,2023,FQ4,FQ4 2023 Earnings Call,1,Dell,6650.0,Austin,https://www.bloomberg.com/news/articles/2023-02-06/dell-dell-lays-off-about-6-650-employees-in-latest-tech-cuts#xj4y7vzkg,4,largest_valid_total_laid_off_on_a_SINGLE_eligible_event_row_with_event_date_2021-01-01_to_2024-12-31_no_aggregation,post_1,0,
Dell,Dell,Dell Technologies Inc.,Dell Technologies Inc._Earnings Call_2023-06-01T00_00_00_English.docx,dell/Dell Technologies Inc._Earnings Call_2023-06-01T00_00_00_English.docx,2023-06-01,2023,2023-02-06,115,2024,FQ1,FQ1 2024 Earnings Call,1,Dell,6650.0,Austin,https://www.bloomberg.com/news/articles/2023-02-06/dell-dell-lays-off-about-6-650-employees-in-latest-tech-cuts#xj4y7vzkg,4,largest_valid_total_laid_off_on_a_SINGLE_eligible_event_row_with_event_date_2021-01-01_to_2024-12-31_no_aggregation,post_2,0,
Dell,Dell,Dell Technologies Inc.,Dell Technologies Inc._Earnings Call_2023-08-31T00_00_00_English.docx,dell/Dell Technologies Inc._Earnings Call_2023-08-31T00_00_00_English.docx,2023-08-31,2023,2023-02-06,206,2024,FQ2,FQ2 2024 Earnings Call Transcripts,1,Dell,6650.0,Austin,https://www.bloomberg.com/news/articles/2023-02-06/dell-dell-lays-off-about-6-650-employees-in-latest-tech-cuts#xj4y7vzkg,4,largest_valid_total_laid_off_on_a_SINGLE_eligible_event_row_with_event_date_2021-01-01_to_2024-12-31_no_aggregation,non_event,0,
Dell,Dell,Dell Technologies Inc.,Dell Technologies Inc._Earnings Call_2023-11-30T00_00_00_English.docx,dell/Dell Technologies Inc._Earnings Call_2023-11-30T00_00_00_English.docx,2023-11-30,2023,2023-02-06,297,2024,FQ3,FQ3 2024 Earnings Call Transcripts,1,Dell,6650.0,Austin,https://www.bloomberg.com/news/articles/2023-02-06/dell-dell-lays-off-about-6-650-employees-in-latest-tech-cuts#xj4y7vzkg,4,largest_valid_total_laid_off_on_a_SINGLE_eligible_event_row_with_event_date_2021-01-01_to_2024-12-31_no_aggregation,non_event,0,
Dell,Dell,Dell Technologies Inc.,Dell Technologies Inc._Earnings Call_2024-02-29T00_00_00_English.docx,dell/Dell Technologies Inc._Earnings Call_2024-02-29T00_00_00_English.docx,2024-02-29,2024,2023-02-06,388,2024,FQ4,FQ4 2024 Earnings Call,1,Dell,6650.0,Austin,https://www.bloomberg.com/news/articles/2023-02-06/dell-dell-lays-off-about-6-650-employees-in-latest-tech-cuts#xj4y7vzkg,4,largest_valid_total_laid_off_on_a_SINGLE_eligible_event_row_with_event_date_2021-01-01_to_2024-12-31_no_aggregation,non_event,0,
DocuSign,DocuSign,"DocuSign, Inc.","DocuSign, Inc._Earnings Call_2020-06-04T00_00_00_English.docx","DocuSign/DocuSign, Inc._Earnings Call_2020-06-04T00_00_00_English.docx",2020-06-04,2020,2023-02-16,-987,2021,FQ1,FQ1 2021 Earnings Call,1,DocuSign,680.0,SF Bay Area,https://www.cnbc.com/2023/02/16/docusign-layoffs-company-to-cut-10percent-of-workforce.html,3,largest_valid_total_laid_off_on_a_SINGLE_eligible_event_row_with_event_date_2021-01-01_to_2024-12-31_no_aggregation,non_event,0,
DocuSign,DocuSign,"DocuSign, Inc.","DocuSign, Inc._Earnings Call_2020-09-03T00_00_00_English.docx","DocuSign/DocuSign, Inc._Earnings Call_2020-09-03T00_00_00_English.docx",2020-09-03,2020,2023-02-16,-896,2021,FQ2,FQ2 2021 Earnings Call Transcripts,1,DocuSign,680.0,SF Bay Area,https://www.cnbc.com/2023/02/16/docusign-layoffs-company-to-cut-10percent-of-workforce.html,3,largest_valid_total_laid_off_on_a_SINGLE_eligible_event_row_with_event_date_2021-01-01_to_2024-12-31_no_aggregation,non_event,0,
DocuSign,DocuSign,"DocuSign, Inc.","DocuSign, Inc._Earnings Call_2020-12-03T00_00_00_English.docx","DocuSign/DocuSign, Inc._Earnings Call_2020-12-03T00_00_00_English.docx",2020-12-03,2020,2023-02-16,-805,2021,FQ3,FQ3 2021 Earnings Call Transcripts,1,DocuSign,680.0,SF Bay Area,https://www.cnbc.com/2023/02/16/docusign-layoffs-company-to-cut-10percent-of-workforce.html,3,largest_valid_total_laid_off_on_a_SINGLE_eligible_event_row_with_event_date_2021-01-01_to_2024-12-31_no_aggregation,non_event,0,
DocuSign,DocuSign,"DocuSign, Inc.","DocuSign, Inc._Earnings Call_2021-03-11T00_00_00_English.docx","DocuSign/DocuSign, Inc._Earnings Call_2021-03-11T00_00_00_English.docx",2021-03-11,2021,2023-02-16,-707,2021,FQ4,FQ4 2021 Earnings Call,1,DocuSign,680.0,SF Bay Area,https://www.cnbc.com/2023/02/16/docusign-layoffs-company-to-cut-10percent-of-workforce.html,3,largest_valid_total_laid_off_on_a_SINGLE_eligible_event_row_with_event_date_2021-01-01_to_2024-12-31_no_aggregation,non_event,0,
DocuSign,DocuSign,"DocuSign, Inc.","DocuSign, Inc._Earnings Call_2021-06-03T00_00_00_English.docx","DocuSign/DocuSign, Inc._Earnings Call_2021-06-03T00_00_00_English.docx",2021-06-03,2021,2023-02-16,-623,2022,FQ1,FQ1 2022 Earnings Call,1,DocuSign,680.0,SF Bay Area,https://www.cnbc.com/2023/02/16/docusign-layoffs-company-to-cut-10percent-of-workforce.html,3,largest_valid_total_laid_off_on_a_SINGLE_eligible_event_row_with_event_date_2021-01-01_to_2024-12-31_no_aggregation,non_event,0,
DocuSign,DocuSign,"DocuSign, Inc.","DocuSign, Inc._Earnings Call_2021-09-02T00_00_00_English.docx","DocuSign/DocuSign, Inc._Earnings Call_2021-09-02T00_00_00_English.docx",2021-09-02,2021,2023-02-16,-532,2022,FQ2,FQ2 2022 Earnings Call Transcripts,1,DocuSign,680.0,SF Bay Area,https://www.cnbc.com/2023/02/16/docusign-layoffs-company-to-cut-10percent-of-workforce.html,3,largest_valid_total_laid_off_on_a_SINGLE_eligible_event_row_with_event_date_2021-01-01_to_2024-12-31_no_aggregation,non_event,0,
DocuSign,DocuSign,"DocuSign, Inc.","DocuSign, Inc._Earnings Call_2021-12-02T00_00_00_English.docx","DocuSign/DocuSign, Inc._Earnings Call_2021-12-02T00_00_00_English.docx",2021-12-02,2021,2023-02-16,-441,2022,FQ3,FQ3 2022 Earnings Call Transcripts,1,DocuSign,680.0,SF Bay Area,https://www.cnbc.com/2023/02/16/docusign-layoffs-company-to-cut-10percent-of-workforce.html,3,largest_valid_total_laid_off_on_a_SINGLE_eligible_event_row_with_event_date_2021-01-01_to_2024-12-31_no_aggregation,non_event,0,
DocuSign,DocuSign,"DocuSign, Inc.","DocuSign, Inc._Earnings Call_2022-03-10T00_00_00_English.docx","DocuSign/DocuSign, Inc._Earnings Call_2022-03-10T00_00_00_English.docx",2022-03-10,2022,2023-02-16,-343,2022,FQ4,FQ4 2022 Earnings Call,1,DocuSign,680.0,SF Bay Area,https://www.cnbc.com/2023/02/16/docusign-layoffs-company-to-cut-10percent-of-workforce.html,3,largest_valid_total_laid_off_on_a_SINGLE_eligible_event_row_with_event_date_2021-01-01_to_2024-12-31_no_aggregation,non_event,0,
DocuSign,DocuSign,"DocuSign, Inc.","DocuSign, Inc._Earnings Call_2022-06-09T00_00_00_English.docx","DocuSign/DocuSign, Inc._Earnings Call_2022-06-09T00_00_00_English.docx",2022-06-09,2022,2023-02-16,-252,2023,FQ1,FQ1 2023 Earnings Call,1,DocuSign,680.0,SF Bay Area,https://www.cnbc.com/2023/02/16/docusign-layoffs-company-to-cut-10percent-of-workforce.html,3,largest_valid_total_laid_off_on_a_SINGLE_eligible_event_row_with_event_date_2021-01-01_to_2024-12-31_no_aggregation,non_event,0,
DocuSign,DocuSign,"DocuSign, Inc.","DocuSign, Inc._Earnings Call_2022-09-08T00_00_00_English.docx","DocuSign/DocuSign, Inc._Earnings Call_2022-09-08T00_00_00_English.docx",2022-09-08,2022,2023-02-16,-161,2023,FQ2,FQ2 2023 Earnings Call Transcripts,1,DocuSign,680.0,SF Bay Area,https://www.cnbc.com/2023/02/16/docusign-layoffs-company-to-cut-10percent-of-workforce.html,3,largest_valid_total_laid_off_on_a_SINGLE_eligible_event_row_with_event_date_2021-01-01_to_2024-12-31_no_aggregation,pre_2,0,
DocuSign,DocuSign,"DocuSign, Inc.","DocuSign, Inc._Earnings Call_2022-12-08T00_00_00_English.docx","DocuSign/DocuSign, Inc._Earnings Call_2022-12-08T00_00_00_English.docx",2022-12-08,2022,2023-02-16,-70,2023,FQ3,FQ3 2023 Earnings Call Transcripts,1,DocuSign,680.0,SF Bay Area,https://www.cnbc.com/2023/02/16/docusign-layoffs-company-to-cut-10percent-of-workforce.html,3,largest_valid_total_laid_off_on_a_SINGLE_eligible_event_row_with_event_date_2021-01-01_to_2024-12-31_no_aggregation,pre_1,0,
DocuSign,DocuSign,"DocuSign, Inc.","DocuSign, Inc._Earnings Call_2023-03-09T00_00_00_English.docx","DocuSign/DocuSign, Inc._Earnings Call_2023-03-09T00_00_00_English.docx",2023-03-09,2023,2023-02-16,21,2023,FQ4,FQ4 2023 Earnings Call,1,DocuSign,680.0,SF Bay Area,https://www.cnbc.com/2023/02/16/docusign-layoffs-company-to-cut-10percent-of-workforce.html,3,largest_valid_total_laid_off_on_a_SINGLE_eligible_event_row_with_event_date_2021-01-01_to_2024-12-31_no_aggregation,post_1,0,
DocuSign,DocuSign,"DocuSign, Inc.","DocuSign, Inc._Earnings Call_2023-06-08T00_00_00_English.docx","DocuSign/DocuSign, Inc._Earnings Call_2023-06-08T00_00_00_English.docx",2023-06-08,2023,2023-02-16,112,2024,FQ1,FQ1 2024 Earnings Call,1,DocuSign,680.0,SF Bay Area,https://www.cnbc.com/2023/02/16/docusign-layoffs-company-to-cut-10percent-of-workforce.html,3,largest_valid_total_laid_off_on_a_SINGLE_eligible_event_row_with_event_date_2021-01-01_to_2024-12-31_no_aggregation,post_2,0,
DocuSign,DocuSign,"DocuSign, Inc.","DocuSign, Inc._Earnings Call_2023-09-07T00_00_00_English.docx","DocuSign/DocuSign, Inc._Earnings Call_2023-09-07T00_00_00_English.docx",2023-09-07,2023,2023-02-16,203,2024,FQ2,FQ2 2024 Earnings Call Transcripts,1,DocuSign,680.0,SF Bay Area,https://www.cnbc.com/2023/02/16/docusign-layoffs-company-to-cut-10percent-of-workforce.html,3,largest_valid_total_laid_off_on_a_SINGLE_eligible_event_row_with_event_date_2021-01-01_to_2024-12-31_no_aggregation,non_event,0,
DocuSign,DocuSign,"DocuSign, Inc.","DocuSign, Inc._Earnings Call_2023-12-07T00_00_00_English.docx","DocuSign/DocuSign, Inc._Earnings Call_2023-12-07T00_00_00_English.docx",2023-12-07,2023,2023-02-16,294,2024,FQ3,FQ3 2024 Earnings Call Transcripts,1,DocuSign,680.0,SF Bay Area,https://www.cnbc.com/2023/02/16/docusign-layoffs-company-to-cut-10percent-of-workforce.html,3,largest_valid_total_laid_off_on_a_SINGLE_eligible_event_row_with_event_date_2021-01-01_to_2024-12-31_no_aggregation,non_event,0,
DocuSign,DocuSign,"DocuSign, Inc.","DocuSign, Inc._Earnings Call_2024-03-07T00_00_00_English.docx","DocuSign/DocuSign, Inc._Earnings Call_2024-03-07T00_00_00_English.docx",2024-03-07,2024,2023-02-16,385,2024,FQ4,FQ4 2024 Earnings Call,1,DocuSign,680.0,SF Bay Area,https://www.cnbc.com/2023/02/16/docusign-layoffs-company-to-cut-10percent-of-workforce.html,3,largest_valid_total_laid_off_on_a_SINGLE_eligible_event_row_with_event_date_2021-01-01_to_2024-12-31_no_aggregation,non_event,0,
DoorDash,DoorDash,"DoorDash, Inc.","DoorDash, Inc._Earnings Call_2021-05-13T00_00_00_English.docx","DoorDash/DoorDash, Inc._Earnings Call_2021-05-13T00_00_00_English.docx",2021-05-13,2021,2022-11-30,-566,2021,FQ1,FQ1 2021 Earnings Call,1,DoorDash,1250.0,SF Bay Area,https://www.reuters.com/business/retail-consumer/doordash-cuts-1250-jobs-an-effort-rein-expenses-2022-11-30/,1,largest_valid_total_laid_off_on_a_SINGLE_eligible_event_row_with_event_date_2021-01-01_to_2024-12-31_no_aggregation,non_event,0,
DoorDash,DoorDash,"DoorDash, Inc.","DoorDash, Inc._Earnings Call_2021-08-12T00_00_00_English.docx","DoorDash/DoorDash, Inc._Earnings Call_2021-08-12T00_00_00_English.docx",2021-08-12,2021,2022-11-30,-475,2021,FQ2,FQ2 2021 Earnings Call,1,DoorDash,1250.0,SF Bay Area,https://www.reuters.com/business/retail-consumer/doordash-cuts-1250-jobs-an-effort-rein-expenses-2022-11-30/,1,largest_valid_total_laid_off_on_a_SINGLE_eligible_event_row_with_event_date_2021-01-01_to_2024-12-31_no_aggregation,non_event,0,
DoorDash,DoorDash,"DoorDash, Inc.","DoorDash, Inc._Earnings Call_2021-11-09T00_00_00_English.docx","DoorDash/DoorDash, Inc._Earnings Call_2021-11-09T00_00_00_English.docx",2021-11-09,2021,2022-11-30,-386,2021,FQ3,FQ3 2021 Earnings Call,1,DoorDash,1250.0,SF Bay Area,https://www.reuters.com/business/retail-consumer/doordash-cuts-1250-jobs-an-effort-rein-expenses-2022-11-30/,1,largest_valid_total_laid_off_on_a_SINGLE_eligible_event_row_with_event_date_2021-01-01_to_2024-12-31_no_aggregation,non_event,0,
DoorDash,DoorDash,"DoorDash, Inc.","DoorDash, Inc._Earnings Call_2022-02-16T00_00_00_English.docx","DoorDash/DoorDash, Inc._Earnings Call_2022-02-16T00_00_00_English.docx",2022-02-16,2022,2022-11-30,-287,2021,FQ4,FQ4 2021 Earnings Call,1,DoorDash,1250.0,SF Bay Area,https://www.reuters.com/business/retail-consumer/doordash-cuts-1250-jobs-an-effort-rein-expenses-2022-11-30/,1,largest_valid_total_laid_off_on_a_SINGLE_eligible_event_row_with_event_date_2021-01-01_to_2024-12-31_no_aggregation,non_event,0,
DoorDash,DoorDash,"DoorDash, Inc.","DoorDash, Inc._Earnings Call_2022-05-05T00_00_00_English.docx","DoorDash/DoorDash, Inc._Earnings Call_2022-05-05T00_00_00_English.docx",2022-05-05,2022,2022-11-30,-209,2022,FQ1,FQ1 2022 Earnings Call,1,DoorDash,1250.0,SF Bay Area,https://www.reuters.com/business/retail-consumer/doordash-cuts-1250-jobs-an-effort-rein-expenses-2022-11-30/,1,largest_valid_total_laid_off_on_a_SINGLE_eligible_event_row_with_event_date_2021-01-01_to_2024-12-31_no_aggregation,non_event,0,
DoorDash,DoorDash,"DoorDash, Inc.","DoorDash, Inc._Earnings Call_2022-08-04T00_00_00_English.docx","DoorDash/DoorDash, Inc._Earnings Call_2022-08-04T00_00_00_English.docx",2022-08-04,2022,2022-11-30,-118,2022,FQ2,FQ2 2022 Earnings Call,1,DoorDash,1250.0,SF Bay Area,https://www.reuters.com/business/retail-consumer/doordash-cuts-1250-jobs-an-effort-rein-expenses-2022-11-30/,1,largest_valid_total_laid_off_on_a_SINGLE_eligible_event_row_with_event_date_2021-01-01_to_2024-12-31_no_aggregation,pre_2,0,
DoorDash,DoorDash,"DoorDash, Inc.","DoorDash, Inc._Earnings Call_2022-11-03T00_00_00_English.docx","DoorDash/DoorDash, Inc._Earnings Call_2022-11-03T00_00_00_English.docx",2022-11-03,2022,2022-11-30,-27,2022,FQ3,FQ3 2022 Earnings Call,1,DoorDash,1250.0,SF Bay Area,https://www.reuters.com/business/retail-consumer/doordash-cuts-1250-jobs-an-effort-rein-expenses-2022-11-30/,1,largest_valid_total_laid_off_on_a_SINGLE_eligible_event_row_with_event_date_2021-01-01_to_2024-12-31_no_aggregation,pre_1,0,
DoorDash,DoorDash,"DoorDash, Inc.","DoorDash, Inc._Earnings Call_2023-02-16T00_00_00_English.docx","DoorDash/DoorDash, Inc._Earnings Call_2023-02-16T00_00_00_English.docx",2023-02-16,2023,2022-11-30,78,2022,FQ4,FQ4 2022 Earnings Call,1,DoorDash,1250.0,SF Bay Area,https://www.reuters.com/business/retail-consumer/doordash-cuts-1250-jobs-an-effort-rein-expenses-2022-11-30/,1,largest_valid_total_laid_off_on_a_SINGLE_eligible_event_row_with_event_date_2021-01-01_to_2024-12-31_no_aggregation,post_1,0,
DoorDash,DoorDash,"DoorDash, Inc.","DoorDash, Inc._Earnings Call_2023-05-04T00_00_00_English.docx","DoorDash/DoorDash, Inc._Earnings Call_2023-05-04T00_00_00_English.docx",2023-05-04,2023,2022-11-30,155,2023,FQ1,FQ1 2023 Earnings Call,1,DoorDash,1250.0,SF Bay Area,https://www.reuters.com/business/retail-consumer/doordash-cuts-1250-jobs-an-effort-rein-expenses-2022-11-30/,1,largest_valid_total_laid_off_on_a_SINGLE_eligible_event_row_with_event_date_2021-01-01_to_2024-12-31_no_aggregation,post_2,0,
DoorDash,DoorDash,"DoorDash, Inc.","DoorDash, Inc._Earnings Call_2023-08-02T00_00_00_English.docx","DoorDash/DoorDash, Inc._Earnings Call_2023-08-02T00_00_00_English.docx",2023-08-02,2023,2022-11-30,245,2023,FQ2,FQ2 2023 Earnings Call,1,DoorDash,1250.0,SF Bay Area,https://www.reuters.com/business/retail-consumer/doordash-cuts-1250-jobs-an-effort-rein-expenses-2022-11-30/,1,largest_valid_total_laid_off_on_a_SINGLE_eligible_event_row_with_event_date_2021-01-01_to_2024-12-31_no_aggregation,non_event,0,
DoorDash,DoorDash,"DoorDash, Inc.","DoorDash, Inc._Earnings Call_2023-11-01T00_00_00_English.docx","DoorDash/DoorDash, Inc._Earnings Call_2023-11-01T00_00_00_English.docx",2023-11-01,2023,2022-11-30,336,2023,FQ3,FQ3 2023 Earnings Call Transcripts,1,DoorDash,1250.0,SF Bay Area,https://www.reuters.com/business/retail-consumer/doordash-cuts-1250-jobs-an-effort-rein-expenses-2022-11-30/,1,largest_valid_total_laid_off_on_a_SINGLE_eligible_event_row_with_event_date_2021-01-01_to_2024-12-31_no_aggregation,non_event,0,
DoorDash,DoorDash,"DoorDash, Inc.","DoorDash, Inc._Earnings Call_2024-02-15T00_00_00_English.docx","DoorDash/DoorDash, Inc._Earnings Call_2024-02-15T00_00_00_English.docx",2024-02-15,2024,2022-11-30,442,2023,FQ4,FQ4 2023 Earnings Call,1,DoorDash,1250.0,SF Bay Area,https://www.reuters.com/business/retail-consumer/doordash-cuts-1250-jobs-an-effort-rein-expenses-2022-11-30/,1,largest_valid_total_laid_off_on_a_SINGLE_eligible_event_row_with_event_date_2021-01-01_to_2024-12-31_no_aggregation,non_event,0,
DoorDash,DoorDash,"DoorDash, Inc.","DoorDash, Inc._Earnings Call_2024-05-01T00_00_00_English.docx","DoorDash/DoorDash, Inc._Earnings Call_2024-05-01T00_00_00_English.docx",2024-05-01,2024,2022-11-30,518,2024,FQ1,FQ1 2024 Earnings Call,1,DoorDash,1250.0,SF Bay Area,https://www.reuters.com/business/retail-consumer/doordash-cuts-1250-jobs-an-effort-rein-expenses-2022-11-30/,1,largest_valid_total_laid_off_on_a_SINGLE_eligible_event_row_with_event_date_2021-01-01_to_2024-12-31_no_aggregation,non_event,0,
DoorDash,DoorDash,"DoorDash, Inc.","DoorDash, Inc._Earnings Call_2024-08-01T00_00_00_English.docx","DoorDash/DoorDash, Inc._Earnings Call_2024-08-01T00_00_00_English.docx",2024-08-01,2024,2022-11-30,610,2024,FQ2,FQ2 2024 Earnings Call,1,DoorDash,1250.0,SF Bay Area,https://www.reuters.com/business/retail-consumer/doordash-cuts-1250-jobs-an-effort-rein-expenses-2022-11-30/,1,largest_valid_total_laid_off_on_a_SINGLE_eligible_event_row_with_event_date_2021-01-01_to_2024-12-31_no_aggregation,non_event,0,
DoorDash,DoorDash,"DoorDash, Inc.","DoorDash, Inc._Earnings Call_2024-10-30T00_00_00_English.docx","DoorDash/DoorDash, Inc._Earnings Call_2024-10-30T00_00_00_English.docx",2024-10-30,2024,2022-11-30,700,2024,FQ3,FQ3 2024 Earnings Call Transcripts,1,DoorDash,1250.0,SF Bay Area,https://www.reuters.com/business/retail-consumer/doordash-cuts-1250-jobs-an-effort-rein-expenses-2022-11-30/,1,largest_valid_total_laid_off_on_a_SINGLE_eligible_event_row_with_event_date_2021-01-01_to_2024-12-31_no_aggregation,non_event,0,
DoorDash,DoorDash,"DoorDash, Inc.","DoorDash, Inc._Earnings Call_2025-02-11T00_00_00_English.docx","DoorDash/DoorDash, Inc._Earnings Call_2025-02-11T00_00_00_English.docx",2025-02-11,2025,2022-11-30,804,2024,FQ4,FQ4 2024 Earnings Call,1,DoorDash,1250.0,SF Bay Area,https://www.reuters.com/business/retail-consumer/doordash-cuts-1250-jobs-an-effort-rein-expenses-2022-11-30/,1,largest_valid_total_laid_off_on_a_SINGLE_eligible_event_row_with_event_date_2021-01-01_to_2024-12-31_no_aggregation,non_event,0,
Dropbox,Dropbox,"Dropbox, Inc.","Dropbox, Inc._Earnings Call_2021-05-06T00_00_00_English.docx","Dropbox/Dropbox, Inc._Earnings Call_2021-05-06T00_00_00_English.docx",2021-05-06,2021,2024-10-30,-1273,2021,FQ1,FQ1 2021 Earnings Call,1,Dropbox,527.0,SF Bay Area,https://techcrunch.com/2024/10/30/dropbox-is-laying-off-20-of-its-staff/,3,largest_valid_total_laid_off_on_a_SINGLE_eligible_event_row_with_event_date_2021-01-01_to_2024-12-31_no_aggregation,non_event,0,
Dropbox,Dropbox,"Dropbox, Inc.","Dropbox, Inc._Earnings Call_2021-08-05T00_00_00_English.docx","Dropbox/Dropbox, Inc._Earnings Call_2021-08-05T00_00_00_English.docx",2021-08-05,2021,2024-10-30,-1182,2021,FQ2,FQ2 2021 Earnings Call,1,Dropbox,527.0,SF Bay Area,https://techcrunch.com/2024/10/30/dropbox-is-laying-off-20-of-its-staff/,3,largest_valid_total_laid_off_on_a_SINGLE_eligible_event_row_with_event_date_2021-01-01_to_2024-12-31_no_aggregation,non_event,0,
Dropbox,Dropbox,"Dropbox, Inc.","Dropbox, Inc._Earnings Call_2021-11-04T00_00_00_English.docx","Dropbox/Dropbox, Inc._Earnings Call_2021-11-04T00_00_00_English.docx",2021-11-04,2021,2024-10-30,-1091,2021,FQ3,FQ3 2021 Earnings Call,1,Dropbox,527.0,SF Bay Area,https://techcrunch.com/2024/10/30/dropbox-is-laying-off-20-of-its-staff/,3,largest_valid_total_laid_off_on_a_SINGLE_eligible_event_row_with_event_date_2021-01-01_to_2024-12-31_no_aggregation,non_event,0,
Dropbox,Dropbox,"Dropbox, Inc.","Dropbox, Inc._Earnings Call_2022-02-17T00_00_00_English.docx","Dropbox/Dropbox, Inc._Earnings Call_2022-02-17T00_00_00_English.docx",2022-02-17,2022,2024-10-30,-986,2021,FQ4,FQ4 2021 Earnings Call,1,Dropbox,527.0,SF Bay Area,https://techcrunch.com/2024/10/30/dropbox-is-laying-off-20-of-its-staff/,3,largest_valid_total_laid_off_on_a_SINGLE_eligible_event_row_with_event_date_2021-01-01_to_2024-12-31_no_aggregation,non_event,0,
Dropbox,Dropbox,"Dropbox, Inc.","Dropbox, Inc._Earnings Call_2022-05-05T00_00_00_English.docx","Dropbox/Dropbox, Inc._Earnings Call_2022-05-05T00_00_00_English.docx",2022-05-05,2022,2024-10-30,-909,2022,FQ1,FQ1 2022 Earnings Call,1,Dropbox,527.0,SF Bay Area,https://techcrunch.com/2024/10/30/dropbox-is-laying-off-20-of-its-staff/,3,largest_valid_total_laid_off_on_a_SINGLE_eligible_event_row_with_event_date_2021-01-01_to_2024-12-31_no_aggregation,non_event,0,
Dropbox,Dropbox,"Dropbox, Inc.","Dropbox, Inc._Earnings Call_2022-08-04T00_00_00_English.docx","Dropbox/Dropbox, Inc._Earnings Call_2022-08-04T00_00_00_English.docx",2022-08-04,2022,2024-10-30,-818,2022,FQ2,FQ2 2022 Earnings Call,1,Dropbox,527.0,SF Bay Area,https://techcrunch.com/2024/10/30/dropbox-is-laying-off-20-of-its-staff/,3,largest_valid_total_laid_off_on_a_SINGLE_eligible_event_row_with_event_date_2021-01-01_to_2024-12-31_no_aggregation,non_event,0,
Dropbox,Dropbox,"Dropbox, Inc.","Dropbox, Inc._Earnings Call_2022-11-03T00_00_00_English.docx","Dropbox/Dropbox, Inc._Earnings Call_2022-11-03T00_00_00_English.docx",2022-11-03,2022,2024-10-30,-727,2022,FQ3,FQ3 2022 Earnings Call,1,Dropbox,527.0,SF Bay Area,https://techcrunch.com/2024/10/30/dropbox-is-laying-off-20-of-its-staff/,3,largest_valid_total_laid_off_on_a_SINGLE_eligible_event_row_with_event_date_2021-01-01_to_2024-12-31_no_aggregation,non_event,0,
Dropbox,Dropbox,"Dropbox, Inc.","Dropbox, Inc._Earnings Call_2023-02-16T00_00_00_English.docx","Dropbox/Dropbox, Inc._Earnings Call_2023-02-16T00_00_00_English.docx",2023-02-16,2023,2024-10-30,-622,2022,FQ4,FQ4 2022 Earnings Call,1,Dropbox,527.0,SF Bay Area,https://techcrunch.com/2024/10/30/dropbox-is-laying-off-20-of-its-staff/,3,largest_valid_total_laid_off_on_a_SINGLE_eligible_event_row_with_event_date_2021-01-01_to_2024-12-31_no_aggregation,non_event,0,
Dropbox,Dropbox,"Dropbox, Inc.","Dropbox, Inc._Earnings Call_2023-05-04T00_00_00_English.docx","Dropbox/Dropbox, Inc._Earnings Call_2023-05-04T00_00_00_English.docx",2023-05-04,2023,2024-10-30,-545,2023,FQ1,FQ1 2023 Earnings Call,1,Dropbox,527.0,SF Bay Area,https://techcrunch.com/2024/10/30/dropbox-is-laying-off-20-of-its-staff/,3,largest_valid_total_laid_off_on_a_SINGLE_eligible_event_row_with_event_date_2021-01-01_to_2024-12-31_no_aggregation,non_event,0,
Dropbox,Dropbox,"Dropbox, Inc.","Dropbox, Inc._Earnings Call_2023-08-03T00_00_00_English.docx","Dropbox/Dropbox, Inc._Earnings Call_2023-08-03T00_00_00_English.docx",2023-08-03,2023,2024-10-30,-454,2023,FQ2,FQ2 2023 Earnings Call,1,Dropbox,527.0,SF Bay Area,https://techcrunch.com/2024/10/30/dropbox-is-laying-off-20-of-its-staff/,3,largest_valid_total_laid_off_on_a_SINGLE_eligible_event_row_with_event_date_2021-01-01_to_2024-12-31_no_aggregation,non_event,0,
Dropbox,Dropbox,"Dropbox, Inc.","Dropbox, Inc._Earnings Call_2023-11-02T00_00_00_English.docx","Dropbox/Dropbox, Inc._Earnings Call_2023-11-02T00_00_00_English.docx",2023-11-02,2023,2024-10-30,-363,2023,FQ3,FQ3 2023 Earnings Call,1,Dropbox,527.0,SF Bay Area,https://techcrunch.com/2024/10/30/dropbox-is-laying-off-20-of-its-staff/,3,largest_valid_total_laid_off_on_a_SINGLE_eligible_event_row_with_event_date_2021-01-01_to_2024-12-31_no_aggregation,non_event,0,
Dropbox,Dropbox,"Dropbox, Inc.","Dropbox, Inc._Earnings Call_2024-02-15T00_00_00_English.docx","Dropbox/Dropbox, Inc._Earnings Call_2024-02-15T00_00_00_English.docx",2024-02-15,2024,2024-10-30,-258,2023,FQ4,FQ4 2023 Earnings Call,1,Dropbox,527.0,SF Bay Area,https://techcrunch.com/2024/10/30/dropbox-is-laying-off-20-of-its-staff/,3,largest_valid_total_laid_off_on_a_SINGLE_eligible_event_row_with_event_date_2021-01-01_to_2024-12-31_no_aggregation,non_event,0,
Dropbox,Dropbox,"Dropbox, Inc.","Dropbox, Inc._Earnings Call_2024-05-09T00_00_00_English.docx","Dropbox/Dropbox, Inc._Earnings Call_2024-05-09T00_00_00_English.docx",2024-05-09,2024,2024-10-30,-174,2024,FQ1,FQ1 2024 Earnings Call,1,Dropbox,527.0,SF Bay Area,https://techcrunch.com/2024/10/30/dropbox-is-laying-off-20-of-its-staff/,3,largest_valid_total_laid_off_on_a_SINGLE_eligible_event_row_with_event_date_2021-01-01_to_2024-12-31_no_aggregation,pre_2,0,
Dropbox,Dropbox,"Dropbox, Inc.","Dropbox, Inc._Earnings Call_2024-08-08T00_00_00_English.docx","Dropbox/Dropbox, Inc._Earnings Call_2024-08-08T00_00_00_English.docx",2024-08-08,2024,2024-10-30,-83,2024,FQ2,FQ2 2024 Earnings Call,1,Dropbox,527.0,SF Bay Area,https://techcrunch.com/2024/10/30/dropbox-is-laying-off-20-of-its-staff/,3,largest_valid_total_laid_off_on_a_SINGLE_eligible_event_row_with_event_date_2021-01-01_to_2024-12-31_no_aggregation,pre_1,0,
Dropbox,Dropbox,"Dropbox, Inc.","Dropbox, Inc._Earnings Call_2024-11-07T00_00_00_English.docx","Dropbox/Dropbox, Inc._Earnings Call_2024-11-07T00_00_00_English.docx",2024-11-07,2024,2024-10-30,8,2024,FQ3,FQ3 2024 Earnings Call,1,Dropbox,527.0,SF Bay Area,https://techcrunch.com/2024/10/30/dropbox-is-laying-off-20-of-its-staff/,3,largest_valid_total_laid_off_on_a_SINGLE_eligible_event_row_with_event_date_2021-01-01_to_2024-12-31_no_aggregation,post_1,0,
Dropbox,Dropbox,"Dropbox, Inc.","Dropbox, Inc._Earnings Call_2025-02-20T00_00_00_English.docx","Dropbox/Dropbox, Inc._Earnings Call_2025-02-20T00_00_00_English.docx",2025-02-20,2025,2024-10-30,113,2024,FQ4,FQ4 2024 Earnings Call,1,Dropbox,527.0,SF Bay Area,https://techcrunch.com/2024/10/30/dropbox-is-laying-off-20-of-its-staff/,3,largest_valid_total_laid_off_on_a_SINGLE_eligible_event_row_with_event_date_2021-01-01_to_2024-12-31_no_aggregation,post_2,0,call held in calendar 2025 but belongs to fiscal FY2024; eligible by design
IBM,IBM,International Business Machines Corporation,International Business Machines Corporation_Earnings Call_2021-04-19T00_00_00_English.docx,IBM/International Business Machines Corporation_Earnings Call_2021-04-19T00_00_00_English.docx,2021-04-19,2021,2023-01-25,-646,2021,FQ1,FQ1 2021 Earnings Call,1,IBM,3900.0,New York City,https://www.bloomberg.com/news/articles/2023-01-25/ibm-to-cut-about-3-900-workers-still-hiring-in-higher-growth-areas,5,largest_valid_total_laid_off_on_a_SINGLE_eligible_event_row_with_event_date_2021-01-01_to_2024-12-31_no_aggregation,non_event,0,
IBM,IBM,International Business Machines Corporation,International Business Machines Corporation_Earnings Call_2021-07-19T00_00_00_English.docx,IBM/International Business Machines Corporation_Earnings Call_2021-07-19T00_00_00_English.docx,2021-07-19,2021,2023-01-25,-555,2021,FQ2,FQ2 2021 Earnings Call,1,IBM,3900.0,New York City,https://www.bloomberg.com/news/articles/2023-01-25/ibm-to-cut-about-3-900-workers-still-hiring-in-higher-growth-areas,5,largest_valid_total_laid_off_on_a_SINGLE_eligible_event_row_with_event_date_2021-01-01_to_2024-12-31_no_aggregation,non_event,0,
IBM,IBM,International Business Machines Corporation,International Business Machines Corporation_Earnings Call_2021-10-20T00_00_00_English.docx,IBM/International Business Machines Corporation_Earnings Call_2021-10-20T00_00_00_English.docx,2021-10-20,2021,2023-01-25,-462,2021,FQ3,FQ3 2021 Earnings Call,1,IBM,3900.0,New York City,https://www.bloomberg.com/news/articles/2023-01-25/ibm-to-cut-about-3-900-workers-still-hiring-in-higher-growth-areas,5,largest_valid_total_laid_off_on_a_SINGLE_eligible_event_row_with_event_date_2021-01-01_to_2024-12-31_no_aggregation,non_event,0,
IBM,IBM,International Business Machines Corporation,International Business Machines Corporation_Earnings Call_2022-01-24T00_00_00_English.docx,IBM/International Business Machines Corporation_Earnings Call_2022-01-24T00_00_00_English.docx,2022-01-24,2022,2023-01-25,-366,2021,FQ4,FQ4 2021 Earnings Call,1,IBM,3900.0,New York City,https://www.bloomberg.com/news/articles/2023-01-25/ibm-to-cut-about-3-900-workers-still-hiring-in-higher-growth-areas,5,largest_valid_total_laid_off_on_a_SINGLE_eligible_event_row_with_event_date_2021-01-01_to_2024-12-31_no_aggregation,non_event,0,
IBM,IBM,International Business Machines Corporation,International Business Machines Corporation_Earnings Call_2022-04-19T00_00_00_English.docx,IBM/International Business Machines Corporation_Earnings Call_2022-04-19T00_00_00_English.docx,2022-04-19,2022,2023-01-25,-281,2022,FQ1,FQ1 2022 Earnings Call,1,IBM,3900.0,New York City,https://www.bloomberg.com/news/articles/2023-01-25/ibm-to-cut-about-3-900-workers-still-hiring-in-higher-growth-areas,5,largest_valid_total_laid_off_on_a_SINGLE_eligible_event_row_with_event_date_2021-01-01_to_2024-12-31_no_aggregation,non_event,0,
IBM,IBM,International Business Machines Corporation,International Business Machines Corporation_Earnings Call_2022-07-18T00_00_00_English.docx,IBM/International Business Machines Corporation_Earnings Call_2022-07-18T00_00_00_English.docx,2022-07-18,2022,2023-01-25,-191,2022,FQ2,FQ2 2022 Earnings Call,1,IBM,3900.0,New York City,https://www.bloomberg.com/news/articles/2023-01-25/ibm-to-cut-about-3-900-workers-still-hiring-in-higher-growth-areas,5,largest_valid_total_laid_off_on_a_SINGLE_eligible_event_row_with_event_date_2021-01-01_to_2024-12-31_no_aggregation,pre_2,0,
IBM,IBM,International Business Machines Corporation,International Business Machines Corporation_Earnings Call_2022-10-19T00_00_00_English.docx,IBM/International Business Machines Corporation_Earnings Call_2022-10-19T00_00_00_English.docx,2022-10-19,2022,2023-01-25,-98,2022,FQ3,FQ3 2022 Earnings Call Transcripts,1,IBM,3900.0,New York City,https://www.bloomberg.com/news/articles/2023-01-25/ibm-to-cut-about-3-900-workers-still-hiring-in-higher-growth-areas,5,largest_valid_total_laid_off_on_a_SINGLE_eligible_event_row_with_event_date_2021-01-01_to_2024-12-31_no_aggregation,pre_1,0,
IBM,IBM,International Business Machines Corporation,International Business Machines Corporation_Earnings Call_2023-01-25T00_00_00_English.docx,IBM/International Business Machines Corporation_Earnings Call_2023-01-25T00_00_00_English.docx,2023-01-25,2023,2023-01-25,0,2022,FQ4,FQ4 2022 Earnings Call,1,IBM,3900.0,New York City,https://www.bloomberg.com/news/articles/2023-01-25/ibm-to-cut-about-3-900-workers-still-hiring-in-higher-growth-areas,5,largest_valid_total_laid_off_on_a_SINGLE_eligible_event_row_with_event_date_2021-01-01_to_2024-12-31_no_aggregation,same_day,1,call held on the focal layoff date; treated as its own category and does not occupy pre_1 or post_1
IBM,IBM,International Business Machines Corporation,International Business Machines Corporation_Earnings Call_2023-04-19T00_00_00_English.docx,IBM/International Business Machines Corporation_Earnings Call_2023-04-19T00_00_00_English.docx,2023-04-19,2023,2023-01-25,84,2023,FQ1,FQ1 2023 Earnings Call,1,IBM,3900.0,New York City,https://www.bloomberg.com/news/articles/2023-01-25/ibm-to-cut-about-3-900-workers-still-hiring-in-higher-growth-areas,5,largest_valid_total_laid_off_on_a_SINGLE_eligible_event_row_with_event_date_2021-01-01_to_2024-12-31_no_aggregation,post_1,0,
IBM,IBM,International Business Machines Corporation,International Business Machines Corporation_Earnings Call_2023-07-19T00_00_00_English.docx,IBM/International Business Machines Corporation_Earnings Call_2023-07-19T00_00_00_English.docx,2023-07-19,2023,2023-01-25,175,2023,FQ2,FQ2 2023 Earnings Call,1,IBM,3900.0,New York City,https://www.bloomberg.com/news/articles/2023-01-25/ibm-to-cut-about-3-900-workers-still-hiring-in-higher-growth-areas,5,largest_valid_total_laid_off_on_a_SINGLE_eligible_event_row_with_event_date_2021-01-01_to_2024-12-31_no_aggregation,post_2,0,
IBM,IBM,International Business Machines Corporation,International Business Machines Corporation_Earnings Call_2023-10-25T00_00_00_English.docx,IBM/International Business Machines Corporation_Earnings Call_2023-10-25T00_00_00_English.docx,2023-10-25,2023,2023-01-25,273,2023,FQ3,FQ3 2023 Earnings Call,1,IBM,3900.0,New York City,https://www.bloomberg.com/news/articles/2023-01-25/ibm-to-cut-about-3-900-workers-still-hiring-in-higher-growth-areas,5,largest_valid_total_laid_off_on_a_SINGLE_eligible_event_row_with_event_date_2021-01-01_to_2024-12-31_no_aggregation,non_event,0,
IBM,IBM,International Business Machines Corporation,International Business Machines Corporation_Earnings Call_2024-01-24T00_00_00_English.docx,IBM/International Business Machines Corporation_Earnings Call_2024-01-24T00_00_00_English.docx,2024-01-24,2024,2023-01-25,364,2023,FQ4,FQ4 2023 Earnings Call,1,IBM,3900.0,New York City,https://www.bloomberg.com/news/articles/2023-01-25/ibm-to-cut-about-3-900-workers-still-hiring-in-higher-growth-areas,5,largest_valid_total_laid_off_on_a_SINGLE_eligible_event_row_with_event_date_2021-01-01_to_2024-12-31_no_aggregation,non_event,0,
IBM,IBM,International Business Machines Corporation,International Business Machines Corporation_Earnings Call_2024-04-24T00_00_00_English.docx,IBM/International Business Machines Corporation_Earnings Call_2024-04-24T00_00_00_English.docx,2024-04-24,2024,2023-01-25,455,2024,FQ1,FQ1 2024 Earnings Call,1,IBM,3900.0,New York City,https://www.bloomberg.com/news/articles/2023-01-25/ibm-to-cut-about-3-900-workers-still-hiring-in-higher-growth-areas,5,largest_valid_total_laid_off_on_a_SINGLE_eligible_event_row_with_event_date_2021-01-01_to_2024-12-31_no_aggregation,non_event,0,
IBM,IBM,International Business Machines Corporation,International Business Machines Corporation_Earnings Call_2024-07-24T00_00_00_English.docx,IBM/International Business Machines Corporation_Earnings Call_2024-07-24T00_00_00_English.docx,2024-07-24,2024,2023-01-25,546,2024,FQ2,FQ2 2024 Earnings Call,1,IBM,3900.0,New York City,https://www.bloomberg.com/news/articles/2023-01-25/ibm-to-cut-about-3-900-workers-still-hiring-in-higher-growth-areas,5,largest_valid_total_laid_off_on_a_SINGLE_eligible_event_row_with_event_date_2021-01-01_to_2024-12-31_no_aggregation,non_event,0,
IBM,IBM,International Business Machines Corporation,International Business Machines Corporation_Earnings Call_2024-10-23T00_00_00_English.docx,IBM/International Business Machines Corporation_Earnings Call_2024-10-23T00_00_00_English.docx,2024-10-23,2024,2023-01-25,637,2024,FQ3,FQ3 2024 Earnings Call,1,IBM,3900.0,New York City,https://www.bloomberg.com/news/articles/2023-01-25/ibm-to-cut-about-3-900-workers-still-hiring-in-higher-growth-areas,5,largest_valid_total_laid_off_on_a_SINGLE_eligible_event_row_with_event_date_2021-01-01_to_2024-12-31_no_aggregation,non_event,0,
IBM,IBM,International Business Machines Corporation,International Business Machines Corporation_Earnings Call_2025-01-29T00_00_00_English.docx,IBM/International Business Machines Corporation_Earnings Call_2025-01-29T00_00_00_English.docx,2025-01-29,2025,2023-01-25,735,2024,FQ4,FQ4 2024 Earnings Call,1,IBM,3900.0,New York City,https://www.bloomberg.com/news/articles/2023-01-25/ibm-to-cut-about-3-900-workers-still-hiring-in-higher-growth-areas,5,largest_valid_total_laid_off_on_a_SINGLE_eligible_event_row_with_event_date_2021-01-01_to_2024-12-31_no_aggregation,non_event,0,
Intel,Intel,Intel Corporation,Intel Corporation_Earnings Call_2021-04-22T00_00_00_English.docx,intel/Intel Corporation_Earnings Call_2021-04-22T00_00_00_English.docx,2021-04-22,2021,2024-08-01,-1197,2021,FQ1,FQ1 2021 Earnings Call,1,Intel,15000.0,SF Bay Area,https://www.intel.com/content/www/us/en/newsroom/news/actions-accelerate-our-progress.html#gs.cgq6eg,6,largest_valid_total_laid_off_on_a_SINGLE_eligible_event_row_with_event_date_2021-01-01_to_2024-12-31_no_aggregation,non_event,0,
Intel,Intel,Intel Corporation,Intel Corporation_Earnings Call_2021-07-22T00_00_00_English.docx,intel/Intel Corporation_Earnings Call_2021-07-22T00_00_00_English.docx,2021-07-22,2021,2024-08-01,-1106,2021,FQ2,FQ2 2021 Earnings Call,1,Intel,15000.0,SF Bay Area,https://www.intel.com/content/www/us/en/newsroom/news/actions-accelerate-our-progress.html#gs.cgq6eg,6,largest_valid_total_laid_off_on_a_SINGLE_eligible_event_row_with_event_date_2021-01-01_to_2024-12-31_no_aggregation,non_event,0,
Intel,Intel,Intel Corporation,Intel Corporation_Earnings Call_2021-10-21T00_00_00_English.docx,intel/Intel Corporation_Earnings Call_2021-10-21T00_00_00_English.docx,2021-10-21,2021,2024-08-01,-1015,2021,FQ3,FQ3 2021 Earnings Call,1,Intel,15000.0,SF Bay Area,https://www.intel.com/content/www/us/en/newsroom/news/actions-accelerate-our-progress.html#gs.cgq6eg,6,largest_valid_total_laid_off_on_a_SINGLE_eligible_event_row_with_event_date_2021-01-01_to_2024-12-31_no_aggregation,non_event,0,
Intel,Intel,Intel Corporation,Intel Corporation_Earnings Call_2022-01-26T00_00_00_English.docx,intel/Intel Corporation_Earnings Call_2022-01-26T00_00_00_English.docx,2022-01-26,2022,2024-08-01,-918,2021,FQ4,FQ4 2021 Earnings Call,1,Intel,15000.0,SF Bay Area,https://www.intel.com/content/www/us/en/newsroom/news/actions-accelerate-our-progress.html#gs.cgq6eg,6,largest_valid_total_laid_off_on_a_SINGLE_eligible_event_row_with_event_date_2021-01-01_to_2024-12-31_no_aggregation,non_event,0,
Intel,Intel,Intel Corporation,Intel Corporation_Earnings Call_2022-04-28T00_00_00_English.docx,intel/Intel Corporation_Earnings Call_2022-04-28T00_00_00_English.docx,2022-04-28,2022,2024-08-01,-826,2022,FQ1,FQ1 2022 Earnings Call,1,Intel,15000.0,SF Bay Area,https://www.intel.com/content/www/us/en/newsroom/news/actions-accelerate-our-progress.html#gs.cgq6eg,6,largest_valid_total_laid_off_on_a_SINGLE_eligible_event_row_with_event_date_2021-01-01_to_2024-12-31_no_aggregation,non_event,0,
Intel,Intel,Intel Corporation,Intel Corporation_Earnings Call_2022-07-28T00_00_00_English.docx,intel/Intel Corporation_Earnings Call_2022-07-28T00_00_00_English.docx,2022-07-28,2022,2024-08-01,-735,2022,FQ2,FQ2 2022 Earnings Call,1,Intel,15000.0,SF Bay Area,https://www.intel.com/content/www/us/en/newsroom/news/actions-accelerate-our-progress.html#gs.cgq6eg,6,largest_valid_total_laid_off_on_a_SINGLE_eligible_event_row_with_event_date_2021-01-01_to_2024-12-31_no_aggregation,non_event,0,
Intel,Intel,Intel Corporation,Intel Corporation_Earnings Call_2022-10-27T00_00_00_English.docx,intel/Intel Corporation_Earnings Call_2022-10-27T00_00_00_English.docx,2022-10-27,2022,2024-08-01,-644,2022,FQ3,FQ3 2022 Earnings Call,1,Intel,15000.0,SF Bay Area,https://www.intel.com/content/www/us/en/newsroom/news/actions-accelerate-our-progress.html#gs.cgq6eg,6,largest_valid_total_laid_off_on_a_SINGLE_eligible_event_row_with_event_date_2021-01-01_to_2024-12-31_no_aggregation,non_event,0,
Intel,Intel,Intel Corporation,Intel Corporation_Earnings Call_2023-01-26T00_00_00_English.docx,intel/Intel Corporation_Earnings Call_2023-01-26T00_00_00_English.docx,2023-01-26,2023,2024-08-01,-553,2022,FQ4,FQ4 2022 Earnings Call,1,Intel,15000.0,SF Bay Area,https://www.intel.com/content/www/us/en/newsroom/news/actions-accelerate-our-progress.html#gs.cgq6eg,6,largest_valid_total_laid_off_on_a_SINGLE_eligible_event_row_with_event_date_2021-01-01_to_2024-12-31_no_aggregation,non_event,0,
Intel,Intel,Intel Corporation,Intel Corporation_Earnings Call_2023-04-27T00_00_00_English.docx,intel/Intel Corporation_Earnings Call_2023-04-27T00_00_00_English.docx,2023-04-27,2023,2024-08-01,-462,2023,FQ1,FQ1 2023 Earnings Call Transcripts,1,Intel,15000.0,SF Bay Area,https://www.intel.com/content/www/us/en/newsroom/news/actions-accelerate-our-progress.html#gs.cgq6eg,6,largest_valid_total_laid_off_on_a_SINGLE_eligible_event_row_with_event_date_2021-01-01_to_2024-12-31_no_aggregation,non_event,0,
Intel,Intel,Intel Corporation,Intel Corporation_Earnings Call_2023-07-27T00_00_00_English.docx,intel/Intel Corporation_Earnings Call_2023-07-27T00_00_00_English.docx,2023-07-27,2023,2024-08-01,-371,2023,FQ2,FQ2 2023 Earnings Call,1,Intel,15000.0,SF Bay Area,https://www.intel.com/content/www/us/en/newsroom/news/actions-accelerate-our-progress.html#gs.cgq6eg,6,largest_valid_total_laid_off_on_a_SINGLE_eligible_event_row_with_event_date_2021-01-01_to_2024-12-31_no_aggregation,non_event,0,
Intel,Intel,Intel Corporation,Intel Corporation_Earnings Call_2023-10-26T00_00_00_English.docx,intel/Intel Corporation_Earnings Call_2023-10-26T00_00_00_English.docx,2023-10-26,2023,2024-08-01,-280,2023,FQ3,FQ3 2023 Earnings Call Transcripts,1,Intel,15000.0,SF Bay Area,https://www.intel.com/content/www/us/en/newsroom/news/actions-accelerate-our-progress.html#gs.cgq6eg,6,largest_valid_total_laid_off_on_a_SINGLE_eligible_event_row_with_event_date_2021-01-01_to_2024-12-31_no_aggregation,non_event,0,
Intel,Intel,Intel Corporation,Intel Corporation_Earnings Call_2024-01-25T00_00_00_English.docx,intel/Intel Corporation_Earnings Call_2024-01-25T00_00_00_English.docx,2024-01-25,2024,2024-08-01,-189,2023,FQ4,FQ4 2023 Earnings Call,1,Intel,15000.0,SF Bay Area,https://www.intel.com/content/www/us/en/newsroom/news/actions-accelerate-our-progress.html#gs.cgq6eg,6,largest_valid_total_laid_off_on_a_SINGLE_eligible_event_row_with_event_date_2021-01-01_to_2024-12-31_no_aggregation,pre_2,0,
Intel,Intel,Intel Corporation,Intel Corporation_Earnings Call_2024-04-25T00_00_00_English.docx,intel/Intel Corporation_Earnings Call_2024-04-25T00_00_00_English.docx,2024-04-25,2024,2024-08-01,-98,2024,FQ1,FQ1 2024 Earnings Call,1,Intel,15000.0,SF Bay Area,https://www.intel.com/content/www/us/en/newsroom/news/actions-accelerate-our-progress.html#gs.cgq6eg,6,largest_valid_total_laid_off_on_a_SINGLE_eligible_event_row_with_event_date_2021-01-01_to_2024-12-31_no_aggregation,pre_1,0,
Intel,Intel,Intel Corporation,Intel Corporation_Earnings Call_2024-08-01T00_00_00_English.docx,intel/Intel Corporation_Earnings Call_2024-08-01T00_00_00_English.docx,2024-08-01,2024,2024-08-01,0,2024,FQ2,FQ2 2024 Earnings Call Transcripts,1,Intel,15000.0,SF Bay Area,https://www.intel.com/content/www/us/en/newsroom/news/actions-accelerate-our-progress.html#gs.cgq6eg,6,largest_valid_total_laid_off_on_a_SINGLE_eligible_event_row_with_event_date_2021-01-01_to_2024-12-31_no_aggregation,same_day,1,call held on the focal layoff date; treated as its own category and does not occupy pre_1 or post_1
Intel,Intel,Intel Corporation,Intel Corporation_Earnings Call_2024-10-31T00_00_00_English.docx,intel/Intel Corporation_Earnings Call_2024-10-31T00_00_00_English.docx,2024-10-31,2024,2024-08-01,91,2024,FQ3,FQ3 2024 Earnings Call,1,Intel,15000.0,SF Bay Area,https://www.intel.com/content/www/us/en/newsroom/news/actions-accelerate-our-progress.html#gs.cgq6eg,6,largest_valid_total_laid_off_on_a_SINGLE_eligible_event_row_with_event_date_2021-01-01_to_2024-12-31_no_aggregation,post_1,0,
Intel,Intel,Intel Corporation,Intel Corporation_Earnings Call_2025-01-30T00_00_00_English.docx,intel/Intel Corporation_Earnings Call_2025-01-30T00_00_00_English.docx,2025-01-30,2025,2024-08-01,182,2024,FQ4,FQ4 2024 Earnings Call,1,Intel,15000.0,SF Bay Area,https://www.intel.com/content/www/us/en/newsroom/news/actions-accelerate-our-progress.html#gs.cgq6eg,6,largest_valid_total_laid_off_on_a_SINGLE_eligible_event_row_with_event_date_2021-01-01_to_2024-12-31_no_aggregation,post_2,0,call held in calendar 2025 but belongs to fiscal FY2024; eligible by design
Lyft,Lyft,"Lyft, Inc.","Lyft, Inc._Earnings Call_2021-05-04T00_00_00_English.docx","Lyft/Lyft, Inc._Earnings Call_2021-05-04T00_00_00_English.docx",2021-05-04,2021,2023-04-21,-717,2021,FQ1,FQ1 2021 Earnings Call,1,Lyft,1072.0,SF Bay Area,https://www.cnbc.com/2023/04/27/lyft-layoffs-company-to-cut-1072-employees-or-26percent-of-its-workforce.html,4,largest_valid_total_laid_off_on_a_SINGLE_eligible_event_row_with_event_date_2021-01-01_to_2024-12-31_no_aggregation,non_event,0,
Lyft,Lyft,"Lyft, Inc.","Lyft, Inc._Earnings Call_2021-08-03T00_00_00_English.docx","Lyft/Lyft, Inc._Earnings Call_2021-08-03T00_00_00_English.docx",2021-08-03,2021,2023-04-21,-626,2021,FQ2,FQ2 2021 Earnings Call,1,Lyft,1072.0,SF Bay Area,https://www.cnbc.com/2023/04/27/lyft-layoffs-company-to-cut-1072-employees-or-26percent-of-its-workforce.html,4,largest_valid_total_laid_off_on_a_SINGLE_eligible_event_row_with_event_date_2021-01-01_to_2024-12-31_no_aggregation,non_event,0,
Lyft,Lyft,"Lyft, Inc.","Lyft, Inc._Earnings Call_2021-11-02T00_00_00_English.docx","Lyft/Lyft, Inc._Earnings Call_2021-11-02T00_00_00_English.docx",2021-11-02,2021,2023-04-21,-535,2021,FQ3,FQ3 2021 Earnings Call,1,Lyft,1072.0,SF Bay Area,https://www.cnbc.com/2023/04/27/lyft-layoffs-company-to-cut-1072-employees-or-26percent-of-its-workforce.html,4,largest_valid_total_laid_off_on_a_SINGLE_eligible_event_row_with_event_date_2021-01-01_to_2024-12-31_no_aggregation,non_event,0,
Lyft,Lyft,"Lyft, Inc.","Lyft, Inc._Earnings Call_2022-02-08T00_00_00_English.docx","Lyft/Lyft, Inc._Earnings Call_2022-02-08T00_00_00_English.docx",2022-02-08,2022,2023-04-21,-437,2021,FQ4,FQ4 2021 Earnings Call,1,Lyft,1072.0,SF Bay Area,https://www.cnbc.com/2023/04/27/lyft-layoffs-company-to-cut-1072-employees-or-26percent-of-its-workforce.html,4,largest_valid_total_laid_off_on_a_SINGLE_eligible_event_row_with_event_date_2021-01-01_to_2024-12-31_no_aggregation,non_event,0,
Lyft,Lyft,"Lyft, Inc.","Lyft, Inc._Earnings Call_2022-05-03T00_00_00_English.docx","Lyft/Lyft, Inc._Earnings Call_2022-05-03T00_00_00_English.docx",2022-05-03,2022,2023-04-21,-353,2022,FQ1,FQ1 2022 Earnings Call,1,Lyft,1072.0,SF Bay Area,https://www.cnbc.com/2023/04/27/lyft-layoffs-company-to-cut-1072-employees-or-26percent-of-its-workforce.html,4,largest_valid_total_laid_off_on_a_SINGLE_eligible_event_row_with_event_date_2021-01-01_to_2024-12-31_no_aggregation,non_event,0,
Lyft,Lyft,"Lyft, Inc.","Lyft, Inc._Earnings Call_2022-08-04T00_00_00_English.docx","Lyft/Lyft, Inc._Earnings Call_2022-08-04T00_00_00_English.docx",2022-08-04,2022,2023-04-21,-260,2022,FQ2,FQ2 2022 Earnings Call,1,Lyft,1072.0,SF Bay Area,https://www.cnbc.com/2023/04/27/lyft-layoffs-company-to-cut-1072-employees-or-26percent-of-its-workforce.html,4,largest_valid_total_laid_off_on_a_SINGLE_eligible_event_row_with_event_date_2021-01-01_to_2024-12-31_no_aggregation,non_event,0,
Lyft,Lyft,"Lyft, Inc.","Lyft, Inc._Earnings Call_2022-11-07T00_00_00_English.docx","Lyft/Lyft, Inc._Earnings Call_2022-11-07T00_00_00_English.docx",2022-11-07,2022,2023-04-21,-165,2022,FQ3,FQ3 2022 Earnings Call,1,Lyft,1072.0,SF Bay Area,https://www.cnbc.com/2023/04/27/lyft-layoffs-company-to-cut-1072-employees-or-26percent-of-its-workforce.html,4,largest_valid_total_laid_off_on_a_SINGLE_eligible_event_row_with_event_date_2021-01-01_to_2024-12-31_no_aggregation,pre_2,0,
Lyft,Lyft,"Lyft, Inc.","Lyft, Inc._Earnings Call_2023-02-09T00_00_00_English.docx","Lyft/Lyft, Inc._Earnings Call_2023-02-09T00_00_00_English.docx",2023-02-09,2023,2023-04-21,-71,2022,FQ4,FQ4 2022 Earnings Call,1,Lyft,1072.0,SF Bay Area,https://www.cnbc.com/2023/04/27/lyft-layoffs-company-to-cut-1072-employees-or-26percent-of-its-workforce.html,4,largest_valid_total_laid_off_on_a_SINGLE_eligible_event_row_with_event_date_2021-01-01_to_2024-12-31_no_aggregation,pre_1,0,
Lyft,Lyft,"Lyft, Inc.","Lyft, Inc._Earnings Call_2023-05-04T00_00_00_English.docx","Lyft/Lyft, Inc._Earnings Call_2023-05-04T00_00_00_English.docx",2023-05-04,2023,2023-04-21,13,2023,FQ1,FQ1 2023 Earnings Call,1,Lyft,1072.0,SF Bay Area,https://www.cnbc.com/2023/04/27/lyft-layoffs-company-to-cut-1072-employees-or-26percent-of-its-workforce.html,4,largest_valid_total_laid_off_on_a_SINGLE_eligible_event_row_with_event_date_2021-01-01_to_2024-12-31_no_aggregation,post_1,0,
Lyft,Lyft,"Lyft, Inc.","Lyft, Inc._Earnings Call_2023-08-08T00_00_00_English.docx","Lyft/Lyft, Inc._Earnings Call_2023-08-08T00_00_00_English.docx",2023-08-08,2023,2023-04-21,109,2023,FQ2,FQ2 2023 Earnings Call,1,Lyft,1072.0,SF Bay Area,https://www.cnbc.com/2023/04/27/lyft-layoffs-company-to-cut-1072-employees-or-26percent-of-its-workforce.html,4,largest_valid_total_laid_off_on_a_SINGLE_eligible_event_row_with_event_date_2021-01-01_to_2024-12-31_no_aggregation,post_2,0,
Lyft,Lyft,"Lyft, Inc.","Lyft, Inc._Earnings Call_2023-11-08T00_00_00_English.docx","Lyft/Lyft, Inc._Earnings Call_2023-11-08T00_00_00_English.docx",2023-11-08,2023,2023-04-21,201,2023,FQ3,FQ3 2023 Earnings Call,1,Lyft,1072.0,SF Bay Area,https://www.cnbc.com/2023/04/27/lyft-layoffs-company-to-cut-1072-employees-or-26percent-of-its-workforce.html,4,largest_valid_total_laid_off_on_a_SINGLE_eligible_event_row_with_event_date_2021-01-01_to_2024-12-31_no_aggregation,non_event,0,
Lyft,Lyft,"Lyft, Inc.","Lyft, Inc._Earnings Call_2024-02-13T00_00_00_English.docx","Lyft/Lyft, Inc._Earnings Call_2024-02-13T00_00_00_English.docx",2024-02-13,2024,2023-04-21,298,2023,FQ4,FQ4 2023 Earnings Call,1,Lyft,1072.0,SF Bay Area,https://www.cnbc.com/2023/04/27/lyft-layoffs-company-to-cut-1072-employees-or-26percent-of-its-workforce.html,4,largest_valid_total_laid_off_on_a_SINGLE_eligible_event_row_with_event_date_2021-01-01_to_2024-12-31_no_aggregation,non_event,0,
Lyft,Lyft,"Lyft, Inc.","Lyft, Inc._Earnings Call_2024-05-07T00_00_00_English.docx","Lyft/Lyft, Inc._Earnings Call_2024-05-07T00_00_00_English.docx",2024-05-07,2024,2023-04-21,382,2024,FQ1,FQ1 2024 Earnings Call,1,Lyft,1072.0,SF Bay Area,https://www.cnbc.com/2023/04/27/lyft-layoffs-company-to-cut-1072-employees-or-26percent-of-its-workforce.html,4,largest_valid_total_laid_off_on_a_SINGLE_eligible_event_row_with_event_date_2021-01-01_to_2024-12-31_no_aggregation,non_event,0,
Lyft,Lyft,"Lyft, Inc.","Lyft, Inc._Earnings Call_2024-08-07T00_00_00_English.docx","Lyft/Lyft, Inc._Earnings Call_2024-08-07T00_00_00_English.docx",2024-08-07,2024,2023-04-21,474,2024,FQ2,FQ2 2024 Earnings Call,1,Lyft,1072.0,SF Bay Area,https://www.cnbc.com/2023/04/27/lyft-layoffs-company-to-cut-1072-employees-or-26percent-of-its-workforce.html,4,largest_valid_total_laid_off_on_a_SINGLE_eligible_event_row_with_event_date_2021-01-01_to_2024-12-31_no_aggregation,non_event,0,
Lyft,Lyft,"Lyft, Inc.","Lyft, Inc._Earnings Call_2024-11-06T00_00_00_English.docx","Lyft/Lyft, Inc._Earnings Call_2024-11-06T00_00_00_English.docx",2024-11-06,2024,2023-04-21,565,2024,FQ3,FQ3 2024 Earnings Call,1,Lyft,1072.0,SF Bay Area,https://www.cnbc.com/2023/04/27/lyft-layoffs-company-to-cut-1072-employees-or-26percent-of-its-workforce.html,4,largest_valid_total_laid_off_on_a_SINGLE_eligible_event_row_with_event_date_2021-01-01_to_2024-12-31_no_aggregation,non_event,0,
Lyft,Lyft,"Lyft, Inc.","Lyft, Inc._Earnings Call_2025-02-11T00_00_00_English.docx","Lyft/Lyft, Inc._Earnings Call_2025-02-11T00_00_00_English.docx",2025-02-11,2025,2023-04-21,662,2024,FQ4,FQ4 2024 Earnings Call,1,Lyft,1072.0,SF Bay Area,https://www.cnbc.com/2023/04/27/lyft-layoffs-company-to-cut-1072-employees-or-26percent-of-its-workforce.html,4,largest_valid_total_laid_off_on_a_SINGLE_eligible_event_row_with_event_date_2021-01-01_to_2024-12-31_no_aggregation,non_event,0,
Meta,Meta,"Meta Platforms, Inc.","Meta Platforms, Inc._Earnings Call_2021-04-28T00_00_00_English.docx","Meta/Meta Platforms, Inc._Earnings Call_2021-04-28T00_00_00_English.docx",2021-04-28,2021,2022-11-09,-560,2021,FQ1,FQ1 2021 Earnings Call,1,Meta,11000.0,SF Bay Area,https://www.cnbc.com/2022/11/09/meta-to-lay-off-more-than-11000-thousand-employees.html,5,largest_valid_total_laid_off_on_a_SINGLE_eligible_event_row_with_event_date_2021-01-01_to_2024-12-31_no_aggregation,non_event,0,
Meta,Meta,"Meta Platforms, Inc.","Meta Platforms, Inc._Earnings Call_2021-07-28T00_00_00_English.docx","Meta/Meta Platforms, Inc._Earnings Call_2021-07-28T00_00_00_English.docx",2021-07-28,2021,2022-11-09,-469,2021,FQ2,FQ2 2021 Earnings Call,1,Meta,11000.0,SF Bay Area,https://www.cnbc.com/2022/11/09/meta-to-lay-off-more-than-11000-thousand-employees.html,5,largest_valid_total_laid_off_on_a_SINGLE_eligible_event_row_with_event_date_2021-01-01_to_2024-12-31_no_aggregation,non_event,0,
Meta,Meta,"Meta Platforms, Inc.","Meta Platforms, Inc._Earnings Call_2021-10-25T00_00_00_English.docx","Meta/Meta Platforms, Inc._Earnings Call_2021-10-25T00_00_00_English.docx",2021-10-25,2021,2022-11-09,-380,2021,FQ3,FQ3 2021 Earnings Call,1,Meta,11000.0,SF Bay Area,https://www.cnbc.com/2022/11/09/meta-to-lay-off-more-than-11000-thousand-employees.html,5,largest_valid_total_laid_off_on_a_SINGLE_eligible_event_row_with_event_date_2021-01-01_to_2024-12-31_no_aggregation,non_event,0,
Meta,Meta,"Meta Platforms, Inc.","Meta Platforms, Inc._Earnings Call_2022-02-02T00_00_00_English.docx","Meta/Meta Platforms, Inc._Earnings Call_2022-02-02T00_00_00_English.docx",2022-02-02,2022,2022-11-09,-280,2021,FQ4,FQ4 2021 Earnings Call,1,Meta,11000.0,SF Bay Area,https://www.cnbc.com/2022/11/09/meta-to-lay-off-more-than-11000-thousand-employees.html,5,largest_valid_total_laid_off_on_a_SINGLE_eligible_event_row_with_event_date_2021-01-01_to_2024-12-31_no_aggregation,non_event,0,
Meta,Meta,"Meta Platforms, Inc.","Meta Platforms, Inc._Earnings Call_2022-04-27T00_00_00_English.docx","Meta/Meta Platforms, Inc._Earnings Call_2022-04-27T00_00_00_English.docx",2022-04-27,2022,2022-11-09,-196,2022,FQ1,FQ1 2022 Earnings Call Transcripts,1,Meta,11000.0,SF Bay Area,https://www.cnbc.com/2022/11/09/meta-to-lay-off-more-than-11000-thousand-employees.html,5,largest_valid_total_laid_off_on_a_SINGLE_eligible_event_row_with_event_date_2021-01-01_to_2024-12-31_no_aggregation,non_event,0,
Meta,Meta,"Meta Platforms, Inc.","Meta Platforms, Inc._Earnings Call_2022-07-27T00_00_00_English.docx","Meta/Meta Platforms, Inc._Earnings Call_2022-07-27T00_00_00_English.docx",2022-07-27,2022,2022-11-09,-105,2022,FQ2,FQ2 2022 Earnings Call Transcripts,1,Meta,11000.0,SF Bay Area,https://www.cnbc.com/2022/11/09/meta-to-lay-off-more-than-11000-thousand-employees.html,5,largest_valid_total_laid_off_on_a_SINGLE_eligible_event_row_with_event_date_2021-01-01_to_2024-12-31_no_aggregation,pre_2,0,
Meta,Meta,"Meta Platforms, Inc.","Meta Platforms, Inc._Earnings Call_2022-10-26T00_00_00_English.docx","Meta/Meta Platforms, Inc._Earnings Call_2022-10-26T00_00_00_English.docx",2022-10-26,2022,2022-11-09,-14,2022,FQ3,FQ3 2022 Earnings Call Transcripts,1,Meta,11000.0,SF Bay Area,https://www.cnbc.com/2022/11/09/meta-to-lay-off-more-than-11000-thousand-employees.html,5,largest_valid_total_laid_off_on_a_SINGLE_eligible_event_row_with_event_date_2021-01-01_to_2024-12-31_no_aggregation,pre_1,0,
Meta,Meta,"Meta Platforms, Inc.","Meta Platforms, Inc._Earnings Call_2023-02-01T00_00_00_English.docx","Meta/Meta Platforms, Inc._Earnings Call_2023-02-01T00_00_00_English.docx",2023-02-01,2023,2022-11-09,84,2022,FQ4,FQ4 2022 Earnings Call,1,Meta,11000.0,SF Bay Area,https://www.cnbc.com/2022/11/09/meta-to-lay-off-more-than-11000-thousand-employees.html,5,largest_valid_total_laid_off_on_a_SINGLE_eligible_event_row_with_event_date_2021-01-01_to_2024-12-31_no_aggregation,post_1,0,
Meta,Meta,"Meta Platforms, Inc.","Meta Platforms, Inc._Earnings Call_2023-04-26T00_00_00_English.docx","Meta/Meta Platforms, Inc._Earnings Call_2023-04-26T00_00_00_English.docx",2023-04-26,2023,2022-11-09,168,2023,FQ1,FQ1 2023 Earnings Call Transcripts,1,Meta,11000.0,SF Bay Area,https://www.cnbc.com/2022/11/09/meta-to-lay-off-more-than-11000-thousand-employees.html,5,largest_valid_total_laid_off_on_a_SINGLE_eligible_event_row_with_event_date_2021-01-01_to_2024-12-31_no_aggregation,post_2,0,
Meta,Meta,"Meta Platforms, Inc.","Meta Platforms, Inc._Earnings Call_2023-07-26T00_00_00_English.docx","Meta/Meta Platforms, Inc._Earnings Call_2023-07-26T00_00_00_English.docx",2023-07-26,2023,2022-11-09,259,2023,FQ2,FQ2 2023 Earnings Call Transcripts,1,Meta,11000.0,SF Bay Area,https://www.cnbc.com/2022/11/09/meta-to-lay-off-more-than-11000-thousand-employees.html,5,largest_valid_total_laid_off_on_a_SINGLE_eligible_event_row_with_event_date_2021-01-01_to_2024-12-31_no_aggregation,non_event,0,
Meta,Meta,"Meta Platforms, Inc.","Meta Platforms, Inc._Earnings Call_2023-10-25T00_00_00_English.docx","Meta/Meta Platforms, Inc._Earnings Call_2023-10-25T00_00_00_English.docx",2023-10-25,2023,2022-11-09,350,2023,FQ3,FQ3 2023 Earnings Call Transcripts,1,Meta,11000.0,SF Bay Area,https://www.cnbc.com/2022/11/09/meta-to-lay-off-more-than-11000-thousand-employees.html,5,largest_valid_total_laid_off_on_a_SINGLE_eligible_event_row_with_event_date_2021-01-01_to_2024-12-31_no_aggregation,non_event,0,
Meta,Meta,"Meta Platforms, Inc.","Meta Platforms, Inc._Earnings Call_2024-02-01T00_00_00_English.docx","Meta/Meta Platforms, Inc._Earnings Call_2024-02-01T00_00_00_English.docx",2024-02-01,2024,2022-11-09,449,2023,FQ4,FQ4 2023 Earnings Call,1,Meta,11000.0,SF Bay Area,https://www.cnbc.com/2022/11/09/meta-to-lay-off-more-than-11000-thousand-employees.html,5,largest_valid_total_laid_off_on_a_SINGLE_eligible_event_row_with_event_date_2021-01-01_to_2024-12-31_no_aggregation,non_event,0,
Meta,Meta,"Meta Platforms, Inc.","Meta Platforms, Inc._Earnings Call_2024-04-24T00_00_00_English.docx","Meta/Meta Platforms, Inc._Earnings Call_2024-04-24T00_00_00_English.docx",2024-04-24,2024,2022-11-09,532,2024,FQ1,FQ1 2024 Earnings Call Transcripts,1,Meta,11000.0,SF Bay Area,https://www.cnbc.com/2022/11/09/meta-to-lay-off-more-than-11000-thousand-employees.html,5,largest_valid_total_laid_off_on_a_SINGLE_eligible_event_row_with_event_date_2021-01-01_to_2024-12-31_no_aggregation,non_event,0,
Meta,Meta,"Meta Platforms, Inc.","Meta Platforms, Inc._Earnings Call_2024-07-31T00_00_00_English.docx","Meta/Meta Platforms, Inc._Earnings Call_2024-07-31T00_00_00_English.docx",2024-07-31,2024,2022-11-09,630,2024,FQ2,FQ2 2024 Earnings Call Transcripts,1,Meta,11000.0,SF Bay Area,https://www.cnbc.com/2022/11/09/meta-to-lay-off-more-than-11000-thousand-employees.html,5,largest_valid_total_laid_off_on_a_SINGLE_eligible_event_row_with_event_date_2021-01-01_to_2024-12-31_no_aggregation,non_event,0,
Meta,Meta,"Meta Platforms, Inc.","Meta Platforms, Inc._Earnings Call_2024-10-30T00_00_00_English.docx","Meta/Meta Platforms, Inc._Earnings Call_2024-10-30T00_00_00_English.docx",2024-10-30,2024,2022-11-09,721,2024,FQ3,FQ3 2024 Earnings Call Transcripts,1,Meta,11000.0,SF Bay Area,https://www.cnbc.com/2022/11/09/meta-to-lay-off-more-than-11000-thousand-employees.html,5,largest_valid_total_laid_off_on_a_SINGLE_eligible_event_row_with_event_date_2021-01-01_to_2024-12-31_no_aggregation,non_event,0,
Meta,Meta,"Meta Platforms, Inc.","Meta Platforms, Inc._Earnings Call_2025-01-29T00_00_00_English.docx","Meta/Meta Platforms, Inc._Earnings Call_2025-01-29T00_00_00_English.docx",2025-01-29,2025,2022-11-09,812,2024,FQ4,FQ4 2024 Earnings Call,1,Meta,11000.0,SF Bay Area,https://www.cnbc.com/2022/11/09/meta-to-lay-off-more-than-11000-thousand-employees.html,5,largest_valid_total_laid_off_on_a_SINGLE_eligible_event_row_with_event_date_2021-01-01_to_2024-12-31_no_aggregation,non_event,0,
Microsoft,Microsoft,Microsoft Corporation,Microsoft Corporation_Earnings Call_2020-10-27T00_00_00_English.docx,microsoft/Microsoft Corporation_Earnings Call_2020-10-27T00_00_00_English.docx,2020-10-27,2020,2023-01-18,-813,2021,FQ1,FQ1 2021 Earnings Call,1,Microsoft,10000.0,Seattle,https://www.usatoday.com/story/money/2023/01/18/microsoft-layoffs-10000-employees-stock/11074235002/,9,largest_valid_total_laid_off_on_a_SINGLE_eligible_event_row_with_event_date_2021-01-01_to_2024-12-31_no_aggregation,non_event,0,
Microsoft,Microsoft,Microsoft Corporation,Microsoft Corporation_Earnings Call_2021-01-26T00_00_00_English.docx,microsoft/Microsoft Corporation_Earnings Call_2021-01-26T00_00_00_English.docx,2021-01-26,2021,2023-01-18,-722,2021,FQ2,FQ2 2021 Earnings Call,1,Microsoft,10000.0,Seattle,https://www.usatoday.com/story/money/2023/01/18/microsoft-layoffs-10000-employees-stock/11074235002/,9,largest_valid_total_laid_off_on_a_SINGLE_eligible_event_row_with_event_date_2021-01-01_to_2024-12-31_no_aggregation,non_event,0,
Microsoft,Microsoft,Microsoft Corporation,Microsoft Corporation_Earnings Call_2021-04-27T00_00_00_English.docx,microsoft/Microsoft Corporation_Earnings Call_2021-04-27T00_00_00_English.docx,2021-04-27,2021,2023-01-18,-631,2021,FQ3,FQ3 2021 Earnings Call,1,Microsoft,10000.0,Seattle,https://www.usatoday.com/story/money/2023/01/18/microsoft-layoffs-10000-employees-stock/11074235002/,9,largest_valid_total_laid_off_on_a_SINGLE_eligible_event_row_with_event_date_2021-01-01_to_2024-12-31_no_aggregation,non_event,0,
Microsoft,Microsoft,Microsoft Corporation,Microsoft Corporation_Earnings Call_2021-07-27T00_00_00_English.docx,microsoft/Microsoft Corporation_Earnings Call_2021-07-27T00_00_00_English.docx,2021-07-27,2021,2023-01-18,-540,2021,FQ4,FQ4 2021 Earnings Call,1,Microsoft,10000.0,Seattle,https://www.usatoday.com/story/money/2023/01/18/microsoft-layoffs-10000-employees-stock/11074235002/,9,largest_valid_total_laid_off_on_a_SINGLE_eligible_event_row_with_event_date_2021-01-01_to_2024-12-31_no_aggregation,non_event,0,
Microsoft,Microsoft,Microsoft Corporation,Microsoft Corporation_Earnings Call_2021-10-26T00_00_00_English.docx,microsoft/Microsoft Corporation_Earnings Call_2021-10-26T00_00_00_English.docx,2021-10-26,2021,2023-01-18,-449,2022,FQ1,FQ1 2022 Earnings Call,1,Microsoft,10000.0,Seattle,https://www.usatoday.com/story/money/2023/01/18/microsoft-layoffs-10000-employees-stock/11074235002/,9,largest_valid_total_laid_off_on_a_SINGLE_eligible_event_row_with_event_date_2021-01-01_to_2024-12-31_no_aggregation,non_event,0,
Microsoft,Microsoft,Microsoft Corporation,Microsoft Corporation_Earnings Call_2022-01-25T00_00_00_English.docx,microsoft/Microsoft Corporation_Earnings Call_2022-01-25T00_00_00_English.docx,2022-01-25,2022,2023-01-18,-358,2022,FQ2,FQ2 2022 Earnings Call,1,Microsoft,10000.0,Seattle,https://www.usatoday.com/story/money/2023/01/18/microsoft-layoffs-10000-employees-stock/11074235002/,9,largest_valid_total_laid_off_on_a_SINGLE_eligible_event_row_with_event_date_2021-01-01_to_2024-12-31_no_aggregation,non_event,0,
Microsoft,Microsoft,Microsoft Corporation,Microsoft Corporation_Earnings Call_2022-04-26T00_00_00_English.docx,microsoft/Microsoft Corporation_Earnings Call_2022-04-26T00_00_00_English.docx,2022-04-26,2022,2023-01-18,-267,2022,FQ3,FQ3 2022 Earnings Call,1,Microsoft,10000.0,Seattle,https://www.usatoday.com/story/money/2023/01/18/microsoft-layoffs-10000-employees-stock/11074235002/,9,largest_valid_total_laid_off_on_a_SINGLE_eligible_event_row_with_event_date_2021-01-01_to_2024-12-31_no_aggregation,non_event,0,
Microsoft,Microsoft,Microsoft Corporation,Microsoft Corporation_Earnings Call_2022-07-26T00_00_00_English.docx,microsoft/Microsoft Corporation_Earnings Call_2022-07-26T00_00_00_English.docx,2022-07-26,2022,2023-01-18,-176,2022,FQ4,FQ4 2022 Earnings Call,1,Microsoft,10000.0,Seattle,https://www.usatoday.com/story/money/2023/01/18/microsoft-layoffs-10000-employees-stock/11074235002/,9,largest_valid_total_laid_off_on_a_SINGLE_eligible_event_row_with_event_date_2021-01-01_to_2024-12-31_no_aggregation,pre_2,0,
Microsoft,Microsoft,Microsoft Corporation,Microsoft Corporation_Earnings Call_2022-10-25T00_00_00_English.docx,microsoft/Microsoft Corporation_Earnings Call_2022-10-25T00_00_00_English.docx,2022-10-25,2022,2023-01-18,-85,2023,FQ1,FQ1 2023 Earnings Call,1,Microsoft,10000.0,Seattle,https://www.usatoday.com/story/money/2023/01/18/microsoft-layoffs-10000-employees-stock/11074235002/,9,largest_valid_total_laid_off_on_a_SINGLE_eligible_event_row_with_event_date_2021-01-01_to_2024-12-31_no_aggregation,pre_1,0,
Microsoft,Microsoft,Microsoft Corporation,Microsoft Corporation_Earnings Call_2023-01-24T00_00_00_English.docx,microsoft/Microsoft Corporation_Earnings Call_2023-01-24T00_00_00_English.docx,2023-01-24,2023,2023-01-18,6,2023,FQ2,FQ2 2023 Earnings Call,1,Microsoft,10000.0,Seattle,https://www.usatoday.com/story/money/2023/01/18/microsoft-layoffs-10000-employees-stock/11074235002/,9,largest_valid_total_laid_off_on_a_SINGLE_eligible_event_row_with_event_date_2021-01-01_to_2024-12-31_no_aggregation,post_1,0,
Microsoft,Microsoft,Microsoft Corporation,Microsoft Corporation_Earnings Call_2023-04-25T00_00_00_English.docx,microsoft/Microsoft Corporation_Earnings Call_2023-04-25T00_00_00_English.docx,2023-04-25,2023,2023-01-18,97,2023,FQ3,FQ3 2023 Earnings Call,1,Microsoft,10000.0,Seattle,https://www.usatoday.com/story/money/2023/01/18/microsoft-layoffs-10000-employees-stock/11074235002/,9,largest_valid_total_laid_off_on_a_SINGLE_eligible_event_row_with_event_date_2021-01-01_to_2024-12-31_no_aggregation,post_2,0,
Microsoft,Microsoft,Microsoft Corporation,Microsoft Corporation_Earnings Call_2023-07-25T00_00_00_English.docx,microsoft/Microsoft Corporation_Earnings Call_2023-07-25T00_00_00_English.docx,2023-07-25,2023,2023-01-18,188,2023,FQ4,FQ4 2023 Earnings Call,1,Microsoft,10000.0,Seattle,https://www.usatoday.com/story/money/2023/01/18/microsoft-layoffs-10000-employees-stock/11074235002/,9,largest_valid_total_laid_off_on_a_SINGLE_eligible_event_row_with_event_date_2021-01-01_to_2024-12-31_no_aggregation,non_event,0,
Microsoft,Microsoft,Microsoft Corporation,Microsoft Corporation_Earnings Call_2023-10-24T00_00_00_English.docx,microsoft/Microsoft Corporation_Earnings Call_2023-10-24T00_00_00_English.docx,2023-10-24,2023,2023-01-18,279,2024,FQ1,FQ1 2024 Earnings Call,1,Microsoft,10000.0,Seattle,https://www.usatoday.com/story/money/2023/01/18/microsoft-layoffs-10000-employees-stock/11074235002/,9,largest_valid_total_laid_off_on_a_SINGLE_eligible_event_row_with_event_date_2021-01-01_to_2024-12-31_no_aggregation,non_event,0,
Microsoft,Microsoft,Microsoft Corporation,Microsoft Corporation_Earnings Call_2024-01-30T00_00_00_English.docx,microsoft/Microsoft Corporation_Earnings Call_2024-01-30T00_00_00_English.docx,2024-01-30,2024,2023-01-18,377,2024,FQ2,FQ2 2024 Earnings Call,1,Microsoft,10000.0,Seattle,https://www.usatoday.com/story/money/2023/01/18/microsoft-layoffs-10000-employees-stock/11074235002/,9,largest_valid_total_laid_off_on_a_SINGLE_eligible_event_row_with_event_date_2021-01-01_to_2024-12-31_no_aggregation,non_event,0,
Microsoft,Microsoft,Microsoft Corporation,Microsoft Corporation_Earnings Call_2024-04-25T00_00_00_English.docx,microsoft/Microsoft Corporation_Earnings Call_2024-04-25T00_00_00_English.docx,2024-04-25,2024,2023-01-18,463,2024,FQ3,FQ3 2024 Earnings Call,1,Microsoft,10000.0,Seattle,https://www.usatoday.com/story/money/2023/01/18/microsoft-layoffs-10000-employees-stock/11074235002/,9,largest_valid_total_laid_off_on_a_SINGLE_eligible_event_row_with_event_date_2021-01-01_to_2024-12-31_no_aggregation,non_event,0,
Microsoft,Microsoft,Microsoft Corporation,Microsoft Corporation_Earnings Call_2024-07-30T00_00_00_English.docx,microsoft/Microsoft Corporation_Earnings Call_2024-07-30T00_00_00_English.docx,2024-07-30,2024,2023-01-18,559,2024,FQ4,FQ4 2024 Earnings Call,1,Microsoft,10000.0,Seattle,https://www.usatoday.com/story/money/2023/01/18/microsoft-layoffs-10000-employees-stock/11074235002/,9,largest_valid_total_laid_off_on_a_SINGLE_eligible_event_row_with_event_date_2021-01-01_to_2024-12-31_no_aggregation,non_event,0,
PayPal,PayPal,"PayPal Holdings, Inc.","PayPal Holdings, Inc._Earnings Call_2021-05-05T00_00_00_English.docx","PayPal/PayPal Holdings, Inc._Earnings Call_2021-05-05T00_00_00_English.docx",2021-05-05,2021,2024-01-30,-1000,2021,FQ1,FQ1 2021 Earnings Call,1,PayPal,2500.0,SF Bay Area,https://www.bloomberg.com/news/articles/2024-01-30/paypal-to-cut-around-2-500-jobs-as-rivals-snag-market-share,4,largest_valid_total_laid_off_on_a_SINGLE_eligible_event_row_with_event_date_2021-01-01_to_2024-12-31_no_aggregation,non_event,0,
PayPal,PayPal,"PayPal Holdings, Inc.","PayPal Holdings, Inc._Earnings Call_2021-07-28T00_00_00_English.docx","PayPal/PayPal Holdings, Inc._Earnings Call_2021-07-28T00_00_00_English.docx",2021-07-28,2021,2024-01-30,-916,2021,FQ2,FQ2 2021 Earnings Call,1,PayPal,2500.0,SF Bay Area,https://www.bloomberg.com/news/articles/2024-01-30/paypal-to-cut-around-2-500-jobs-as-rivals-snag-market-share,4,largest_valid_total_laid_off_on_a_SINGLE_eligible_event_row_with_event_date_2021-01-01_to_2024-12-31_no_aggregation,non_event,0,
PayPal,PayPal,"PayPal Holdings, Inc.","PayPal Holdings, Inc._Earnings Call_2021-11-08T00_00_00_English.docx","PayPal/PayPal Holdings, Inc._Earnings Call_2021-11-08T00_00_00_English.docx",2021-11-08,2021,2024-01-30,-813,2021,FQ3,FQ3 2021 Earnings Call,1,PayPal,2500.0,SF Bay Area,https://www.bloomberg.com/news/articles/2024-01-30/paypal-to-cut-around-2-500-jobs-as-rivals-snag-market-share,4,largest_valid_total_laid_off_on_a_SINGLE_eligible_event_row_with_event_date_2021-01-01_to_2024-12-31_no_aggregation,non_event,0,
PayPal,PayPal,"PayPal Holdings, Inc.","PayPal Holdings, Inc._Earnings Call_2022-02-01T00_00_00_English.docx","PayPal/PayPal Holdings, Inc._Earnings Call_2022-02-01T00_00_00_English.docx",2022-02-01,2022,2024-01-30,-728,2021,FQ4,FQ4 2021 Earnings Call,1,PayPal,2500.0,SF Bay Area,https://www.bloomberg.com/news/articles/2024-01-30/paypal-to-cut-around-2-500-jobs-as-rivals-snag-market-share,4,largest_valid_total_laid_off_on_a_SINGLE_eligible_event_row_with_event_date_2021-01-01_to_2024-12-31_no_aggregation,non_event,0,
PayPal,PayPal,"PayPal Holdings, Inc.","PayPal Holdings, Inc._Earnings Call_2022-04-27T00_00_00_English.docx","PayPal/PayPal Holdings, Inc._Earnings Call_2022-04-27T00_00_00_English.docx",2022-04-27,2022,2024-01-30,-643,2022,FQ1,FQ1 2022 Earnings Call,1,PayPal,2500.0,SF Bay Area,https://www.bloomberg.com/news/articles/2024-01-30/paypal-to-cut-around-2-500-jobs-as-rivals-snag-market-share,4,largest_valid_total_laid_off_on_a_SINGLE_eligible_event_row_with_event_date_2021-01-01_to_2024-12-31_no_aggregation,non_event,0,
PayPal,PayPal,"PayPal Holdings, Inc.","PayPal Holdings, Inc._Earnings Call_2022-08-02T00_00_00_English.docx","PayPal/PayPal Holdings, Inc._Earnings Call_2022-08-02T00_00_00_English.docx",2022-08-02,2022,2024-01-30,-546,2022,FQ2,FQ2 2022 Earnings Call,1,PayPal,2500.0,SF Bay Area,https://www.bloomberg.com/news/articles/2024-01-30/paypal-to-cut-around-2-500-jobs-as-rivals-snag-market-share,4,largest_valid_total_laid_off_on_a_SINGLE_eligible_event_row_with_event_date_2021-01-01_to_2024-12-31_no_aggregation,non_event,0,
PayPal,PayPal,"PayPal Holdings, Inc.","PayPal Holdings, Inc._Earnings Call_2022-11-03T00_00_00_English.docx","PayPal/PayPal Holdings, Inc._Earnings Call_2022-11-03T00_00_00_English.docx",2022-11-03,2022,2024-01-30,-453,2022,FQ3,FQ3 2022 Earnings Call,1,PayPal,2500.0,SF Bay Area,https://www.bloomberg.com/news/articles/2024-01-30/paypal-to-cut-around-2-500-jobs-as-rivals-snag-market-share,4,largest_valid_total_laid_off_on_a_SINGLE_eligible_event_row_with_event_date_2021-01-01_to_2024-12-31_no_aggregation,non_event,0,
PayPal,PayPal,"PayPal Holdings, Inc.","PayPal Holdings, Inc._Earnings Call_2023-02-09T00_00_00_English.docx","PayPal/PayPal Holdings, Inc._Earnings Call_2023-02-09T00_00_00_English.docx",2023-02-09,2023,2024-01-30,-355,2022,FQ4,FQ4 2022 Earnings Call Transcripts,1,PayPal,2500.0,SF Bay Area,https://www.bloomberg.com/news/articles/2024-01-30/paypal-to-cut-around-2-500-jobs-as-rivals-snag-market-share,4,largest_valid_total_laid_off_on_a_SINGLE_eligible_event_row_with_event_date_2021-01-01_to_2024-12-31_no_aggregation,non_event,0,
PayPal,PayPal,"PayPal Holdings, Inc.","PayPal Holdings, Inc._Earnings Call_2023-05-08T00_00_00_English.docx","PayPal/PayPal Holdings, Inc._Earnings Call_2023-05-08T00_00_00_English.docx",2023-05-08,2023,2024-01-30,-267,2023,FQ1,FQ1 2023 Earnings Call,1,PayPal,2500.0,SF Bay Area,https://www.bloomberg.com/news/articles/2024-01-30/paypal-to-cut-around-2-500-jobs-as-rivals-snag-market-share,4,largest_valid_total_laid_off_on_a_SINGLE_eligible_event_row_with_event_date_2021-01-01_to_2024-12-31_no_aggregation,non_event,0,
PayPal,PayPal,"PayPal Holdings, Inc.","PayPal Holdings, Inc._Earnings Call_2023-08-02T00_00_00_English.docx","PayPal/PayPal Holdings, Inc._Earnings Call_2023-08-02T00_00_00_English.docx",2023-08-02,2023,2024-01-30,-181,2023,FQ2,FQ2 2023 Earnings Call,1,PayPal,2500.0,SF Bay Area,https://www.bloomberg.com/news/articles/2024-01-30/paypal-to-cut-around-2-500-jobs-as-rivals-snag-market-share,4,largest_valid_total_laid_off_on_a_SINGLE_eligible_event_row_with_event_date_2021-01-01_to_2024-12-31_no_aggregation,pre_2,0,
PayPal,PayPal,"PayPal Holdings, Inc.","PayPal Holdings, Inc._Earnings Call_2023-11-01T00_00_00_English.docx","PayPal/PayPal Holdings, Inc._Earnings Call_2023-11-01T00_00_00_English.docx",2023-11-01,2023,2024-01-30,-90,2023,FQ3,FQ3 2023 Earnings Call,1,PayPal,2500.0,SF Bay Area,https://www.bloomberg.com/news/articles/2024-01-30/paypal-to-cut-around-2-500-jobs-as-rivals-snag-market-share,4,largest_valid_total_laid_off_on_a_SINGLE_eligible_event_row_with_event_date_2021-01-01_to_2024-12-31_no_aggregation,pre_1,0,
PayPal,PayPal,"PayPal Holdings, Inc.","PayPal Holdings, Inc._Earnings Call_2024-02-07T00_00_00_English.docx","PayPal/PayPal Holdings, Inc._Earnings Call_2024-02-07T00_00_00_English.docx",2024-02-07,2024,2024-01-30,8,2023,FQ4,FQ4 2023 Earnings Call Transcripts,1,PayPal,2500.0,SF Bay Area,https://www.bloomberg.com/news/articles/2024-01-30/paypal-to-cut-around-2-500-jobs-as-rivals-snag-market-share,4,largest_valid_total_laid_off_on_a_SINGLE_eligible_event_row_with_event_date_2021-01-01_to_2024-12-31_no_aggregation,post_1,0,
PayPal,PayPal,"PayPal Holdings, Inc.","PayPal Holdings, Inc._Earnings Call_2024-04-30T00_00_00_English.docx","PayPal/PayPal Holdings, Inc._Earnings Call_2024-04-30T00_00_00_English.docx",2024-04-30,2024,2024-01-30,91,2024,FQ1,FQ1 2024 Earnings Call,1,PayPal,2500.0,SF Bay Area,https://www.bloomberg.com/news/articles/2024-01-30/paypal-to-cut-around-2-500-jobs-as-rivals-snag-market-share,4,largest_valid_total_laid_off_on_a_SINGLE_eligible_event_row_with_event_date_2021-01-01_to_2024-12-31_no_aggregation,post_2,0,
PayPal,PayPal,"PayPal Holdings, Inc.","PayPal Holdings, Inc._Earnings Call_2024-07-30T00_00_00_English.docx","PayPal/PayPal Holdings, Inc._Earnings Call_2024-07-30T00_00_00_English.docx",2024-07-30,2024,2024-01-30,182,2024,FQ2,FQ2 2024 Earnings Call,1,PayPal,2500.0,SF Bay Area,https://www.bloomberg.com/news/articles/2024-01-30/paypal-to-cut-around-2-500-jobs-as-rivals-snag-market-share,4,largest_valid_total_laid_off_on_a_SINGLE_eligible_event_row_with_event_date_2021-01-01_to_2024-12-31_no_aggregation,non_event,0,
PayPal,PayPal,"PayPal Holdings, Inc.","PayPal Holdings, Inc._Earnings Call_2024-10-29T00_00_00_English.docx","PayPal/PayPal Holdings, Inc._Earnings Call_2024-10-29T00_00_00_English.docx",2024-10-29,2024,2024-01-30,273,2024,FQ3,FQ3 2024 Earnings Call,1,PayPal,2500.0,SF Bay Area,https://www.bloomberg.com/news/articles/2024-01-30/paypal-to-cut-around-2-500-jobs-as-rivals-snag-market-share,4,largest_valid_total_laid_off_on_a_SINGLE_eligible_event_row_with_event_date_2021-01-01_to_2024-12-31_no_aggregation,non_event,0,
PayPal,PayPal,"PayPal Holdings, Inc.","PayPal Holdings, Inc._Earnings Call_2025-02-04T00_00_00_English.docx","PayPal/PayPal Holdings, Inc._Earnings Call_2025-02-04T00_00_00_English.docx",2025-02-04,2025,2024-01-30,371,2024,FQ4,FQ4 2024 Earnings Call,1,PayPal,2500.0,SF Bay Area,https://www.bloomberg.com/news/articles/2024-01-30/paypal-to-cut-around-2-500-jobs-as-rivals-snag-market-share,4,largest_valid_total_laid_off_on_a_SINGLE_eligible_event_row_with_event_date_2021-01-01_to_2024-12-31_no_aggregation,non_event,0,
SAP,SAP,SAP SE,SAP SE_Earnings Call_2021-04-22T00_00_00_English.docx,SAP/SAP SE_Earnings Call_2021-04-22T00_00_00_English.docx,2021-04-22,2021,2024-01-23,-1006,2021,FQ1,FQ1 2021 Earnings Call,1,SAP,8000.0,"Walldorf, Non-U.S.",https://www.cnbc.com/2024/01/23/sap-plans-job-changes-or-buyouts-for-8000-employees-in-restructuring-plan.html,2,largest_valid_total_laid_off_on_a_SINGLE_eligible_event_row_with_event_date_2021-01-01_to_2024-12-31_no_aggregation,non_event,1,preliminary transcript copy
SAP,SAP,SAP SE,SAP SE_Earnings Call_2021-07-21T00_00_00_English.docx,SAP/SAP SE_Earnings Call_2021-07-21T00_00_00_English.docx,2021-07-21,2021,2024-01-23,-916,2021,FQ2,FQ2 2021 Earnings Call,1,SAP,8000.0,"Walldorf, Non-U.S.",https://www.cnbc.com/2024/01/23/sap-plans-job-changes-or-buyouts-for-8000-employees-in-restructuring-plan.html,2,largest_valid_total_laid_off_on_a_SINGLE_eligible_event_row_with_event_date_2021-01-01_to_2024-12-31_no_aggregation,non_event,0,
SAP,SAP,SAP SE,SAP SE_Earnings Call_2021-10-21T00_00_00_English.docx,SAP/SAP SE_Earnings Call_2021-10-21T00_00_00_English.docx,2021-10-21,2021,2024-01-23,-824,2021,FQ3,FQ3 2021 Earnings Call,1,SAP,8000.0,"Walldorf, Non-U.S.",https://www.cnbc.com/2024/01/23/sap-plans-job-changes-or-buyouts-for-8000-employees-in-restructuring-plan.html,2,largest_valid_total_laid_off_on_a_SINGLE_eligible_event_row_with_event_date_2021-01-01_to_2024-12-31_no_aggregation,non_event,0,
SAP,SAP,SAP SE,SAP SE_Earnings Call_2022-01-27T00_00_00_English.docx,SAP/SAP SE_Earnings Call_2022-01-27T00_00_00_English.docx,2022-01-27,2022,2024-01-23,-726,2021,FQ4,FQ4 2021 Earnings Call,1,SAP,8000.0,"Walldorf, Non-U.S.",https://www.cnbc.com/2024/01/23/sap-plans-job-changes-or-buyouts-for-8000-employees-in-restructuring-plan.html,2,largest_valid_total_laid_off_on_a_SINGLE_eligible_event_row_with_event_date_2021-01-01_to_2024-12-31_no_aggregation,non_event,0,
SAP,SAP,SAP SE,SAP SE_Earnings Call_2022-04-22T00_00_00_English.docx,SAP/SAP SE_Earnings Call_2022-04-22T00_00_00_English.docx,2022-04-22,2022,2024-01-23,-641,2022,FQ1,FQ1 2022 Earnings Call,1,SAP,8000.0,"Walldorf, Non-U.S.",https://www.cnbc.com/2024/01/23/sap-plans-job-changes-or-buyouts-for-8000-employees-in-restructuring-plan.html,2,largest_valid_total_laid_off_on_a_SINGLE_eligible_event_row_with_event_date_2021-01-01_to_2024-12-31_no_aggregation,non_event,0,
SAP,SAP,SAP SE,SAP SE_Earnings Call_2022-07-21T00_00_00_English.docx,SAP/SAP SE_Earnings Call_2022-07-21T00_00_00_English.docx,2022-07-21,2022,2024-01-23,-551,2022,FQ2,FQ2 2022 Earnings Call,1,SAP,8000.0,"Walldorf, Non-U.S.",https://www.cnbc.com/2024/01/23/sap-plans-job-changes-or-buyouts-for-8000-employees-in-restructuring-plan.html,2,largest_valid_total_laid_off_on_a_SINGLE_eligible_event_row_with_event_date_2021-01-01_to_2024-12-31_no_aggregation,non_event,0,
SAP,SAP,SAP SE,SAP SE_Earnings Call_2022-10-25T00_00_00_English.docx,SAP/SAP SE_Earnings Call_2022-10-25T00_00_00_English.docx,2022-10-25,2022,2024-01-23,-455,2022,FQ3,FQ3 2022 Earnings Call,1,SAP,8000.0,"Walldorf, Non-U.S.",https://www.cnbc.com/2024/01/23/sap-plans-job-changes-or-buyouts-for-8000-employees-in-restructuring-plan.html,2,largest_valid_total_laid_off_on_a_SINGLE_eligible_event_row_with_event_date_2021-01-01_to_2024-12-31_no_aggregation,non_event,0,
SAP,SAP,SAP SE,SAP SE_Earnings Call_2023-01-26T00_00_00_English.docx,SAP/SAP SE_Earnings Call_2023-01-26T00_00_00_English.docx,2023-01-26,2023,2024-01-23,-362,2022,FQ4,FQ4 2022 Earnings Call,1,SAP,8000.0,"Walldorf, Non-U.S.",https://www.cnbc.com/2024/01/23/sap-plans-job-changes-or-buyouts-for-8000-employees-in-restructuring-plan.html,2,largest_valid_total_laid_off_on_a_SINGLE_eligible_event_row_with_event_date_2021-01-01_to_2024-12-31_no_aggregation,non_event,0,
SAP,SAP,SAP SE,SAP SE_Earnings Call_2023-04-21T00_00_00_English.docx,SAP/SAP SE_Earnings Call_2023-04-21T00_00_00_English.docx,2023-04-21,2023,2024-01-23,-277,2023,FQ1,FQ1 2023 Earnings Call,1,SAP,8000.0,"Walldorf, Non-U.S.",https://www.cnbc.com/2024/01/23/sap-plans-job-changes-or-buyouts-for-8000-employees-in-restructuring-plan.html,2,largest_valid_total_laid_off_on_a_SINGLE_eligible_event_row_with_event_date_2021-01-01_to_2024-12-31_no_aggregation,non_event,0,
SAP,SAP,SAP SE,SAP SE_Earnings Call_2023-07-20T00_00_00_English.docx,SAP/SAP SE_Earnings Call_2023-07-20T00_00_00_English.docx,2023-07-20,2023,2024-01-23,-187,2023,FQ2,FQ2 2023 Earnings Call,1,SAP,8000.0,"Walldorf, Non-U.S.",https://www.cnbc.com/2024/01/23/sap-plans-job-changes-or-buyouts-for-8000-employees-in-restructuring-plan.html,2,largest_valid_total_laid_off_on_a_SINGLE_eligible_event_row_with_event_date_2021-01-01_to_2024-12-31_no_aggregation,pre_2,0,
SAP,SAP,SAP SE,SAP SE_Earnings Call_2023-10-18T00_00_00_English.docx,SAP/SAP SE_Earnings Call_2023-10-18T00_00_00_English.docx,2023-10-18,2023,2024-01-23,-97,2023,FQ3,FQ3 2023 Earnings Call,1,SAP,8000.0,"Walldorf, Non-U.S.",https://www.cnbc.com/2024/01/23/sap-plans-job-changes-or-buyouts-for-8000-employees-in-restructuring-plan.html,2,largest_valid_total_laid_off_on_a_SINGLE_eligible_event_row_with_event_date_2021-01-01_to_2024-12-31_no_aggregation,pre_1,0,
SAP,SAP,SAP SE,SAP SE_Earnings Call_2024-01-24T00_00_00_English.docx,SAP/SAP SE_Earnings Call_2024-01-24T00_00_00_English.docx,2024-01-24,2024,2024-01-23,1,2023,FQ4,FQ4 2023 Earnings Call,1,SAP,8000.0,"Walldorf, Non-U.S.",https://www.cnbc.com/2024/01/23/sap-plans-job-changes-or-buyouts-for-8000-employees-in-restructuring-plan.html,2,largest_valid_total_laid_off_on_a_SINGLE_eligible_event_row_with_event_date_2021-01-01_to_2024-12-31_no_aggregation,post_1,0,
SAP,SAP,SAP SE,SAP SE_Earnings Call_2024-04-22T00_00_00_English.docx,SAP/SAP SE_Earnings Call_2024-04-22T00_00_00_English.docx,2024-04-22,2024,2024-01-23,90,2024,FQ1,FQ1 2024 Earnings Call,1,SAP,8000.0,"Walldorf, Non-U.S.",https://www.cnbc.com/2024/01/23/sap-plans-job-changes-or-buyouts-for-8000-employees-in-restructuring-plan.html,2,largest_valid_total_laid_off_on_a_SINGLE_eligible_event_row_with_event_date_2021-01-01_to_2024-12-31_no_aggregation,post_2,0,
SAP,SAP,SAP SE,SAP SE_Earnings Call_2024-07-22T00_00_00_English.docx,SAP/SAP SE_Earnings Call_2024-07-22T00_00_00_English.docx,2024-07-22,2024,2024-01-23,181,2024,FQ2,FQ2 2024 Earnings Call,1,SAP,8000.0,"Walldorf, Non-U.S.",https://www.cnbc.com/2024/01/23/sap-plans-job-changes-or-buyouts-for-8000-employees-in-restructuring-plan.html,2,largest_valid_total_laid_off_on_a_SINGLE_eligible_event_row_with_event_date_2021-01-01_to_2024-12-31_no_aggregation,non_event,0,
SAP,SAP,SAP SE,SAP SE_Earnings Call_2024-10-21T00_00_00_English.docx,SAP/SAP SE_Earnings Call_2024-10-21T00_00_00_English.docx,2024-10-21,2024,2024-01-23,272,2024,FQ3,FQ3 2024 Earnings Call,1,SAP,8000.0,"Walldorf, Non-U.S.",https://www.cnbc.com/2024/01/23/sap-plans-job-changes-or-buyouts-for-8000-employees-in-restructuring-plan.html,2,largest_valid_total_laid_off_on_a_SINGLE_eligible_event_row_with_event_date_2021-01-01_to_2024-12-31_no_aggregation,non_event,0,
SAP,SAP,SAP SE,SAP SE_Earnings Call_2025-01-28T00_00_00_English.docx,SAP/SAP SE_Earnings Call_2025-01-28T00_00_00_English.docx,2025-01-28,2025,2024-01-23,371,2024,FQ4,FQ4 2024 Earnings Call,1,SAP,8000.0,"Walldorf, Non-U.S.",https://www.cnbc.com/2024/01/23/sap-plans-job-changes-or-buyouts-for-8000-employees-in-restructuring-plan.html,2,largest_valid_total_laid_off_on_a_SINGLE_eligible_event_row_with_event_date_2021-01-01_to_2024-12-31_no_aggregation,non_event,0,
Salesforce,Salesforce,"Salesforce, Inc.","Salesforce, Inc._Earnings Call_2020-05-28T00_00_00_English.docx","Salesforce/Salesforce, Inc._Earnings Call_2020-05-28T00_00_00_English.docx",2020-05-28,2020,2023-01-04,-951,2021,FQ1,FQ1 2021 Earnings Call,1,Salesforce,8000.0,SF Bay Area,https://www.nytimes.com/2023/01/04/business/salesforce-layoffs.html,6,largest_valid_total_laid_off_on_a_SINGLE_eligible_event_row_with_event_date_2021-01-01_to_2024-12-31_no_aggregation,non_event,0,
Salesforce,Salesforce,"Salesforce, Inc.","Salesforce, Inc._Earnings Call_2020-08-25T00_00_00_English.docx","Salesforce/Salesforce, Inc._Earnings Call_2020-08-25T00_00_00_English.docx",2020-08-25,2020,2023-01-04,-862,2021,FQ2,FQ2 2021 Earnings Call Transcripts,1,Salesforce,8000.0,SF Bay Area,https://www.nytimes.com/2023/01/04/business/salesforce-layoffs.html,6,largest_valid_total_laid_off_on_a_SINGLE_eligible_event_row_with_event_date_2021-01-01_to_2024-12-31_no_aggregation,non_event,0,
Salesforce,Salesforce,"Salesforce, Inc.","Salesforce, Inc._Earnings Call_2020-12-01T00_00_00_English.docx","Salesforce/Salesforce, Inc._Earnings Call_2020-12-01T00_00_00_English.docx",2020-12-01,2020,2023-01-04,-764,2021,FQ3,FQ3 2021 Earnings Call Transcripts,1,Salesforce,8000.0,SF Bay Area,https://www.nytimes.com/2023/01/04/business/salesforce-layoffs.html,6,largest_valid_total_laid_off_on_a_SINGLE_eligible_event_row_with_event_date_2021-01-01_to_2024-12-31_no_aggregation,non_event,0,
Salesforce,Salesforce,"Salesforce, Inc.","Salesforce, Inc._Earnings Call_2021-02-25T00_00_00_English.docx","Salesforce/Salesforce, Inc._Earnings Call_2021-02-25T00_00_00_English.docx",2021-02-25,2021,2023-01-04,-678,2021,FQ4,FQ4 2021 Earnings Call,1,Salesforce,8000.0,SF Bay Area,https://www.nytimes.com/2023/01/04/business/salesforce-layoffs.html,6,largest_valid_total_laid_off_on_a_SINGLE_eligible_event_row_with_event_date_2021-01-01_to_2024-12-31_no_aggregation,non_event,0,
Salesforce,Salesforce,"Salesforce, Inc.","Salesforce, Inc._Earnings Call_2021-05-27T00_00_00_English.docx","Salesforce/Salesforce, Inc._Earnings Call_2021-05-27T00_00_00_English.docx",2021-05-27,2021,2023-01-04,-587,2022,FQ1,FQ1 2022 Earnings Call,1,Salesforce,8000.0,SF Bay Area,https://www.nytimes.com/2023/01/04/business/salesforce-layoffs.html,6,largest_valid_total_laid_off_on_a_SINGLE_eligible_event_row_with_event_date_2021-01-01_to_2024-12-31_no_aggregation,non_event,0,
Salesforce,Salesforce,"Salesforce, Inc.","Salesforce, Inc._Earnings Call_2021-08-25T00_00_00_English.docx","Salesforce/Salesforce, Inc._Earnings Call_2021-08-25T00_00_00_English.docx",2021-08-25,2021,2023-01-04,-497,2022,FQ2,FQ2 2022 Earnings Call Transcripts,1,Salesforce,8000.0,SF Bay Area,https://www.nytimes.com/2023/01/04/business/salesforce-layoffs.html,6,largest_valid_total_laid_off_on_a_SINGLE_eligible_event_row_with_event_date_2021-01-01_to_2024-12-31_no_aggregation,non_event,0,
Salesforce,Salesforce,"Salesforce, Inc.","Salesforce, Inc._Earnings Call_2021-11-30T00_00_00_English.docx","Salesforce/Salesforce, Inc._Earnings Call_2021-11-30T00_00_00_English.docx",2021-11-30,2021,2023-01-04,-400,2022,FQ3,FQ3 2022 Earnings Call Transcripts,1,Salesforce,8000.0,SF Bay Area,https://www.nytimes.com/2023/01/04/business/salesforce-layoffs.html,6,largest_valid_total_laid_off_on_a_SINGLE_eligible_event_row_with_event_date_2021-01-01_to_2024-12-31_no_aggregation,non_event,0,
Salesforce,Salesforce,"Salesforce, Inc.","Salesforce, Inc._Earnings Call_2022-03-01T00_00_00_English.docx","Salesforce/Salesforce, Inc._Earnings Call_2022-03-01T00_00_00_English.docx",2022-03-01,2022,2023-01-04,-309,2022,FQ4,FQ4 2022 Earnings Call,1,Salesforce,8000.0,SF Bay Area,https://www.nytimes.com/2023/01/04/business/salesforce-layoffs.html,6,largest_valid_total_laid_off_on_a_SINGLE_eligible_event_row_with_event_date_2021-01-01_to_2024-12-31_no_aggregation,non_event,0,
Salesforce,Salesforce,"Salesforce, Inc.","Salesforce, Inc._Earnings Call_2022-05-31T00_00_00_English.docx","Salesforce/Salesforce, Inc._Earnings Call_2022-05-31T00_00_00_English.docx",2022-05-31,2022,2023-01-04,-218,2023,FQ1,FQ1 2023 Earnings Call,1,Salesforce,8000.0,SF Bay Area,https://www.nytimes.com/2023/01/04/business/salesforce-layoffs.html,6,largest_valid_total_laid_off_on_a_SINGLE_eligible_event_row_with_event_date_2021-01-01_to_2024-12-31_no_aggregation,non_event,0,
Salesforce,Salesforce,"Salesforce, Inc.","Salesforce, Inc._Earnings Call_2022-08-24T00_00_00_English.docx","Salesforce/Salesforce, Inc._Earnings Call_2022-08-24T00_00_00_English.docx",2022-08-24,2022,2023-01-04,-133,2023,FQ2,FQ2 2023 Earnings Call,1,Salesforce,8000.0,SF Bay Area,https://www.nytimes.com/2023/01/04/business/salesforce-layoffs.html,6,largest_valid_total_laid_off_on_a_SINGLE_eligible_event_row_with_event_date_2021-01-01_to_2024-12-31_no_aggregation,pre_2,0,
Salesforce,Salesforce,"Salesforce, Inc.","Salesforce, Inc._Earnings Call_2022-11-30T00_00_00_English.docx","Salesforce/Salesforce, Inc._Earnings Call_2022-11-30T00_00_00_English.docx",2022-11-30,2022,2023-01-04,-35,2023,FQ3,FQ3 2023 Earnings Call,1,Salesforce,8000.0,SF Bay Area,https://www.nytimes.com/2023/01/04/business/salesforce-layoffs.html,6,largest_valid_total_laid_off_on_a_SINGLE_eligible_event_row_with_event_date_2021-01-01_to_2024-12-31_no_aggregation,pre_1,0,
Salesforce,Salesforce,"Salesforce, Inc.","Salesforce, Inc._Earnings Call_2023-03-01T00_00_00_English.docx","Salesforce/Salesforce, Inc._Earnings Call_2023-03-01T00_00_00_English.docx",2023-03-01,2023,2023-01-04,56,2023,FQ4,FY 2023 Earnings Call,1,Salesforce,8000.0,SF Bay Area,https://www.nytimes.com/2023/01/04/business/salesforce-layoffs.html,6,largest_valid_total_laid_off_on_a_SINGLE_eligible_event_row_with_event_date_2021-01-01_to_2024-12-31_no_aggregation,post_1,0,
Salesforce,Salesforce,"Salesforce, Inc.","Salesforce, Inc._Earnings Call_2023-05-31T00_00_00_English.docx","Salesforce/Salesforce, Inc._Earnings Call_2023-05-31T00_00_00_English.docx",2023-05-31,2023,2023-01-04,147,2024,FQ1,FQ1 2024 Earnings Call,1,Salesforce,8000.0,SF Bay Area,https://www.nytimes.com/2023/01/04/business/salesforce-layoffs.html,6,largest_valid_total_laid_off_on_a_SINGLE_eligible_event_row_with_event_date_2021-01-01_to_2024-12-31_no_aggregation,post_2,0,
Salesforce,Salesforce,"Salesforce, Inc.","Salesforce, Inc._Earnings Call_2023-08-30T00_00_00_English.docx","Salesforce/Salesforce, Inc._Earnings Call_2023-08-30T00_00_00_English.docx",2023-08-30,2023,2023-01-04,238,2024,FQ2,FQ2 2024 Earnings Call,1,Salesforce,8000.0,SF Bay Area,https://www.nytimes.com/2023/01/04/business/salesforce-layoffs.html,6,largest_valid_total_laid_off_on_a_SINGLE_eligible_event_row_with_event_date_2021-01-01_to_2024-12-31_no_aggregation,non_event,0,
Salesforce,Salesforce,"Salesforce, Inc.","Salesforce, Inc._Earnings Call_2023-11-29T00_00_00_English.docx","Salesforce/Salesforce, Inc._Earnings Call_2023-11-29T00_00_00_English.docx",2023-11-29,2023,2023-01-04,329,2024,FQ3,FQ3 2024 Earnings Call,1,Salesforce,8000.0,SF Bay Area,https://www.nytimes.com/2023/01/04/business/salesforce-layoffs.html,6,largest_valid_total_laid_off_on_a_SINGLE_eligible_event_row_with_event_date_2021-01-01_to_2024-12-31_no_aggregation,non_event,0,
Salesforce,Salesforce,"Salesforce, Inc.","Salesforce, Inc._Earnings Call_2024-02-28T00_00_00_English.docx","Salesforce/Salesforce, Inc._Earnings Call_2024-02-28T00_00_00_English.docx",2024-02-28,2024,2023-01-04,420,2024,FQ4,FQ4 2024 Earnings Call,1,Salesforce,8000.0,SF Bay Area,https://www.nytimes.com/2023/01/04/business/salesforce-layoffs.html,6,largest_valid_total_laid_off_on_a_SINGLE_eligible_event_row_with_event_date_2021-01-01_to_2024-12-31_no_aggregation,non_event,0,
Shopify,Shopify,Shopify Inc.,Shopify Inc._Earnings Call_2021-04-28T00_00_00_English.docx,shopify/Shopify Inc._Earnings Call_2021-04-28T00_00_00_English.docx,2021-04-28,2021,2023-05-04,-736,2021,FQ1,FQ1 2021 Earnings Call,1,Shopify,2300.0,"Ottawa, Non-U.S.",https://www.cbc.ca/news/business/shopify-layoffs-1.6831842,4,largest_valid_total_laid_off_on_a_SINGLE_eligible_event_row_with_event_date_2021-01-01_to_2024-12-31_no_aggregation,non_event,0,
Shopify,Shopify,Shopify Inc.,Shopify Inc._Earnings Call_2021-07-28T00_00_00_English.docx,shopify/Shopify Inc._Earnings Call_2021-07-28T00_00_00_English.docx,2021-07-28,2021,2023-05-04,-645,2021,FQ2,FQ2 2021 Earnings Call,1,Shopify,2300.0,"Ottawa, Non-U.S.",https://www.cbc.ca/news/business/shopify-layoffs-1.6831842,4,largest_valid_total_laid_off_on_a_SINGLE_eligible_event_row_with_event_date_2021-01-01_to_2024-12-31_no_aggregation,non_event,0,
Shopify,Shopify,Shopify Inc.,Shopify Inc._Earnings Call_2021-10-28T00_00_00_English.docx,shopify/Shopify Inc._Earnings Call_2021-10-28T00_00_00_English.docx,2021-10-28,2021,2023-05-04,-553,2021,FQ3,FQ3 2021 Earnings Call,1,Shopify,2300.0,"Ottawa, Non-U.S.",https://www.cbc.ca/news/business/shopify-layoffs-1.6831842,4,largest_valid_total_laid_off_on_a_SINGLE_eligible_event_row_with_event_date_2021-01-01_to_2024-12-31_no_aggregation,non_event,0,
Shopify,Shopify,Shopify Inc.,Shopify Inc._Earnings Call_2022-02-16T00_00_00_English.docx,shopify/Shopify Inc._Earnings Call_2022-02-16T00_00_00_English.docx,2022-02-16,2022,2023-05-04,-442,2021,FQ4,FQ4 2021 Earnings Call,1,Shopify,2300.0,"Ottawa, Non-U.S.",https://www.cbc.ca/news/business/shopify-layoffs-1.6831842,4,largest_valid_total_laid_off_on_a_SINGLE_eligible_event_row_with_event_date_2021-01-01_to_2024-12-31_no_aggregation,non_event,0,
Shopify,Shopify,Shopify Inc.,Shopify Inc._Earnings Call_2022-05-05T00_00_00_English.docx,shopify/Shopify Inc._Earnings Call_2022-05-05T00_00_00_English.docx,2022-05-05,2022,2023-05-04,-364,2022,FQ1,FQ1 2022 Earnings Call,1,Shopify,2300.0,"Ottawa, Non-U.S.",https://www.cbc.ca/news/business/shopify-layoffs-1.6831842,4,largest_valid_total_laid_off_on_a_SINGLE_eligible_event_row_with_event_date_2021-01-01_to_2024-12-31_no_aggregation,non_event,0,
Shopify,Shopify,Shopify Inc.,Shopify Inc._Earnings Call_2022-07-27T00_00_00_English.docx,shopify/Shopify Inc._Earnings Call_2022-07-27T00_00_00_English.docx,2022-07-27,2022,2023-05-04,-281,2022,FQ2,FQ2 2022 Earnings Call,1,Shopify,2300.0,"Ottawa, Non-U.S.",https://www.cbc.ca/news/business/shopify-layoffs-1.6831842,4,largest_valid_total_laid_off_on_a_SINGLE_eligible_event_row_with_event_date_2021-01-01_to_2024-12-31_no_aggregation,non_event,0,
Shopify,Shopify,Shopify Inc.,Shopify Inc._Earnings Call_2022-10-27T00_00_00_English.docx,shopify/Shopify Inc._Earnings Call_2022-10-27T00_00_00_English.docx,2022-10-27,2022,2023-05-04,-189,2022,FQ3,FQ3 2022 Earnings Call,1,Shopify,2300.0,"Ottawa, Non-U.S.",https://www.cbc.ca/news/business/shopify-layoffs-1.6831842,4,largest_valid_total_laid_off_on_a_SINGLE_eligible_event_row_with_event_date_2021-01-01_to_2024-12-31_no_aggregation,pre_2,0,
Shopify,Shopify,Shopify Inc.,Shopify Inc._Earnings Call_2023-02-15T00_00_00_English.docx,shopify/Shopify Inc._Earnings Call_2023-02-15T00_00_00_English.docx,2023-02-15,2023,2023-05-04,-78,2022,FQ4,FQ4 2022 Earnings Call,1,Shopify,2300.0,"Ottawa, Non-U.S.",https://www.cbc.ca/news/business/shopify-layoffs-1.6831842,4,largest_valid_total_laid_off_on_a_SINGLE_eligible_event_row_with_event_date_2021-01-01_to_2024-12-31_no_aggregation,pre_1,0,
Shopify,Shopify,Shopify Inc.,Shopify Inc._Earnings Call_2023-05-04T00_00_00_English.docx,shopify/Shopify Inc._Earnings Call_2023-05-04T00_00_00_English.docx,2023-05-04,2023,2023-05-04,0,2023,FQ1,FQ1 2023 Earnings Call,1,Shopify,2300.0,"Ottawa, Non-U.S.",https://www.cbc.ca/news/business/shopify-layoffs-1.6831842,4,largest_valid_total_laid_off_on_a_SINGLE_eligible_event_row_with_event_date_2021-01-01_to_2024-12-31_no_aggregation,same_day,1,call held on the focal layoff date; treated as its own category and does not occupy pre_1 or post_1
Shopify,Shopify,Shopify Inc.,Shopify Inc._Earnings Call_2023-08-02T00_00_00_English.docx,shopify/Shopify Inc._Earnings Call_2023-08-02T00_00_00_English.docx,2023-08-02,2023,2023-05-04,90,2023,FQ2,FQ2 2023 Earnings Call,1,Shopify,2300.0,"Ottawa, Non-U.S.",https://www.cbc.ca/news/business/shopify-layoffs-1.6831842,4,largest_valid_total_laid_off_on_a_SINGLE_eligible_event_row_with_event_date_2021-01-01_to_2024-12-31_no_aggregation,post_1,0,
Shopify,Shopify,Shopify Inc.,Shopify Inc._Earnings Call_2023-11-02T00_00_00_English.docx,shopify/Shopify Inc._Earnings Call_2023-11-02T00_00_00_English.docx,2023-11-02,2023,2023-05-04,182,2023,FQ3,FQ3 2023 Earnings Call,1,Shopify,2300.0,"Ottawa, Non-U.S.",https://www.cbc.ca/news/business/shopify-layoffs-1.6831842,4,largest_valid_total_laid_off_on_a_SINGLE_eligible_event_row_with_event_date_2021-01-01_to_2024-12-31_no_aggregation,post_2,0,
Shopify,Shopify,Shopify Inc.,Shopify Inc._Earnings Call_2024-02-13T00_00_00_English.docx,shopify/Shopify Inc._Earnings Call_2024-02-13T00_00_00_English.docx,2024-02-13,2024,2023-05-04,285,2023,FQ4,FQ4 2023 Earnings Call,1,Shopify,2300.0,"Ottawa, Non-U.S.",https://www.cbc.ca/news/business/shopify-layoffs-1.6831842,4,largest_valid_total_laid_off_on_a_SINGLE_eligible_event_row_with_event_date_2021-01-01_to_2024-12-31_no_aggregation,non_event,0,
Shopify,Shopify,Shopify Inc.,Shopify Inc._Earnings Call_2024-05-08T00_00_00_English.docx,shopify/Shopify Inc._Earnings Call_2024-05-08T00_00_00_English.docx,2024-05-08,2024,2023-05-04,370,2024,FQ1,FQ1 2024 Earnings Call,1,Shopify,2300.0,"Ottawa, Non-U.S.",https://www.cbc.ca/news/business/shopify-layoffs-1.6831842,4,largest_valid_total_laid_off_on_a_SINGLE_eligible_event_row_with_event_date_2021-01-01_to_2024-12-31_no_aggregation,non_event,0,
Shopify,Shopify,Shopify Inc.,Shopify Inc._Earnings Call_2024-08-07T00_00_00_English.docx,shopify/Shopify Inc._Earnings Call_2024-08-07T00_00_00_English.docx,2024-08-07,2024,2023-05-04,461,2024,FQ2,FQ2 2024 Earnings Call,1,Shopify,2300.0,"Ottawa, Non-U.S.",https://www.cbc.ca/news/business/shopify-layoffs-1.6831842,4,largest_valid_total_laid_off_on_a_SINGLE_eligible_event_row_with_event_date_2021-01-01_to_2024-12-31_no_aggregation,non_event,0,
Shopify,Shopify,Shopify Inc.,Shopify Inc._Earnings Call_2024-11-12T00_00_00_English.docx,shopify/Shopify Inc._Earnings Call_2024-11-12T00_00_00_English.docx,2024-11-12,2024,2023-05-04,558,2024,FQ3,FQ3 2024 Earnings Call,1,Shopify,2300.0,"Ottawa, Non-U.S.",https://www.cbc.ca/news/business/shopify-layoffs-1.6831842,4,largest_valid_total_laid_off_on_a_SINGLE_eligible_event_row_with_event_date_2021-01-01_to_2024-12-31_no_aggregation,non_event,0,
Shopify,Shopify,Shopify Inc.,Shopify Inc._Earnings Call_2025-02-11T00_00_00_English.docx,shopify/Shopify Inc._Earnings Call_2025-02-11T00_00_00_English.docx,2025-02-11,2025,2023-05-04,649,2024,FQ4,FQ4 2024 Earnings Call,1,Shopify,2300.0,"Ottawa, Non-U.S.",https://www.cbc.ca/news/business/shopify-layoffs-1.6831842,4,largest_valid_total_laid_off_on_a_SINGLE_eligible_event_row_with_event_date_2021-01-01_to_2024-12-31_no_aggregation,non_event,0,
Snap,Snap,Snap Inc.,Snap Inc._Earnings Call_2021-04-22T00_00_00_English.docx,Snap/Snap Inc._Earnings Call_2021-04-22T00_00_00_English.docx,2021-04-22,2021,2022-08-31,-496,2021,FQ1,FQ1 2021 Earnings Call,1,Snap,1280.0,Los Angeles,https://www.theverge.com/2022/8/30/23329301/snap-layoffs-20-percent-employees-snapchat,4,largest_valid_total_laid_off_on_a_SINGLE_eligible_event_row_with_event_date_2021-01-01_to_2024-12-31_no_aggregation,non_event,0,
Snap,Snap,Snap Inc.,Snap Inc._Earnings Call_2021-07-22T00_00_00_English.docx,Snap/Snap Inc._Earnings Call_2021-07-22T00_00_00_English.docx,2021-07-22,2021,2022-08-31,-405,2021,FQ2,FQ2 2021 Earnings Call,1,Snap,1280.0,Los Angeles,https://www.theverge.com/2022/8/30/23329301/snap-layoffs-20-percent-employees-snapchat,4,largest_valid_total_laid_off_on_a_SINGLE_eligible_event_row_with_event_date_2021-01-01_to_2024-12-31_no_aggregation,non_event,0,
Snap,Snap,Snap Inc.,Snap Inc._Earnings Call_2021-10-21T00_00_00_English.docx,Snap/Snap Inc._Earnings Call_2021-10-21T00_00_00_English.docx,2021-10-21,2021,2022-08-31,-314,2021,FQ3,FQ3 2021 Earnings Call,1,Snap,1280.0,Los Angeles,https://www.theverge.com/2022/8/30/23329301/snap-layoffs-20-percent-employees-snapchat,4,largest_valid_total_laid_off_on_a_SINGLE_eligible_event_row_with_event_date_2021-01-01_to_2024-12-31_no_aggregation,non_event,0,
Snap,Snap,Snap Inc.,Snap Inc._Earnings Call_2022-02-03T00_00_00_English.docx,Snap/Snap Inc._Earnings Call_2022-02-03T00_00_00_English.docx,2022-02-03,2022,2022-08-31,-209,2021,FQ4,FQ4 2021 Earnings Call,1,Snap,1280.0,Los Angeles,https://www.theverge.com/2022/8/30/23329301/snap-layoffs-20-percent-employees-snapchat,4,largest_valid_total_laid_off_on_a_SINGLE_eligible_event_row_with_event_date_2021-01-01_to_2024-12-31_no_aggregation,non_event,0,
Snap,Snap,Snap Inc.,Snap Inc._Earnings Call_2022-04-21T00_00_00_English.docx,Snap/Snap Inc._Earnings Call_2022-04-21T00_00_00_English.docx,2022-04-21,2022,2022-08-31,-132,2022,FQ1,FQ1 2022 Earnings Call,1,Snap,1280.0,Los Angeles,https://www.theverge.com/2022/8/30/23329301/snap-layoffs-20-percent-employees-snapchat,4,largest_valid_total_laid_off_on_a_SINGLE_eligible_event_row_with_event_date_2021-01-01_to_2024-12-31_no_aggregation,pre_2,0,
Snap,Snap,Snap Inc.,Snap Inc._Earnings Call_2022-07-21T00_00_00_English.docx,Snap/Snap Inc._Earnings Call_2022-07-21T00_00_00_English.docx,2022-07-21,2022,2022-08-31,-41,2022,FQ2,FQ2 2022 Earnings Call,1,Snap,1280.0,Los Angeles,https://www.theverge.com/2022/8/30/23329301/snap-layoffs-20-percent-employees-snapchat,4,largest_valid_total_laid_off_on_a_SINGLE_eligible_event_row_with_event_date_2021-01-01_to_2024-12-31_no_aggregation,pre_1,0,
Snap,Snap,Snap Inc.,Snap Inc._Earnings Call_2022-10-20T00_00_00_English.docx,Snap/Snap Inc._Earnings Call_2022-10-20T00_00_00_English.docx,2022-10-20,2022,2022-08-31,50,2022,FQ3,FQ3 2022 Earnings Call,1,Snap,1280.0,Los Angeles,https://www.theverge.com/2022/8/30/23329301/snap-layoffs-20-percent-employees-snapchat,4,largest_valid_total_laid_off_on_a_SINGLE_eligible_event_row_with_event_date_2021-01-01_to_2024-12-31_no_aggregation,post_1,0,
Snap,Snap,Snap Inc.,Snap Inc._Earnings Call_2023-01-31T00_00_00_English.docx,Snap/Snap Inc._Earnings Call_2023-01-31T00_00_00_English.docx,2023-01-31,2023,2022-08-31,153,2022,FQ4,FQ4 2022 Earnings Call,1,Snap,1280.0,Los Angeles,https://www.theverge.com/2022/8/30/23329301/snap-layoffs-20-percent-employees-snapchat,4,largest_valid_total_laid_off_on_a_SINGLE_eligible_event_row_with_event_date_2021-01-01_to_2024-12-31_no_aggregation,post_2,0,
Snap,Snap,Snap Inc.,Snap Inc._Earnings Call_2023-04-27T00_00_00_English.docx,Snap/Snap Inc._Earnings Call_2023-04-27T00_00_00_English.docx,2023-04-27,2023,2022-08-31,239,2023,FQ1,FQ1 2023 Earnings Call,1,Snap,1280.0,Los Angeles,https://www.theverge.com/2022/8/30/23329301/snap-layoffs-20-percent-employees-snapchat,4,largest_valid_total_laid_off_on_a_SINGLE_eligible_event_row_with_event_date_2021-01-01_to_2024-12-31_no_aggregation,non_event,0,
Snap,Snap,Snap Inc.,Snap Inc._Earnings Call_2023-07-25T00_00_00_English.docx,Snap/Snap Inc._Earnings Call_2023-07-25T00_00_00_English.docx,2023-07-25,2023,2022-08-31,328,2023,FQ2,FQ2 2023 Earnings Call,1,Snap,1280.0,Los Angeles,https://www.theverge.com/2022/8/30/23329301/snap-layoffs-20-percent-employees-snapchat,4,largest_valid_total_laid_off_on_a_SINGLE_eligible_event_row_with_event_date_2021-01-01_to_2024-12-31_no_aggregation,non_event,0,
Snap,Snap,Snap Inc.,Snap Inc._Earnings Call_2023-10-24T00_00_00_English.docx,Snap/Snap Inc._Earnings Call_2023-10-24T00_00_00_English.docx,2023-10-24,2023,2022-08-31,419,2023,FQ3,FQ3 2023 Earnings Call,1,Snap,1280.0,Los Angeles,https://www.theverge.com/2022/8/30/23329301/snap-layoffs-20-percent-employees-snapchat,4,largest_valid_total_laid_off_on_a_SINGLE_eligible_event_row_with_event_date_2021-01-01_to_2024-12-31_no_aggregation,non_event,0,
Snap,Snap,Snap Inc.,Snap Inc._Earnings Call_2024-02-06T00_00_00_English.docx,Snap/Snap Inc._Earnings Call_2024-02-06T00_00_00_English.docx,2024-02-06,2024,2022-08-31,524,2023,FQ4,FQ4 2023 Earnings Call,1,Snap,1280.0,Los Angeles,https://www.theverge.com/2022/8/30/23329301/snap-layoffs-20-percent-employees-snapchat,4,largest_valid_total_laid_off_on_a_SINGLE_eligible_event_row_with_event_date_2021-01-01_to_2024-12-31_no_aggregation,non_event,0,
Snap,Snap,Snap Inc.,Snap Inc._Earnings Call_2024-04-25T00_00_00_English.docx,Snap/Snap Inc._Earnings Call_2024-04-25T00_00_00_English.docx,2024-04-25,2024,2022-08-31,603,2024,FQ1,FQ1 2024 Earnings Call,1,Snap,1280.0,Los Angeles,https://www.theverge.com/2022/8/30/23329301/snap-layoffs-20-percent-employees-snapchat,4,largest_valid_total_laid_off_on_a_SINGLE_eligible_event_row_with_event_date_2021-01-01_to_2024-12-31_no_aggregation,non_event,0,
Snap,Snap,Snap Inc.,Snap Inc._Earnings Call_2024-08-01T00_00_00_English.docx,Snap/Snap Inc._Earnings Call_2024-08-01T00_00_00_English.docx,2024-08-01,2024,2022-08-31,701,2024,FQ2,FQ2 2024 Earnings Call,1,Snap,1280.0,Los Angeles,https://www.theverge.com/2022/8/30/23329301/snap-layoffs-20-percent-employees-snapchat,4,largest_valid_total_laid_off_on_a_SINGLE_eligible_event_row_with_event_date_2021-01-01_to_2024-12-31_no_aggregation,non_event,0,
Snap,Snap,Snap Inc.,Snap Inc._Earnings Call_2024-10-29T00_00_00_English.docx,Snap/Snap Inc._Earnings Call_2024-10-29T00_00_00_English.docx,2024-10-29,2024,2022-08-31,790,2024,FQ3,FQ3 2024 Earnings Call,1,Snap,1280.0,Los Angeles,https://www.theverge.com/2022/8/30/23329301/snap-layoffs-20-percent-employees-snapchat,4,largest_valid_total_laid_off_on_a_SINGLE_eligible_event_row_with_event_date_2021-01-01_to_2024-12-31_no_aggregation,non_event,0,
Snap,Snap,Snap Inc.,Snap Inc._Earnings Call_2025-02-04T00_00_00_English.docx,Snap/Snap Inc._Earnings Call_2025-02-04T00_00_00_English.docx,2025-02-04,2025,2022-08-31,888,2024,FQ4,FQ4 2024 Earnings Call,1,Snap,1280.0,Los Angeles,https://www.theverge.com/2022/8/30/23329301/snap-layoffs-20-percent-employees-snapchat,4,largest_valid_total_laid_off_on_a_SINGLE_eligible_event_row_with_event_date_2021-01-01_to_2024-12-31_no_aggregation,non_event,0,
Spotify,Spotify,Spotify Technology S.A.,Spotify Technology S.A._Earnings Call_2021-04-28T00_00_00_English.docx,Spotify/Spotify Technology S.A._Earnings Call_2021-04-28T00_00_00_English.docx,2021-04-28,2021,2023-12-04,-950,2021,FQ1,FQ1 2021 Earnings Call Transcripts,1,Spotify,1500.0,"Stockholm, Non-U.S.",https://www.cnbc.com/2023/12/04/spotify-to-lay-off-17percent-of-employees-ceo-daniel-ek-says.html,7,largest_valid_total_laid_off_on_a_SINGLE_eligible_event_row_with_event_date_2021-01-01_to_2024-12-31_no_aggregation,non_event,0,
Spotify,Spotify,Spotify Technology S.A.,Spotify Technology S.A._Earnings Call_2021-07-28T00_00_00_English.docx,Spotify/Spotify Technology S.A._Earnings Call_2021-07-28T00_00_00_English.docx,2021-07-28,2021,2023-12-04,-859,2021,FQ2,FQ2 2021 Earnings Call Transcripts,1,Spotify,1500.0,"Stockholm, Non-U.S.",https://www.cnbc.com/2023/12/04/spotify-to-lay-off-17percent-of-employees-ceo-daniel-ek-says.html,7,largest_valid_total_laid_off_on_a_SINGLE_eligible_event_row_with_event_date_2021-01-01_to_2024-12-31_no_aggregation,non_event,0,
Spotify,Spotify,Spotify Technology S.A.,Spotify Technology S.A._Earnings Call_2021-10-27T00_00_00_English.docx,Spotify/Spotify Technology S.A._Earnings Call_2021-10-27T00_00_00_English.docx,2021-10-27,2021,2023-12-04,-768,2021,FQ3,FQ3 2021 Earnings Call Transcripts,1,Spotify,1500.0,"Stockholm, Non-U.S.",https://www.cnbc.com/2023/12/04/spotify-to-lay-off-17percent-of-employees-ceo-daniel-ek-says.html,7,largest_valid_total_laid_off_on_a_SINGLE_eligible_event_row_with_event_date_2021-01-01_to_2024-12-31_no_aggregation,non_event,0,
Spotify,Spotify,Spotify Technology S.A.,Spotify Technology S.A._Earnings Call_2022-02-02T00_00_00_English.docx,Spotify/Spotify Technology S.A._Earnings Call_2022-02-02T00_00_00_English.docx,2022-02-02,2022,2023-12-04,-670,2021,FQ4,FQ4 2021 Earnings Call Transcripts,1,Spotify,1500.0,"Stockholm, Non-U.S.",https://www.cnbc.com/2023/12/04/spotify-to-lay-off-17percent-of-employees-ceo-daniel-ek-says.html,7,largest_valid_total_laid_off_on_a_SINGLE_eligible_event_row_with_event_date_2021-01-01_to_2024-12-31_no_aggregation,non_event,0,
Spotify,Spotify,Spotify Technology S.A.,Spotify Technology S.A._Earnings Call_2022-04-27T00_00_00_English.docx,Spotify/Spotify Technology S.A._Earnings Call_2022-04-27T00_00_00_English.docx,2022-04-27,2022,2023-12-04,-586,2022,FQ1,FQ1 2022 Earnings Call Transcripts,1,Spotify,1500.0,"Stockholm, Non-U.S.",https://www.cnbc.com/2023/12/04/spotify-to-lay-off-17percent-of-employees-ceo-daniel-ek-says.html,7,largest_valid_total_laid_off_on_a_SINGLE_eligible_event_row_with_event_date_2021-01-01_to_2024-12-31_no_aggregation,non_event,0,
Spotify,Spotify,Spotify Technology S.A.,Spotify Technology S.A._Earnings Call_2022-07-27T00_00_00_English.docx,Spotify/Spotify Technology S.A._Earnings Call_2022-07-27T00_00_00_English.docx,2022-07-27,2022,2023-12-04,-495,2022,FQ2,FQ2 2022 Earnings Call Transcripts,1,Spotify,1500.0,"Stockholm, Non-U.S.",https://www.cnbc.com/2023/12/04/spotify-to-lay-off-17percent-of-employees-ceo-daniel-ek-says.html,7,largest_valid_total_laid_off_on_a_SINGLE_eligible_event_row_with_event_date_2021-01-01_to_2024-12-31_no_aggregation,non_event,0,
Spotify,Spotify,Spotify Technology S.A.,Spotify Technology S.A._Earnings Call_2022-10-25T00_00_00_English.docx,Spotify/Spotify Technology S.A._Earnings Call_2022-10-25T00_00_00_English.docx,2022-10-25,2022,2023-12-04,-405,2022,FQ3,FQ3 2022 Earnings Call Transcripts,1,Spotify,1500.0,"Stockholm, Non-U.S.",https://www.cnbc.com/2023/12/04/spotify-to-lay-off-17percent-of-employees-ceo-daniel-ek-says.html,7,largest_valid_total_laid_off_on_a_SINGLE_eligible_event_row_with_event_date_2021-01-01_to_2024-12-31_no_aggregation,non_event,0,
Spotify,Spotify,Spotify Technology S.A.,Spotify Technology S.A._Earnings Call_2023-01-31T00_00_00_English.docx,Spotify/Spotify Technology S.A._Earnings Call_2023-01-31T00_00_00_English.docx,2023-01-31,2023,2023-12-04,-307,2022,FQ4,FQ4 2022 Earnings Call Transcripts,1,Spotify,1500.0,"Stockholm, Non-U.S.",https://www.cnbc.com/2023/12/04/spotify-to-lay-off-17percent-of-employees-ceo-daniel-ek-says.html,7,largest_valid_total_laid_off_on_a_SINGLE_eligible_event_row_with_event_date_2021-01-01_to_2024-12-31_no_aggregation,non_event,0,
Spotify,Spotify,Spotify Technology S.A.,Spotify Technology S.A._Earnings Call_2023-04-25T00_00_00_English.docx,Spotify/Spotify Technology S.A._Earnings Call_2023-04-25T00_00_00_English.docx,2023-04-25,2023,2023-12-04,-223,2023,FQ1,FQ1 2023 Earnings Call,1,Spotify,1500.0,"Stockholm, Non-U.S.",https://www.cnbc.com/2023/12/04/spotify-to-lay-off-17percent-of-employees-ceo-daniel-ek-says.html,7,largest_valid_total_laid_off_on_a_SINGLE_eligible_event_row_with_event_date_2021-01-01_to_2024-12-31_no_aggregation,non_event,0,
Spotify,Spotify,Spotify Technology S.A.,Spotify Technology S.A._Earnings Call_2023-07-25T00_00_00_English.docx,Spotify/Spotify Technology S.A._Earnings Call_2023-07-25T00_00_00_English.docx,2023-07-25,2023,2023-12-04,-132,2023,FQ2,FQ2 2023 Earnings Call Transcripts,1,Spotify,1500.0,"Stockholm, Non-U.S.",https://www.cnbc.com/2023/12/04/spotify-to-lay-off-17percent-of-employees-ceo-daniel-ek-says.html,7,largest_valid_total_laid_off_on_a_SINGLE_eligible_event_row_with_event_date_2021-01-01_to_2024-12-31_no_aggregation,pre_2,0,
Spotify,Spotify,Spotify Technology S.A.,Spotify Technology S.A._Earnings Call_2023-10-24T00_00_00_English.docx,Spotify/Spotify Technology S.A._Earnings Call_2023-10-24T00_00_00_English.docx,2023-10-24,2023,2023-12-04,-41,2023,FQ3,FQ3 2023 Earnings Call Transcripts,1,Spotify,1500.0,"Stockholm, Non-U.S.",https://www.cnbc.com/2023/12/04/spotify-to-lay-off-17percent-of-employees-ceo-daniel-ek-says.html,7,largest_valid_total_laid_off_on_a_SINGLE_eligible_event_row_with_event_date_2021-01-01_to_2024-12-31_no_aggregation,pre_1,0,
Spotify,Spotify,Spotify Technology S.A.,Spotify Technology S.A._Earnings Call_2024-02-06T00_00_00_English.docx,Spotify/Spotify Technology S.A._Earnings Call_2024-02-06T00_00_00_English.docx,2024-02-06,2024,2023-12-04,64,2023,FQ4,FQ4 2023 Earnings Call,1,Spotify,1500.0,"Stockholm, Non-U.S.",https://www.cnbc.com/2023/12/04/spotify-to-lay-off-17percent-of-employees-ceo-daniel-ek-says.html,7,largest_valid_total_laid_off_on_a_SINGLE_eligible_event_row_with_event_date_2021-01-01_to_2024-12-31_no_aggregation,post_1,0,
Spotify,Spotify,Spotify Technology S.A.,Spotify Technology S.A._Earnings Call_2024-04-23T00_00_00_English.docx,Spotify/Spotify Technology S.A._Earnings Call_2024-04-23T00_00_00_English.docx,2024-04-23,2024,2023-12-04,141,2024,FQ1,FQ1 2024 Earnings Call Transcripts,1,Spotify,1500.0,"Stockholm, Non-U.S.",https://www.cnbc.com/2023/12/04/spotify-to-lay-off-17percent-of-employees-ceo-daniel-ek-says.html,7,largest_valid_total_laid_off_on_a_SINGLE_eligible_event_row_with_event_date_2021-01-01_to_2024-12-31_no_aggregation,post_2,0,
Spotify,Spotify,Spotify Technology S.A.,Spotify Technology S.A._Earnings Call_2024-07-23T00_00_00_English.docx,Spotify/Spotify Technology S.A._Earnings Call_2024-07-23T00_00_00_English.docx,2024-07-23,2024,2023-12-04,232,2024,FQ2,FQ2 2024 Earnings Call Transcripts,1,Spotify,1500.0,"Stockholm, Non-U.S.",https://www.cnbc.com/2023/12/04/spotify-to-lay-off-17percent-of-employees-ceo-daniel-ek-says.html,7,largest_valid_total_laid_off_on_a_SINGLE_eligible_event_row_with_event_date_2021-01-01_to_2024-12-31_no_aggregation,non_event,0,
Spotify,Spotify,Spotify Technology S.A.,Spotify Technology S.A._Earnings Call_2024-11-12T00_00_00_English.docx,Spotify/Spotify Technology S.A._Earnings Call_2024-11-12T00_00_00_English.docx,2024-11-12,2024,2023-12-04,344,2024,FQ3,FQ3 2024 Earnings Call Transcripts,1,Spotify,1500.0,"Stockholm, Non-U.S.",https://www.cnbc.com/2023/12/04/spotify-to-lay-off-17percent-of-employees-ceo-daniel-ek-says.html,7,largest_valid_total_laid_off_on_a_SINGLE_eligible_event_row_with_event_date_2021-01-01_to_2024-12-31_no_aggregation,non_event,0,
Spotify,Spotify,Spotify Technology S.A.,Spotify Technology S.A._Earnings Call_2025-02-04T00_00_00_English.docx,Spotify/Spotify Technology S.A._Earnings Call_2025-02-04T00_00_00_English.docx,2025-02-04,2025,2023-12-04,428,2024,FQ4,FQ4 2024 Earnings Call,1,Spotify,1500.0,"Stockholm, Non-U.S.",https://www.cnbc.com/2023/12/04/spotify-to-lay-off-17percent-of-employees-ceo-daniel-ek-says.html,7,largest_valid_total_laid_off_on_a_SINGLE_eligible_event_row_with_event_date_2021-01-01_to_2024-12-31_no_aggregation,non_event,0,
Twilio,Twilio,Twilio Inc.,Twilio Inc._Earnings Call_2021-05-05T00_00_00_English.docx,Twilio missing 2022 Q3 /Twilio Inc._Earnings Call_2021-05-05T00_00_00_English.docx,2021-05-05,2021,2023-02-13,-649,2021,FQ1,FQ1 2021 Earnings Call,1,Twilio,1500.0,SF Bay Area,https://www.cnbc.com/2023/02/13/twilio-layoffs-1500-employees-17percent-of-workforce.html,3,largest_valid_total_laid_off_on_a_SINGLE_eligible_event_row_with_event_date_2021-01-01_to_2024-12-31_no_aggregation,non_event,0,
Twilio,Twilio,Twilio Inc.,Twilio Inc._Earnings Call_2021-07-29T00_00_00_English.docx,Twilio missing 2022 Q3 /Twilio Inc._Earnings Call_2021-07-29T00_00_00_English.docx,2021-07-29,2021,2023-02-13,-564,2021,FQ2,FQ2 2021 Earnings Call,1,Twilio,1500.0,SF Bay Area,https://www.cnbc.com/2023/02/13/twilio-layoffs-1500-employees-17percent-of-workforce.html,3,largest_valid_total_laid_off_on_a_SINGLE_eligible_event_row_with_event_date_2021-01-01_to_2024-12-31_no_aggregation,non_event,0,
Twilio,Twilio,Twilio Inc.,Twilio Inc._Earnings Call_2021-10-27T00_00_00_English.docx,Twilio missing 2022 Q3 /Twilio Inc._Earnings Call_2021-10-27T00_00_00_English.docx,2021-10-27,2021,2023-02-13,-474,2021,FQ3,FQ3 2021 Earnings Call,1,Twilio,1500.0,SF Bay Area,https://www.cnbc.com/2023/02/13/twilio-layoffs-1500-employees-17percent-of-workforce.html,3,largest_valid_total_laid_off_on_a_SINGLE_eligible_event_row_with_event_date_2021-01-01_to_2024-12-31_no_aggregation,non_event,0,
Twilio,Twilio,Twilio Inc.,Twilio Inc._Earnings Call_2022-02-09T00_00_00_English.docx,Twilio missing 2022 Q3 /Twilio Inc._Earnings Call_2022-02-09T00_00_00_English.docx,2022-02-09,2022,2023-02-13,-369,2021,FQ4,FQ4 2021 Earnings Call,1,Twilio,1500.0,SF Bay Area,https://www.cnbc.com/2023/02/13/twilio-layoffs-1500-employees-17percent-of-workforce.html,3,largest_valid_total_laid_off_on_a_SINGLE_eligible_event_row_with_event_date_2021-01-01_to_2024-12-31_no_aggregation,non_event,0,
Twilio,Twilio,Twilio Inc.,Twilio Inc._Earnings Call_2022-05-04T00_00_00_English.docx,Twilio missing 2022 Q3 /Twilio Inc._Earnings Call_2022-05-04T00_00_00_English.docx,2022-05-04,2022,2023-02-13,-285,2022,FQ1,FQ1 2022 Earnings Call,1,Twilio,1500.0,SF Bay Area,https://www.cnbc.com/2023/02/13/twilio-layoffs-1500-employees-17percent-of-workforce.html,3,largest_valid_total_laid_off_on_a_SINGLE_eligible_event_row_with_event_date_2021-01-01_to_2024-12-31_no_aggregation,pre_2,0,
Twilio,Twilio,Twilio Inc.,Twilio Inc._Earnings Call_2022-08-04T00_00_00_English.docx,Twilio missing 2022 Q3 /Twilio Inc._Earnings Call_2022-08-04T00_00_00_English.docx,2022-08-04,2022,2023-02-13,-193,2022,FQ2,FQ2 2022 Earnings Call,1,Twilio,1500.0,SF Bay Area,https://www.cnbc.com/2023/02/13/twilio-layoffs-1500-employees-17percent-of-workforce.html,3,largest_valid_total_laid_off_on_a_SINGLE_eligible_event_row_with_event_date_2021-01-01_to_2024-12-31_no_aggregation,pre_1,1,"nearest pre_1 call is 193 days from the layoff, more than one typical quarterly gap; documented for robustness analysis, NOT excluded"
Twilio,Twilio,Twilio Inc.,Twilio Inc._Earnings Call_2023-02-15T00_00_00_English.docx,Twilio missing 2022 Q3 /Twilio Inc._Earnings Call_2023-02-15T00_00_00_English.docx,2023-02-15,2023,2023-02-13,2,2022,FQ4,FQ4 2022 Earnings Call,1,Twilio,1500.0,SF Bay Area,https://www.cnbc.com/2023/02/13/twilio-layoffs-1500-employees-17percent-of-workforce.html,3,largest_valid_total_laid_off_on_a_SINGLE_eligible_event_row_with_event_date_2021-01-01_to_2024-12-31_no_aggregation,post_1,0,
Twilio,Twilio,Twilio Inc.,Twilio Inc._Earnings Call_2023-05-09T00_00_00_English.docx,Twilio missing 2022 Q3 /Twilio Inc._Earnings Call_2023-05-09T00_00_00_English.docx,2023-05-09,2023,2023-02-13,85,2023,FQ1,FQ1 2023 Earnings Call,1,Twilio,1500.0,SF Bay Area,https://www.cnbc.com/2023/02/13/twilio-layoffs-1500-employees-17percent-of-workforce.html,3,largest_valid_total_laid_off_on_a_SINGLE_eligible_event_row_with_event_date_2021-01-01_to_2024-12-31_no_aggregation,post_2,0,
Twilio,Twilio,Twilio Inc.,Twilio Inc._Earnings Call_2023-08-08T00_00_00_English.docx,Twilio missing 2022 Q3 /Twilio Inc._Earnings Call_2023-08-08T00_00_00_English.docx,2023-08-08,2023,2023-02-13,176,2023,FQ2,FQ2 2023 Earnings Call,1,Twilio,1500.0,SF Bay Area,https://www.cnbc.com/2023/02/13/twilio-layoffs-1500-employees-17percent-of-workforce.html,3,largest_valid_total_laid_off_on_a_SINGLE_eligible_event_row_with_event_date_2021-01-01_to_2024-12-31_no_aggregation,non_event,0,
Twilio,Twilio,Twilio Inc.,Twilio Inc._Earnings Call_2023-11-08T00_00_00_English.docx,Twilio missing 2022 Q3 /Twilio Inc._Earnings Call_2023-11-08T00_00_00_English.docx,2023-11-08,2023,2023-02-13,268,2023,FQ3,FQ3 2023 Earnings Call,1,Twilio,1500.0,SF Bay Area,https://www.cnbc.com/2023/02/13/twilio-layoffs-1500-employees-17percent-of-workforce.html,3,largest_valid_total_laid_off_on_a_SINGLE_eligible_event_row_with_event_date_2021-01-01_to_2024-12-31_no_aggregation,non_event,0,
Twilio,Twilio,Twilio Inc.,Twilio Inc._Earnings Call_2024-02-14T00_00_00_English.docx,Twilio missing 2022 Q3 /Twilio Inc._Earnings Call_2024-02-14T00_00_00_English.docx,2024-02-14,2024,2023-02-13,366,2023,FQ4,FQ4 2023 Earnings Call,1,Twilio,1500.0,SF Bay Area,https://www.cnbc.com/2023/02/13/twilio-layoffs-1500-employees-17percent-of-workforce.html,3,largest_valid_total_laid_off_on_a_SINGLE_eligible_event_row_with_event_date_2021-01-01_to_2024-12-31_no_aggregation,non_event,0,
Twilio,Twilio,Twilio Inc.,Twilio Inc._Earnings Call_2024-05-07T00_00_00_English.docx,Twilio missing 2022 Q3 /Twilio Inc._Earnings Call_2024-05-07T00_00_00_English.docx,2024-05-07,2024,2023-02-13,449,2024,FQ1,FQ1 2024 Earnings Call,1,Twilio,1500.0,SF Bay Area,https://www.cnbc.com/2023/02/13/twilio-layoffs-1500-employees-17percent-of-workforce.html,3,largest_valid_total_laid_off_on_a_SINGLE_eligible_event_row_with_event_date_2021-01-01_to_2024-12-31_no_aggregation,non_event,0,
Twilio,Twilio,Twilio Inc.,Twilio Inc._Earnings Call_2024-08-01T00_00_00_English.docx,Twilio missing 2022 Q3 /Twilio Inc._Earnings Call_2024-08-01T00_00_00_English.docx,2024-08-01,2024,2023-02-13,535,2024,FQ2,FQ2 2024 Earnings Call,1,Twilio,1500.0,SF Bay Area,https://www.cnbc.com/2023/02/13/twilio-layoffs-1500-employees-17percent-of-workforce.html,3,largest_valid_total_laid_off_on_a_SINGLE_eligible_event_row_with_event_date_2021-01-01_to_2024-12-31_no_aggregation,non_event,0,
Twilio,Twilio,Twilio Inc.,Twilio Inc._Earnings Call_2024-10-30T00_00_00_English.docx,Twilio missing 2022 Q3 /Twilio Inc._Earnings Call_2024-10-30T00_00_00_English.docx,2024-10-30,2024,2023-02-13,625,2024,FQ3,FQ3 2024 Earnings Call,1,Twilio,1500.0,SF Bay Area,https://www.cnbc.com/2023/02/13/twilio-layoffs-1500-employees-17percent-of-workforce.html,3,largest_valid_total_laid_off_on_a_SINGLE_eligible_event_row_with_event_date_2021-01-01_to_2024-12-31_no_aggregation,non_event,0,
Twilio,Twilio,Twilio Inc.,Twilio Inc._Earnings Call_2025-02-13T00_00_00_English.docx,Twilio missing 2022 Q3 /Twilio Inc._Earnings Call_2025-02-13T00_00_00_English.docx,2025-02-13,2025,2023-02-13,731,2024,FQ4,FQ4 2024 Earnings Call,1,Twilio,1500.0,SF Bay Area,https://www.cnbc.com/2023/02/13/twilio-layoffs-1500-employees-17percent-of-workforce.html,3,largest_valid_total_laid_off_on_a_SINGLE_eligible_event_row_with_event_date_2021-01-01_to_2024-12-31_no_aggregation,non_event,0,
Zoom,Zoom,"Zoom Communications, Inc.","Zoom Communications, Inc._Earnings Call_2020-06-02T00_00_00_English.docx","Zoom/Zoom Communications, Inc._Earnings Call_2020-06-02T00_00_00_English.docx",2020-06-02,2020,2023-02-07,-980,2021,FQ1,FQ1 2021 Earnings Call,1,Zoom,1300.0,SF Bay Area,https://www.cnbc.com/2023/02/07/zoom-to-lay-off-1300-employees-or-about-15percent-of-its-workforce.html,2,largest_valid_total_laid_off_on_a_SINGLE_eligible_event_row_with_event_date_2021-01-01_to_2024-12-31_no_aggregation,non_event,0,
Zoom,Zoom,"Zoom Communications, Inc.","Zoom Communications, Inc._Earnings Call_2020-08-31T00_00_00_English.docx","Zoom/Zoom Communications, Inc._Earnings Call_2020-08-31T00_00_00_English.docx",2020-08-31,2020,2023-02-07,-890,2021,FQ2,FQ2 2021 Earnings Call,1,Zoom,1300.0,SF Bay Area,https://www.cnbc.com/2023/02/07/zoom-to-lay-off-1300-employees-or-about-15percent-of-its-workforce.html,2,largest_valid_total_laid_off_on_a_SINGLE_eligible_event_row_with_event_date_2021-01-01_to_2024-12-31_no_aggregation,non_event,0,
Zoom,Zoom,"Zoom Communications, Inc.","Zoom Communications, Inc._Earnings Call_2020-11-30T00_00_00_English.docx","Zoom/Zoom Communications, Inc._Earnings Call_2020-11-30T00_00_00_English.docx",2020-11-30,2020,2023-02-07,-799,2021,FQ3,FQ3 2021 Earnings Call Transcripts,1,Zoom,1300.0,SF Bay Area,https://www.cnbc.com/2023/02/07/zoom-to-lay-off-1300-employees-or-about-15percent-of-its-workforce.html,2,largest_valid_total_laid_off_on_a_SINGLE_eligible_event_row_with_event_date_2021-01-01_to_2024-12-31_no_aggregation,non_event,0,
Zoom,Zoom,"Zoom Communications, Inc.","Zoom Communications, Inc._Earnings Call_2021-03-01T00_00_00_English.docx","Zoom/Zoom Communications, Inc._Earnings Call_2021-03-01T00_00_00_English.docx",2021-03-01,2021,2023-02-07,-708,2021,FQ4,FQ4 2021 Earnings Call,1,Zoom,1300.0,SF Bay Area,https://www.cnbc.com/2023/02/07/zoom-to-lay-off-1300-employees-or-about-15percent-of-its-workforce.html,2,largest_valid_total_laid_off_on_a_SINGLE_eligible_event_row_with_event_date_2021-01-01_to_2024-12-31_no_aggregation,non_event,0,
Zoom,Zoom,"Zoom Communications, Inc.","Zoom Communications, Inc._Earnings Call_2021-06-01T00_00_00_English.docx","Zoom/Zoom Communications, Inc._Earnings Call_2021-06-01T00_00_00_English.docx",2021-06-01,2021,2023-02-07,-616,2022,FQ1,FQ1 2022 Earnings Call,1,Zoom,1300.0,SF Bay Area,https://www.cnbc.com/2023/02/07/zoom-to-lay-off-1300-employees-or-about-15percent-of-its-workforce.html,2,largest_valid_total_laid_off_on_a_SINGLE_eligible_event_row_with_event_date_2021-01-01_to_2024-12-31_no_aggregation,non_event,0,
Zoom,Zoom,"Zoom Communications, Inc.","Zoom Communications, Inc._Earnings Call_2021-08-30T00_00_00_English.docx","Zoom/Zoom Communications, Inc._Earnings Call_2021-08-30T00_00_00_English.docx",2021-08-30,2021,2023-02-07,-526,2022,FQ2,FQ2 2022 Earnings Call,1,Zoom,1300.0,SF Bay Area,https://www.cnbc.com/2023/02/07/zoom-to-lay-off-1300-employees-or-about-15percent-of-its-workforce.html,2,largest_valid_total_laid_off_on_a_SINGLE_eligible_event_row_with_event_date_2021-01-01_to_2024-12-31_no_aggregation,non_event,0,
Zoom,Zoom,"Zoom Communications, Inc.","Zoom Communications, Inc._Earnings Call_2021-11-22T00_00_00_English.docx","Zoom/Zoom Communications, Inc._Earnings Call_2021-11-22T00_00_00_English.docx",2021-11-22,2021,2023-02-07,-442,2022,FQ3,FQ3 2022 Earnings Call Transcripts,1,Zoom,1300.0,SF Bay Area,https://www.cnbc.com/2023/02/07/zoom-to-lay-off-1300-employees-or-about-15percent-of-its-workforce.html,2,largest_valid_total_laid_off_on_a_SINGLE_eligible_event_row_with_event_date_2021-01-01_to_2024-12-31_no_aggregation,non_event,0,
Zoom,Zoom,"Zoom Communications, Inc.","Zoom Communications, Inc._Earnings Call_2022-02-28T00_00_00_English.docx","Zoom/Zoom Communications, Inc._Earnings Call_2022-02-28T00_00_00_English.docx",2022-02-28,2022,2023-02-07,-344,2022,FQ4,FQ4 2022 Earnings Call,1,Zoom,1300.0,SF Bay Area,https://www.cnbc.com/2023/02/07/zoom-to-lay-off-1300-employees-or-about-15percent-of-its-workforce.html,2,largest_valid_total_laid_off_on_a_SINGLE_eligible_event_row_with_event_date_2021-01-01_to_2024-12-31_no_aggregation,non_event,0,
Zoom,Zoom,"Zoom Communications, Inc.","Zoom Communications, Inc._Earnings Call_2022-05-23T00_00_00_English.docx","Zoom/Zoom Communications, Inc._Earnings Call_2022-05-23T00_00_00_English.docx",2022-05-23,2022,2023-02-07,-260,2023,FQ1,FQ1 2023 Earnings Call,1,Zoom,1300.0,SF Bay Area,https://www.cnbc.com/2023/02/07/zoom-to-lay-off-1300-employees-or-about-15percent-of-its-workforce.html,2,largest_valid_total_laid_off_on_a_SINGLE_eligible_event_row_with_event_date_2021-01-01_to_2024-12-31_no_aggregation,non_event,0,
Zoom,Zoom,"Zoom Communications, Inc.","Zoom Communications, Inc._Earnings Call_2022-08-22T00_00_00_English.docx","Zoom/Zoom Communications, Inc._Earnings Call_2022-08-22T00_00_00_English.docx",2022-08-22,2022,2023-02-07,-169,2023,FQ2,FQ2 2023 Earnings Call,1,Zoom,1300.0,SF Bay Area,https://www.cnbc.com/2023/02/07/zoom-to-lay-off-1300-employees-or-about-15percent-of-its-workforce.html,2,largest_valid_total_laid_off_on_a_SINGLE_eligible_event_row_with_event_date_2021-01-01_to_2024-12-31_no_aggregation,pre_2,0,
Zoom,Zoom,"Zoom Communications, Inc.","Zoom Communications, Inc._Earnings Call_2022-11-21T00_00_00_English.docx","Zoom/Zoom Communications, Inc._Earnings Call_2022-11-21T00_00_00_English.docx",2022-11-21,2022,2023-02-07,-78,2023,FQ3,FQ3 2023 Earnings Call Transcripts,1,Zoom,1300.0,SF Bay Area,https://www.cnbc.com/2023/02/07/zoom-to-lay-off-1300-employees-or-about-15percent-of-its-workforce.html,2,largest_valid_total_laid_off_on_a_SINGLE_eligible_event_row_with_event_date_2021-01-01_to_2024-12-31_no_aggregation,pre_1,0,
Zoom,Zoom,"Zoom Communications, Inc.","Zoom Communications, Inc._Earnings Call_2023-02-27T00_00_00_English.docx","Zoom/Zoom Communications, Inc._Earnings Call_2023-02-27T00_00_00_English.docx",2023-02-27,2023,2023-02-07,20,2023,FQ4,FQ4 2023 Earnings Call Transcripts,1,Zoom,1300.0,SF Bay Area,https://www.cnbc.com/2023/02/07/zoom-to-lay-off-1300-employees-or-about-15percent-of-its-workforce.html,2,largest_valid_total_laid_off_on_a_SINGLE_eligible_event_row_with_event_date_2021-01-01_to_2024-12-31_no_aggregation,post_1,0,
Zoom,Zoom,"Zoom Communications, Inc.","Zoom Communications, Inc._Earnings Call_2023-05-22T00_00_00_English.docx","Zoom/Zoom Communications, Inc._Earnings Call_2023-05-22T00_00_00_English.docx",2023-05-22,2023,2023-02-07,104,2024,FQ1,FQ1 2024 Earnings Call,1,Zoom,1300.0,SF Bay Area,https://www.cnbc.com/2023/02/07/zoom-to-lay-off-1300-employees-or-about-15percent-of-its-workforce.html,2,largest_valid_total_laid_off_on_a_SINGLE_eligible_event_row_with_event_date_2021-01-01_to_2024-12-31_no_aggregation,post_2,0,
Zoom,Zoom,"Zoom Communications, Inc.","Zoom Communications, Inc._Earnings Call_2023-08-21T00_00_00_English.docx","Zoom/Zoom Communications, Inc._Earnings Call_2023-08-21T00_00_00_English.docx",2023-08-21,2023,2023-02-07,195,2024,FQ2,FQ2 2024 Earnings Call,1,Zoom,1300.0,SF Bay Area,https://www.cnbc.com/2023/02/07/zoom-to-lay-off-1300-employees-or-about-15percent-of-its-workforce.html,2,largest_valid_total_laid_off_on_a_SINGLE_eligible_event_row_with_event_date_2021-01-01_to_2024-12-31_no_aggregation,non_event,0,
Zoom,Zoom,"Zoom Communications, Inc.","Zoom Communications, Inc._Earnings Call_2023-11-20T00_00_00_English.docx","Zoom/Zoom Communications, Inc._Earnings Call_2023-11-20T00_00_00_English.docx",2023-11-20,2023,2023-02-07,286,2024,FQ3,FQ3 2024 Earnings Call Transcripts,1,Zoom,1300.0,SF Bay Area,https://www.cnbc.com/2023/02/07/zoom-to-lay-off-1300-employees-or-about-15percent-of-its-workforce.html,2,largest_valid_total_laid_off_on_a_SINGLE_eligible_event_row_with_event_date_2021-01-01_to_2024-12-31_no_aggregation,non_event,0,
Zoom,Zoom,"Zoom Communications, Inc.","Zoom Communications, Inc._Earnings Call_2024-02-26T00_00_00_English.docx","Zoom/Zoom Communications, Inc._Earnings Call_2024-02-26T00_00_00_English.docx",2024-02-26,2024,2023-02-07,384,2024,FQ4,FQ4 2024 Earnings Call,1,Zoom,1300.0,SF Bay Area,https://www.cnbc.com/2023/02/07/zoom-to-lay-off-1300-employees-or-about-15percent-of-its-workforce.html,2,largest_valid_total_laid_off_on_a_SINGLE_eligible_event_row_with_event_date_2021-01-01_to_2024-12-31_no_aggregation,non_event,0,
eBay,eBay,eBay Inc.,eBay Inc._Earnings Call_2021-04-28T00_00_00_English.docx,eBay/eBay Inc._Earnings Call_2021-04-28T00_00_00_English.docx,2021-04-28,2021,2024-01-23,-1000,2021,FQ1,FQ1 2021 Earnings Call,1,eBay,1000.0,SF Bay Area,https://www.cnbc.com/2024/01/23/ebay-to-slash-about-1000-roles-or-approximately-9percent-of-full-time-employees.html,4,largest_valid_total_laid_off_on_a_SINGLE_eligible_event_row_with_event_date_2021-01-01_to_2024-12-31_no_aggregation,non_event,0,
eBay,eBay,eBay Inc.,eBay Inc._Earnings Call_2021-08-11T00_00_00_English.docx,eBay/eBay Inc._Earnings Call_2021-08-11T00_00_00_English.docx,2021-08-11,2021,2024-01-23,-895,2021,FQ2,FQ2 2021 Earnings Call,1,eBay,1000.0,SF Bay Area,https://www.cnbc.com/2024/01/23/ebay-to-slash-about-1000-roles-or-approximately-9percent-of-full-time-employees.html,4,largest_valid_total_laid_off_on_a_SINGLE_eligible_event_row_with_event_date_2021-01-01_to_2024-12-31_no_aggregation,non_event,0,
eBay,eBay,eBay Inc.,eBay Inc._Earnings Call_2021-10-27T00_00_00_English.docx,eBay/eBay Inc._Earnings Call_2021-10-27T00_00_00_English.docx,2021-10-27,2021,2024-01-23,-818,2021,FQ3,FQ3 2021 Earnings Call,1,eBay,1000.0,SF Bay Area,https://www.cnbc.com/2024/01/23/ebay-to-slash-about-1000-roles-or-approximately-9percent-of-full-time-employees.html,4,largest_valid_total_laid_off_on_a_SINGLE_eligible_event_row_with_event_date_2021-01-01_to_2024-12-31_no_aggregation,non_event,0,
eBay,eBay,eBay Inc.,eBay Inc._Earnings Call_2022-02-23T00_00_00_English.docx,eBay/eBay Inc._Earnings Call_2022-02-23T00_00_00_English.docx,2022-02-23,2022,2024-01-23,-699,2021,FQ4,FQ4 2021 Earnings Call,1,eBay,1000.0,SF Bay Area,https://www.cnbc.com/2024/01/23/ebay-to-slash-about-1000-roles-or-approximately-9percent-of-full-time-employees.html,4,largest_valid_total_laid_off_on_a_SINGLE_eligible_event_row_with_event_date_2021-01-01_to_2024-12-31_no_aggregation,non_event,0,
eBay,eBay,eBay Inc.,eBay Inc._Earnings Call_2022-05-04T00_00_00_English.docx,eBay/eBay Inc._Earnings Call_2022-05-04T00_00_00_English.docx,2022-05-04,2022,2024-01-23,-629,2022,FQ1,FQ1 2022 Earnings Call,1,eBay,1000.0,SF Bay Area,https://www.cnbc.com/2024/01/23/ebay-to-slash-about-1000-roles-or-approximately-9percent-of-full-time-employees.html,4,largest_valid_total_laid_off_on_a_SINGLE_eligible_event_row_with_event_date_2021-01-01_to_2024-12-31_no_aggregation,non_event,0,
eBay,eBay,eBay Inc.,eBay Inc._Earnings Call_2022-08-03T00_00_00_English.docx,eBay/eBay Inc._Earnings Call_2022-08-03T00_00_00_English.docx,2022-08-03,2022,2024-01-23,-538,2022,FQ2,FQ2 2022 Earnings Call,1,eBay,1000.0,SF Bay Area,https://www.cnbc.com/2024/01/23/ebay-to-slash-about-1000-roles-or-approximately-9percent-of-full-time-employees.html,4,largest_valid_total_laid_off_on_a_SINGLE_eligible_event_row_with_event_date_2021-01-01_to_2024-12-31_no_aggregation,non_event,0,
eBay,eBay,eBay Inc.,eBay Inc._Earnings Call_2022-11-02T00_00_00_English.docx,eBay/eBay Inc._Earnings Call_2022-11-02T00_00_00_English.docx,2022-11-02,2022,2024-01-23,-447,2022,FQ3,FQ3 2022 Earnings Call Transcripts,1,eBay,1000.0,SF Bay Area,https://www.cnbc.com/2024/01/23/ebay-to-slash-about-1000-roles-or-approximately-9percent-of-full-time-employees.html,4,largest_valid_total_laid_off_on_a_SINGLE_eligible_event_row_with_event_date_2021-01-01_to_2024-12-31_no_aggregation,non_event,0,
eBay,eBay,eBay Inc.,eBay Inc._Earnings Call_2023-02-22T00_00_00_English.docx,eBay/eBay Inc._Earnings Call_2023-02-22T00_00_00_English.docx,2023-02-22,2023,2024-01-23,-335,2022,FQ4,FQ4 2022 Earnings Call,1,eBay,1000.0,SF Bay Area,https://www.cnbc.com/2024/01/23/ebay-to-slash-about-1000-roles-or-approximately-9percent-of-full-time-employees.html,4,largest_valid_total_laid_off_on_a_SINGLE_eligible_event_row_with_event_date_2021-01-01_to_2024-12-31_no_aggregation,non_event,0,
eBay,eBay,eBay Inc.,eBay Inc._Earnings Call_2023-04-26T00_00_00_English.docx,eBay/eBay Inc._Earnings Call_2023-04-26T00_00_00_English.docx,2023-04-26,2023,2024-01-23,-272,2023,FQ1,FQ1 2023 Earnings Call,1,eBay,1000.0,SF Bay Area,https://www.cnbc.com/2024/01/23/ebay-to-slash-about-1000-roles-or-approximately-9percent-of-full-time-employees.html,4,largest_valid_total_laid_off_on_a_SINGLE_eligible_event_row_with_event_date_2021-01-01_to_2024-12-31_no_aggregation,non_event,0,
eBay,eBay,eBay Inc.,eBay Inc._Earnings Call_2023-07-26T00_00_00_English.docx,eBay/eBay Inc._Earnings Call_2023-07-26T00_00_00_English.docx,2023-07-26,2023,2024-01-23,-181,2023,FQ2,FQ2 2023 Earnings Call,1,eBay,1000.0,SF Bay Area,https://www.cnbc.com/2024/01/23/ebay-to-slash-about-1000-roles-or-approximately-9percent-of-full-time-employees.html,4,largest_valid_total_laid_off_on_a_SINGLE_eligible_event_row_with_event_date_2021-01-01_to_2024-12-31_no_aggregation,pre_2,0,
eBay,eBay,eBay Inc.,eBay Inc._Earnings Call_2023-11-07T00_00_00_English.docx,eBay/eBay Inc._Earnings Call_2023-11-07T00_00_00_English.docx,2023-11-07,2023,2024-01-23,-77,2023,FQ3,FQ3 2023 Earnings Call,1,eBay,1000.0,SF Bay Area,https://www.cnbc.com/2024/01/23/ebay-to-slash-about-1000-roles-or-approximately-9percent-of-full-time-employees.html,4,largest_valid_total_laid_off_on_a_SINGLE_eligible_event_row_with_event_date_2021-01-01_to_2024-12-31_no_aggregation,pre_1,0,
eBay,eBay,eBay Inc.,eBay Inc._Earnings Call_2024-02-27T00_00_00_English.docx,eBay/eBay Inc._Earnings Call_2024-02-27T00_00_00_English.docx,2024-02-27,2024,2024-01-23,35,2023,FQ4,FQ4 2023 Earnings Call,1,eBay,1000.0,SF Bay Area,https://www.cnbc.com/2024/01/23/ebay-to-slash-about-1000-roles-or-approximately-9percent-of-full-time-employees.html,4,largest_valid_total_laid_off_on_a_SINGLE_eligible_event_row_with_event_date_2021-01-01_to_2024-12-31_no_aggregation,post_1,0,
eBay,eBay,eBay Inc.,eBay Inc._Earnings Call_2024-05-01T00_00_00_English.docx,eBay/eBay Inc._Earnings Call_2024-05-01T00_00_00_English.docx,2024-05-01,2024,2024-01-23,99,2024,FQ1,FQ1 2024 Earnings Call,1,eBay,1000.0,SF Bay Area,https://www.cnbc.com/2024/01/23/ebay-to-slash-about-1000-roles-or-approximately-9percent-of-full-time-employees.html,4,largest_valid_total_laid_off_on_a_SINGLE_eligible_event_row_with_event_date_2021-01-01_to_2024-12-31_no_aggregation,post_2,0,
eBay,eBay,eBay Inc.,eBay Inc._Earnings Call_2024-07-31T00_00_00_English.docx,eBay/eBay Inc._Earnings Call_2024-07-31T00_00_00_English.docx,2024-07-31,2024,2024-01-23,190,2024,FQ2,FQ2 2024 Earnings Call,1,eBay,1000.0,SF Bay Area,https://www.cnbc.com/2024/01/23/ebay-to-slash-about-1000-roles-or-approximately-9percent-of-full-time-employees.html,4,largest_valid_total_laid_off_on_a_SINGLE_eligible_event_row_with_event_date_2021-01-01_to_2024-12-31_no_aggregation,non_event,0,
eBay,eBay,eBay Inc.,eBay Inc._Earnings Call_2024-10-30T00_00_00_English.docx,eBay/eBay Inc._Earnings Call_2024-10-30T00_00_00_English.docx,2024-10-30,2024,2024-01-23,281,2024,FQ3,FQ3 2024 Earnings Call,1,eBay,1000.0,SF Bay Area,https://www.cnbc.com/2024/01/23/ebay-to-slash-about-1000-roles-or-approximately-9percent-of-full-time-employees.html,4,largest_valid_total_laid_off_on_a_SINGLE_eligible_event_row_with_event_date_2021-01-01_to_2024-12-31_no_aggregation,non_event,0,
eBay,eBay,eBay Inc.,eBay Inc._Earnings Call_2025-02-26T00_00_00_English.docx,eBay/eBay Inc._Earnings Call_2025-02-26T00_00_00_English.docx,2025-02-26,2025,2024-01-23,400,2024,FQ4,FQ4 2024 Earnings Call,1,eBay,1000.0,SF Bay Area,https://www.cnbc.com/2024/01/23/ebay-to-slash-about-1000-roles-or-approximately-9percent-of-full-time-employees.html,4,largest_valid_total_laid_off_on_a_SINGLE_eligible_event_row_with_event_date_2021-01-01_to_2024-12-31_no_aggregation,non_event,0,
