research_company,file_name,call_date,fiscal_year,fiscal_quarter,layoff_date,days_from_layoff,event_position,same_day_flag,pre1_distance_gt_120_flag,missing_post2_flag,missing_post2_reason,communication_context,speaker_turn_count,source_turn_count,excluded_ir_relay_turn_count,excluded_unresolved_turn_count,excluded_management_procedural_turn_count,excluded_company_side_non_management_turn_count,transcript_version,preliminary_transcript_flag,word_count_measure,sentence_count_measure,words_per_sentence,complex_word_count,complex_word_share,fog_index,complex_word_count_gunning_strict,fog_index_gunning_strict,lm_token_denominator,lm_positive_count,lm_negative_count,lm_uncertainty_count,lm_positive,lm_negative,lm_uncertainty,descriptive_word_count_task09,short_context_flag,manual_review_flag,notes
Alphabet,Alphabet Inc._Earnings Call_2021-04-27T00_00_00_English.docx,2021-04-27,2021,FQ1,2023-01-20,-633,non_event,0,0,0,,prepared_management,4,5,0,0,0,0,final,0,3533,202,17.49009900990099,612,0.17322388904613642,13.924995165805854,491,12.555054605375624,3533,90,18,15,0.02547410133031418,0.005094820266062836,0.0042456835550523635,3620,0,0,
Alphabet,Alphabet Inc._Earnings Call_2021-04-27T00_00_00_English.docx,2021-04-27,2021,FQ1,2023-01-20,-633,non_event,0,0,0,,managerial_qa,15,34,0,0,0,0,final,0,2500,152,16.44736842105263,365,0.146,12.418947368421053,312,11.570947368421052,2500,54,23,6,0.0216,0.0092,0.0024,2513,0,0,
Alphabet,Alphabet Inc._Earnings Call_2021-07-27T00_00_00_English.docx,2021-07-27,2021,FQ2,2023-01-20,-542,non_event,0,0,0,,prepared_management,4,5,0,0,0,0,final,0,3438,196,17.540816326530614,584,0.16986620127981383,13.8109745818048,465,12.426448694661111,3438,77,19,17,0.02239674229203025,0.005526468877254218,0.0049447353112274574,3513,0,0,
Alphabet,Alphabet Inc._Earnings Call_2021-07-27T00_00_00_English.docx,2021-07-27,2021,FQ2,2023-01-20,-542,non_event,0,0,0,,managerial_qa,20,38,0,0,0,0,final,0,3185,196,16.25,460,0.14442700156985872,12.277080062794349,384,11.32260596546311,3185,62,20,16,0.01946624803767661,0.006279434850863423,0.005023547880690738,3210,0,0,
Alphabet,Alphabet Inc._Earnings Call_2021-10-26T00_00_00_English.docx,2021-10-26,2021,FQ3,2023-01-20,-451,non_event,0,0,0,,prepared_management,4,5,0,0,0,0,final,0,3602,211,17.071090047393366,633,0.17573570238756248,13.857864114459847,497,12.347592043388218,3602,67,16,15,0.018600777345918935,0.004441976679622432,0.00416435313714603,3683,0,0,
Alphabet,Alphabet Inc._Earnings Call_2021-10-26T00_00_00_English.docx,2021-10-26,2021,FQ3,2023-01-20,-451,non_event,0,0,0,,managerial_qa,17,38,0,0,0,0,final,0,3073,172,17.86627906976744,424,0.13797591929710382,12.66554839979113,345,11.637237303142903,3073,59,23,7,0.019199479336153596,0.007484542792059876,0.002277904328018223,3103,0,0,
Alphabet,Alphabet Inc._Earnings Call_2022-02-01T00_00_00_English.docx,2022-02-01,2021,FQ4,2023-01-20,-353,non_event,0,0,0,,prepared_management,4,5,0,0,0,0,final,0,3914,221,17.710407239819006,687,0.17552376085845683,14.105113330265874,523,12.429078583204046,3914,92,17,16,0.02350536535513541,0.004343382728666326,0.004087889626980072,4032,0,0,
Alphabet,Alphabet Inc._Earnings Call_2022-02-01T00_00_00_English.docx,2022-02-01,2021,FQ4,2023-01-20,-353,non_event,0,0,0,,managerial_qa,16,36,0,0,0,0,final,0,3379,185,18.264864864864865,496,0.14678899082568808,13.17750557897347,415,12.218642009870184,3379,74,21,12,0.021899970405445397,0.006214856466410181,0.003551346552234389,3407,0,0,
Alphabet,Alphabet Inc._Earnings Call_2022-04-26T00_00_00_English.docx,2022-04-26,2022,FQ1,2023-01-20,-269,non_event,0,0,0,,prepared_management,4,5,0,0,0,0,final,0,3999,212,18.86320754716981,676,0.1690422605651413,14.306973441473577,534,12.886618352701383,3999,92,22,17,0.023005751437859465,0.005501375343835959,0.0042510627656914225,4086,0,0,
Alphabet,Alphabet Inc._Earnings Call_2022-04-26T00_00_00_English.docx,2022-04-26,2022,FQ1,2023-01-20,-269,non_event,0,0,0,,managerial_qa,15,35,0,0,0,0,final,0,2313,132,17.522727272727273,289,0.12494595763078253,12.006929214322211,234,11.0557835160948,2313,48,25,5,0.020752269779507133,0.010808473843493299,0.00216169476869866,2343,0,0,
Alphabet,Alphabet Inc._Earnings Call_2022-07-26T00_00_00_English.docx,2022-07-26,2022,FQ2,2023-01-20,-178,pre_2,0,0,0,,prepared_management,4,5,0,0,0,0,final,0,3722,215,17.311627906976746,608,0.16335303600214937,13.458772602876673,480,12.083168089174364,3722,76,24,18,0.02041912950026867,0.006448146157979581,0.004836109618484685,3792,0,0,
Alphabet,Alphabet Inc._Earnings Call_2022-07-26T00_00_00_English.docx,2022-07-26,2022,FQ2,2023-01-20,-178,pre_2,0,0,0,,managerial_qa,15,35,0,0,0,0,final,0,2627,137,19.175182481751825,366,0.13932242101256187,13.242969833203205,320,12.542551104615463,2627,64,18,20,0.02436239055957366,0.006851922344880091,0.007613247049866768,2648,0,0,
Alphabet,Alphabet Inc._Earnings Call_2022-10-25T00_00_00_English.docx,2022-10-25,2022,FQ3,2023-01-20,-87,pre_1,0,0,0,,prepared_management,4,5,0,0,0,0,final,0,4029,224,17.986607142857142,710,0.1762223876892529,14.243538364712975,549,12.645126848207639,4029,72,32,15,0.017870439314966492,0.007942417473318442,0.0037230081906180195,4104,0,0,
Alphabet,Alphabet Inc._Earnings Call_2022-10-25T00_00_00_English.docx,2022-10-25,2022,FQ3,2023-01-20,-87,pre_1,0,0,0,,managerial_qa,18,41,0,0,0,0,final,0,2636,135,19.525925925925925,359,0.13619119878603944,13.25801832181195,309,12.499292980385546,2636,59,22,9,0.022382397572078907,0.00834597875569044,0.0034142640364188165,2655,0,0,
Alphabet,Alphabet Inc._Earnings Call_2023-02-02T00_00_00_English.docx,2023-02-02,2022,FQ4,2023-01-20,13,post_1,0,0,0,,prepared_management,4,5,0,0,0,0,final,0,4200,244,17.21311475409836,830,0.1976190476190476,14.790007806401249,662,13.19000780640125,4200,122,26,15,0.029047619047619048,0.006190476190476191,0.0035714285714285713,4305,0,0,
Alphabet,Alphabet Inc._Earnings Call_2023-02-02T00_00_00_English.docx,2023-02-02,2022,FQ4,2023-01-20,13,post_1,0,0,0,,managerial_qa,11,29,0,0,0,0,final,0,2372,116,20.448275862068964,357,0.15050590219224283,14.199546432517298,296,13.17087864162354,2372,61,17,1,0.025716694772344013,0.007166947723440135,0.00042158516020236085,2391,0,0,
Alphabet,Alphabet Inc._Earnings Call_2023-04-25T00_00_00_English.docx,2023-04-25,2023,FQ1,2023-01-20,95,post_2,0,0,0,,prepared_management,4,5,0,0,0,0,final,0,4155,227,18.303964757709252,783,0.1884476534296029,14.859492040267817,617,13.261417431362885,4155,115,16,15,0.027677496991576414,0.0038507821901323704,0.0036101083032490976,4246,0,0,
Alphabet,Alphabet Inc._Earnings Call_2023-04-25T00_00_00_English.docx,2023-04-25,2023,FQ1,2023-01-20,95,post_2,0,0,0,,managerial_qa,17,36,0,0,0,0,final,0,2993,159,18.82389937106918,424,0.14166388239224859,13.196115044117617,370,12.474431114949558,2993,75,20,13,0.02505846976277982,0.006682258603407952,0.004343468092215168,3011,0,0,
Alphabet,Alphabet Inc._Earnings Call_2023-07-25T00_00_00_English.docx,2023-07-25,2023,FQ2,2023-01-20,186,non_event,0,0,0,,prepared_management,4,5,0,0,0,0,final,0,4448,262,16.977099236641223,811,0.1823291366906475,14.08400516228239,637,12.51925696084354,4448,138,14,15,0.03102517985611511,0.003147482014388489,0.003372302158273381,4535,0,0,
Alphabet,Alphabet Inc._Earnings Call_2023-07-25T00_00_00_English.docx,2023-07-25,2023,FQ2,2023-01-20,186,non_event,0,0,0,,managerial_qa,15,35,0,0,0,0,final,0,2587,141,18.347517730496453,360,0.13915732508697332,12.905300095677513,290,11.822965345001055,2587,66,13,5,0.02551217626594511,0.005025125628140704,0.001932740626207963,2613,0,0,
Alphabet,Alphabet Inc._Earnings Call_2023-10-24T00_00_00_English.docx,2023-10-24,2023,FQ3,2023-01-20,277,non_event,0,0,0,,prepared_management,4,5,0,0,0,0,final,0,4055,221,18.34841628959276,765,0.18865598027127004,14.885605726687906,590,13.159341854924651,4055,111,15,14,0.027373612823674474,0.0036991368680641184,0.0034525277435265103,4133,0,0,
Alphabet,Alphabet Inc._Earnings Call_2023-10-24T00_00_00_English.docx,2023-10-24,2023,FQ3,2023-01-20,277,non_event,0,0,0,,managerial_qa,13,31,0,0,0,0,final,0,2334,127,18.37795275590551,323,0.13838903170522707,12.886742370571287,281,12.16694802609828,2334,69,16,13,0.02956298200514139,0.006855184233076264,0.005569837189374464,2351,0,0,
Alphabet,Alphabet Inc._Earnings Call_2024-01-30T00_00_00_English.docx,2024-01-30,2023,FQ4,2023-01-20,375,non_event,0,0,0,,prepared_management,4,5,0,0,0,0,final,0,4345,256,16.97265625,825,0.189873417721519,14.38399920886076,647,12.745334076524742,4345,129,13,11,0.029689298043728423,0.002991944764096663,0.002531645569620253,4450,0,0,
Alphabet,Alphabet Inc._Earnings Call_2024-01-30T00_00_00_English.docx,2024-01-30,2023,FQ4,2023-01-20,375,non_event,0,0,0,,managerial_qa,13,31,0,0,0,0,final,0,2522,141,17.886524822695037,390,0.15463917525773196,13.340176939387295,334,12.451992958419808,2522,74,16,7,0.029341792228390166,0.006344171292624901,0.0027755749405233942,2546,0,0,
Alphabet,Alphabet Inc._Earnings Call_2024-04-25T00_00_00_English.docx,2024-04-25,2024,FQ1,2023-01-20,461,non_event,0,0,0,,prepared_management,4,5,0,0,0,0,final,0,4546,254,17.89763779527559,847,0.18631764188297403,14.611760793429198,664,13.00155401824222,4546,138,16,17,0.030356357237131544,0.0035195776506819184,0.003739551253849538,4652,0,0,
Alphabet,Alphabet Inc._Earnings Call_2024-04-25T00_00_00_English.docx,2024-04-25,2024,FQ1,2023-01-20,461,non_event,0,0,0,,managerial_qa,16,37,0,0,0,0,final,0,2336,112,20.857142857142858,294,0.12585616438356165,13.37710371819961,245,12.538062622309198,2336,67,21,9,0.02868150684931507,0.00898972602739726,0.003852739726027397,2342,0,0,
Alphabet,Alphabet Inc._Earnings Call_2024-07-23T00_00_00_English.docx,2024-07-23,2024,FQ2,2023-01-20,550,non_event,0,0,0,,prepared_management,4,5,0,0,0,0,final,0,4406,249,17.694779116465863,793,0.17998184294144348,14.277185364244085,625,12.751992445496922,4406,126,19,14,0.028597367226509306,0.004312301407172038,0.0031774852473899226,4500,0,0,
Alphabet,Alphabet Inc._Earnings Call_2024-07-23T00_00_00_English.docx,2024-07-23,2024,FQ2,2023-01-20,550,non_event,0,0,0,,managerial_qa,18,35,0,0,0,0,final,0,2733,153,17.862745098039216,379,0.13867544822539335,12.69211596823142,314,11.740780439508406,2733,73,16,13,0.026710574460300035,0.005854372484449323,0.004756677643615075,2752,0,0,
Alphabet,Alphabet Inc._Earnings Call_2024-10-29T00_00_00_English.docx,2024-10-29,2024,FQ3,2023-01-20,648,non_event,0,0,0,,prepared_management,4,5,0,0,0,0,final,0,4696,255,18.415686274509802,899,0.19143952299829642,15.023855429735779,710,13.413974680161672,4696,122,17,19,0.025979557069846677,0.003620102214650767,0.004045996592844974,4812,0,0,
Alphabet,Alphabet Inc._Earnings Call_2024-10-29T00_00_00_English.docx,2024-10-29,2024,FQ3,2023-01-20,648,non_event,0,0,0,,managerial_qa,16,36,0,0,0,0,final,0,3149,193,16.316062176165804,430,0.1365512861225786,11.988476315369468,356,11.048495369037298,3149,79,17,14,0.025087329310892345,0.005398539218799619,0.004445855827246745,3200,0,0,
Alphabet,Alphabet Inc._Earnings Call_2025-02-04T00_00_00_English.docx,2025-02-04,2024,FQ4,2023-01-20,746,non_event,0,0,0,,prepared_management,4,5,0,0,0,0,final,0,4628,267,17.333333333333332,890,0.19230769230769232,14.625641025641029,716,13.121751656583115,4628,115,23,26,0.02484874675885912,0.004969749351771823,0.0056179775280898875,4776,0,0,
Alphabet,Alphabet Inc._Earnings Call_2025-02-04T00_00_00_English.docx,2025-02-04,2024,FQ4,2023-01-20,746,non_event,0,0,0,,managerial_qa,14,32,0,0,0,0,final,0,2652,152,17.44736842105263,348,0.13122171945701358,12.227816146701597,304,11.564166071286815,2652,75,12,7,0.02828054298642534,0.004524886877828055,0.0026395173453996985,2691,0,0,
Amazon,"Amazon.com, Inc._Earnings Call_2021-04-29T00_00_00_English.docx",2021-04-29,2021,FQ1,2022-11-16,-566,non_event,0,0,0,,prepared_management,2,3,0,0,0,0,final,0,1255,58,21.637931034482758,247,0.19681274900398407,16.52768237395247,200,15.029674405824977,1255,24,5,20,0.019123505976095617,0.00398406374501992,0.01593625498007968,1278,0,0,
Amazon,"Amazon.com, Inc._Earnings Call_2021-04-29T00_00_00_English.docx",2021-04-29,2021,FQ1,2022-11-16,-566,non_event,0,0,0,,managerial_qa,13,29,0,0,0,0,final,0,3066,165,18.581818181818182,402,0.13111545988258316,12.6773456680306,349,11.985891003973196,3066,81,16,11,0.026418786692759294,0.005218525766470972,0.003587736464448793,3133,0,0,
Amazon,"Amazon.com, Inc._Earnings Call_2021-07-29T00_00_00_English.docx",2021-07-29,2021,FQ2,2022-11-16,-475,non_event,0,0,0,,prepared_management,2,3,0,0,0,0,final,0,1623,72,22.541666666666668,268,0.16512630930375846,15.621719038817005,221,14.463370301910045,1623,19,10,21,0.01170671595810228,0.0061614294516327784,0.012939001848428836,1664,0,0,
Amazon,"Amazon.com, Inc._Earnings Call_2021-07-29T00_00_00_English.docx",2021-07-29,2021,FQ2,2022-11-16,-475,non_event,0,0,0,,managerial_qa,12,28,0,0,0,0,final,0,3110,184,16.902173913043477,346,0.1112540192926045,11.21103033692157,296,10.567943520201315,3110,63,21,18,0.020257234726688104,0.006752411575562701,0.005787781350482315,3158,0,0,
Amazon,"Amazon.com, Inc._Earnings Call_2021-10-28T00_00_00_English.docx",2021-10-28,2021,FQ3,2022-11-16,-384,non_event,0,0,0,,prepared_management,2,3,0,0,0,0,final,0,1978,85,23.270588235294117,392,0.19817997977755308,17.23543448521977,298,15.334524475108546,1978,23,21,22,0.011627906976744186,0.010616784630940344,0.011122345803842264,2009,0,0,
Amazon,"Amazon.com, Inc._Earnings Call_2021-10-28T00_00_00_English.docx",2021-10-28,2021,FQ3,2022-11-16,-384,non_event,0,0,0,,managerial_qa,14,31,0,0,0,0,final,0,3602,231,15.593073593073592,445,0.12354247640199889,11.178928493309392,375,10.401582574375468,3602,66,19,12,0.018323153803442533,0.005274847307051638,0.003331482509716824,3643,0,0,
Amazon,"Amazon.com, Inc._Earnings Call_2022-02-03T00_00_00_English.docx",2022-02-03,2021,FQ4,2022-11-16,-286,non_event,0,0,0,,prepared_management,2,3,0,0,0,0,final,0,1787,84,21.273809523809526,372,0.2081701175153889,16.836328510139367,278,14.732243451381672,1787,34,17,20,0.019026301063234472,0.009513150531617236,0.01119194180190263,1832,0,0,
Amazon,"Amazon.com, Inc._Earnings Call_2022-02-03T00_00_00_English.docx",2022-02-03,2021,FQ4,2022-11-16,-286,non_event,0,0,0,,managerial_qa,17,36,0,0,0,0,final,0,3317,189,17.55026455026455,421,0.12692191739523667,12.096982515915286,342,11.14431444235484,3317,82,24,13,0.02472113355441664,0.007235453723243895,0.003919204100090443,3399,0,0,
Amazon,"Amazon.com, Inc._Earnings Call_2022-04-28T00_00_00_English.docx",2022-04-28,2022,FQ1,2022-11-16,-202,non_event,0,0,0,,prepared_management,2,3,0,0,0,0,final,0,1890,97,19.484536082474225,358,0.18941798941798943,15.370534009709269,292,13.973708612883872,1890,20,21,32,0.010582010582010581,0.011111111111111112,0.016931216931216932,1945,0,0,
Amazon,"Amazon.com, Inc._Earnings Call_2022-04-28T00_00_00_English.docx",2022-04-28,2022,FQ1,2022-11-16,-202,non_event,0,0,0,,managerial_qa,12,26,0,0,0,0,final,0,2610,137,19.05109489051095,304,0.11647509578544062,12.279441787622005,256,11.54380960371396,2610,30,24,21,0.011494252873563218,0.009195402298850575,0.008045977011494253,2682,0,0,
Amazon,"Amazon.com, Inc._Earnings Call_2022-07-28T00_00_00_English.docx",2022-07-28,2022,FQ2,2022-11-16,-111,pre_2,0,0,0,,prepared_management,2,3,0,0,0,0,final,0,1864,98,19.020408163265305,350,0.18776824034334763,15.118892879040027,290,13.83133923097136,1864,39,20,29,0.02092274678111588,0.01072961373390558,0.01555793991416309,1921,0,0,
Amazon,"Amazon.com, Inc._Earnings Call_2022-07-28T00_00_00_English.docx",2022-07-28,2022,FQ2,2022-11-16,-111,pre_2,0,0,0,,managerial_qa,13,27,0,0,0,0,final,0,3021,168,17.982142857142858,400,0.132406487917908,12.489116659573464,331,11.575511892939899,3021,73,28,17,0.024164184045018206,0.009268454154253558,0.005627275736511089,3076,0,0,
Amazon,"Amazon.com, Inc._Earnings Call_2022-10-27T00_00_00_English.docx",2022-10-27,2022,FQ3,2022-11-16,-20,pre_1,0,0,0,,prepared_management,2,3,0,0,0,0,final,0,1755,76,23.092105263157894,332,0.1891737891737892,16.803793672214727,254,15.026015894436947,1755,37,15,28,0.021082621082621083,0.008547008547008548,0.015954415954415956,1786,0,0,
Amazon,"Amazon.com, Inc._Earnings Call_2022-10-27T00_00_00_English.docx",2022-10-27,2022,FQ3,2022-11-16,-20,pre_1,0,0,0,,managerial_qa,10,24,0,0,0,0,final,0,2453,157,15.624203821656051,296,0.12066856909906237,11.076424292624916,256,10.424161756954309,2453,50,22,11,0.020383204239706482,0.008968609865470852,0.004484304932735426,2480,0,0,
Amazon,"Amazon.com, Inc._Earnings Call_2023-02-02T00_00_00_English.docx",2023-02-02,2022,FQ4,2022-11-16,78,post_1,0,0,0,,prepared_management,3,4,0,0,0,0,final,0,1901,87,21.850574712643677,377,0.19831667543398213,16.672896902416756,298,15.010613893474096,1901,25,22,31,0.013150973172014729,0.011572856391372961,0.016307206733298264,1935,0,0,
Amazon,"Amazon.com, Inc._Earnings Call_2023-02-02T00_00_00_English.docx",2023-02-02,2022,FQ4,2022-11-16,78,post_1,0,0,0,,managerial_qa,12,24,0,0,0,0,final,0,4399,207,21.2512077294686,537,0.12207319845419413,13.383411029955205,456,12.646880000175711,4399,53,31,29,0.012048192771084338,0.007047056149124801,0.006592407365310297,4468,0,0,
Amazon,"Amazon.com, Inc._Earnings Call_2023-04-27T00_00_00_English.docx",2023-04-27,2023,FQ1,2022-11-16,162,post_2,0,0,0,,prepared_management,3,4,0,0,0,0,final,0,2362,103,22.932038834951456,462,0.1955969517358171,16.996693603413267,377,15.557235517045783,2362,42,24,33,0.017781541066892465,0.010160880609652836,0.01397121083827265,2398,0,0,
Amazon,"Amazon.com, Inc._Earnings Call_2023-04-27T00_00_00_English.docx",2023-04-27,2023,FQ1,2022-11-16,162,post_2,0,0,0,,managerial_qa,9,19,0,0,0,0,final,0,4252,200,21.26,563,0.1324082784571966,13.800331138287866,475,12.972485418626531,4252,71,23,25,0.01669802445907808,0.005409219190968956,0.005879586077140169,4315,0,0,
Amazon,"Amazon.com, Inc._Earnings Call_2023-08-03T00_00_00_English.docx",2023-08-03,2023,FQ2,2022-11-16,260,non_event,0,0,0,,prepared_management,3,4,0,0,0,0,final,0,3646,162,22.506172839506174,688,0.18869994514536478,16.55046694161706,591,15.486287018413549,3646,110,19,28,0.030170049369171694,0.005211190345584202,0.007679648930334613,3708,0,0,
Amazon,"Amazon.com, Inc._Earnings Call_2023-08-03T00_00_00_English.docx",2023-08-03,2023,FQ2,2022-11-16,260,non_event,0,0,0,,managerial_qa,9,22,0,0,0,0,final,0,2714,128,21.203125,297,0.10943257184966838,12.858552873986737,259,12.298493920412676,2714,43,11,11,0.015843773028739867,0.0040530582166543845,0.0040530582166543845,2743,0,0,
Amazon,"Amazon.com, Inc._Earnings Call_2023-10-26T00_00_00_English.docx",2023-10-26,2023,FQ3,2022-11-16,344,non_event,0,0,0,,prepared_management,3,4,0,0,0,0,final,0,3743,157,23.840764331210192,772,0.20625166978359605,17.786372523827918,621,16.17269365660911,3743,101,17,27,0.026983702912102593,0.004541811381244991,0.007213465134918514,3807,0,0,
Amazon,"Amazon.com, Inc._Earnings Call_2023-10-26T00_00_00_English.docx",2023-10-26,2023,FQ3,2022-11-16,344,non_event,0,0,0,,managerial_qa,8,19,0,0,0,0,final,0,3816,177,21.559322033898304,512,0.13417190775681342,13.990605123831859,451,13.351192125928296,3816,60,19,20,0.015723270440251572,0.004979035639412998,0.005241090146750524,3875,0,0,
Amazon,"Amazon.com, Inc._Earnings Call_2024-02-01T00_00_00_English.docx",2024-02-01,2023,FQ4,2022-11-16,442,non_event,0,0,0,,prepared_management,3,4,0,0,0,0,final,0,3705,162,22.87037037037037,729,0.19676113360323888,17.018593492277706,586,15.474733843154898,3705,104,24,27,0.028070175438596492,0.006477732793522267,0.0072874493927125505,3790,0,0,
Amazon,"Amazon.com, Inc._Earnings Call_2024-02-01T00_00_00_English.docx",2024-02-01,2023,FQ4,2022-11-16,442,non_event,0,0,0,,managerial_qa,10,23,0,0,0,0,final,0,3973,199,19.964824120603016,540,0.13591744273848477,13.422627357780597,471,12.72793820600612,3973,76,12,29,0.01912912157060156,0.003020387616410773,0.0072992700729927005,4013,0,0,
Amazon,"Amazon.com, Inc._Earnings Call_2024-04-30T00_00_00_English.docx",2024-04-30,2024,FQ1,2022-11-16,531,non_event,0,0,0,,prepared_management,3,4,0,0,0,0,final,0,3849,179,21.502793296089386,779,0.20239023122889063,16.69672656759138,625,15.096310875203748,3849,91,26,29,0.02364250454663549,0.006755001299038711,0.00753442452585087,3921,0,0,
Amazon,"Amazon.com, Inc._Earnings Call_2024-04-30T00_00_00_English.docx",2024-04-30,2024,FQ1,2022-11-16,531,non_event,0,0,0,,managerial_qa,9,22,0,0,0,0,final,0,3765,192,19.609375,461,0.12244355909694556,12.741492363877823,394,12.029672974767596,3765,68,13,19,0.018061088977423638,0.003452855245683931,0.005046480743691899,3808,0,0,
Amazon,"Amazon.com, Inc._Earnings Call_2024-08-01T00_00_00_English.docx",2024-08-01,2024,FQ2,2022-11-16,624,non_event,0,0,0,,prepared_management,3,4,0,0,0,0,final,0,3525,164,21.49390243902439,690,0.19574468085106383,16.42734820965231,566,15.02025601107075,3525,68,21,30,0.01929078014184397,0.005957446808510639,0.00851063829787234,3595,0,0,
Amazon,"Amazon.com, Inc._Earnings Call_2024-08-01T00_00_00_English.docx",2024-08-01,2024,FQ2,2022-11-16,624,non_event,0,0,0,,managerial_qa,10,23,0,0,0,0,final,0,3402,149,22.83221476510067,402,0.11816578483245149,13.859517299338329,347,13.212838874882127,3402,50,19,16,0.014697236919459141,0.005584950029394474,0.004703115814226925,3456,0,0,
Amazon,"Amazon.com, Inc._Earnings Call_2024-10-31T00_00_00_English.docx",2024-10-31,2024,FQ3,2022-11-16,715,non_event,0,0,0,,prepared_management,3,4,0,0,0,0,final,0,3460,150,23.066666666666666,697,0.2014450867052023,17.284470134874763,561,15.712215799614643,3460,89,15,28,0.025722543352601157,0.004335260115606936,0.008092485549132947,3530,0,0,
Amazon,"Amazon.com, Inc._Earnings Call_2024-10-31T00_00_00_English.docx",2024-10-31,2024,FQ3,2022-11-16,715,non_event,0,0,0,,managerial_qa,10,23,0,0,0,0,final,0,3218,163,19.742331288343557,397,0.12336855189558732,12.831674591160917,346,12.197740470589133,3218,70,15,26,0.02175264139216905,0.0046612802983219395,0.008079552517091361,3251,0,0,
Amazon,"Amazon.com, Inc._Earnings Call_2025-02-06T00_00_00_English.docx",2025-02-06,2024,FQ4,2022-11-16,813,non_event,0,0,0,,prepared_management,3,4,0,0,0,0,final,0,3823,170,22.488235294117647,763,0.19958148051268637,16.978553338154512,595,15.220771491437276,3823,80,16,35,0.020925974365681402,0.00418519487313628,0.009155113784985614,3926,0,0,
Amazon,"Amazon.com, Inc._Earnings Call_2025-02-06T00_00_00_English.docx",2025-02-06,2024,FQ4,2022-11-16,813,non_event,0,0,0,,managerial_qa,8,21,0,0,0,0,final,0,3350,122,27.459016393442624,399,0.1191044776119403,15.747785661854662,362,15.305994617078543,3350,67,15,23,0.02,0.004477611940298508,0.006865671641791045,3363,0,0,
Block,"Block, Inc._Earnings Call_2021-05-06T00_00_00_English.docx",2021-05-06,2021,FQ1,2024-01-30,-999,non_event,0,0,0,,prepared_management,3,4,0,0,0,0,final,0,1785,93,19.193548387096776,294,0.16470588235294117,14.265654648956357,229,12.809072015903135,1785,43,13,20,0.024089635854341738,0.007282913165266107,0.011204481792717087,1825,0,0,
Block,"Block, Inc._Earnings Call_2021-05-06T00_00_00_English.docx",2021-05-06,2021,FQ1,2024-01-30,-999,non_event,0,0,0,,managerial_qa,21,52,0,0,0,0,final,0,5069,234,21.662393162393162,585,0.1154073781811008,13.2812523922013,525,12.807786225304476,5069,90,28,24,0.017754981258630894,0.005523771947129611,0.004734661668968239,5128,0,0,
Block,"Block, Inc._Earnings Call_2021-08-02T00_00_00_English.docx",2021-08-02,2021,FQ2,2024-01-30,-911,non_event,0,0,0,,prepared_management,3,5,0,0,0,0,final,0,2029,100,20.29,384,0.18925579103006407,15.686231641202562,336,14.739952686052243,2029,47,13,23,0.023164120256283883,0.006407097092163627,0.011335633316904879,2081,0,0,
Block,"Block, Inc._Earnings Call_2021-08-02T00_00_00_English.docx",2021-08-02,2021,FQ2,2024-01-30,-911,non_event,0,0,0,,managerial_qa,9,29,0,0,0,0,final,0,2221,100,22.21,314,0.14137775776677172,14.539110310670871,279,13.908763619990996,2221,41,8,9,0.01846015308419631,0.0036019810895992796,0.00405222872579919,2250,0,0,
Block,"Block, Inc._Earnings Call_2021-11-04T00_00_00_English.docx",2021-11-04,2021,FQ3,2024-01-30,-817,non_event,0,0,0,,prepared_management,3,4,0,0,0,0,final,0,1950,91,21.428571428571427,324,0.16615384615384615,15.217582417582419,237,13.432967032967031,1950,47,11,20,0.024102564102564103,0.0056410256410256415,0.010256410256410256,1986,0,0,
Block,"Block, Inc._Earnings Call_2021-11-04T00_00_00_English.docx",2021-11-04,2021,FQ3,2024-01-30,-817,non_event,0,0,0,,managerial_qa,16,42,0,0,0,0,final,0,4120,173,23.815028901734102,583,0.14150485436893204,15.186205735450924,482,14.20562321117908,4120,78,12,16,0.018932038834951457,0.002912621359223301,0.003883495145631068,4152,0,0,
Block,"Block, Inc._Earnings Call_2022-02-24T00_00_00_English.docx",2022-02-24,2021,FQ4,2024-01-30,-705,non_event,0,0,0,,prepared_management,3,4,0,0,0,0,final,0,3042,148,20.554054054054053,550,0.18080210387902695,15.453705776782698,415,13.678557847788618,3042,54,20,33,0.01775147928994083,0.006574621959237344,0.010848126232741617,3164,0,0,
Block,"Block, Inc._Earnings Call_2022-02-24T00_00_00_English.docx",2022-02-24,2021,FQ4,2024-01-30,-705,non_event,0,0,0,,managerial_qa,16,36,0,0,0,0,final,0,4095,181,22.624309392265193,579,0.1413919413919414,14.705401412583734,468,13.621152328334649,4095,95,17,18,0.0231990231990232,0.004151404151404151,0.004395604395604396,4156,0,0,
Block,"Block, Inc._Earnings Call_2022-05-05T00_00_00_English.docx",2022-05-05,2022,FQ1,2024-01-30,-635,non_event,0,0,0,,prepared_management,3,4,0,0,0,0,final,0,2416,127,19.023622047244096,396,0.16390728476821192,14.165740209626115,318,12.874349481149295,2416,32,10,22,0.013245033112582781,0.0041390728476821195,0.009105960264900662,2495,0,0,
Block,"Block, Inc._Earnings Call_2022-05-05T00_00_00_English.docx",2022-05-05,2022,FQ1,2024-01-30,-635,non_event,0,0,0,,managerial_qa,17,43,0,0,0,0,final,0,4019,189,21.264550264550266,482,0.11993033092809156,13.30303334294377,417,12.656106246651161,4019,62,16,8,0.015426723065439164,0.003981089823339139,0.0019905449116695696,4057,0,0,
Block,"Block, Inc._Earnings Call_2022-08-04T00_00_00_English.docx",2022-08-04,2022,FQ2,2024-01-30,-544,non_event,0,0,0,,prepared_management,3,4,0,0,0,0,final,0,3106,152,20.43421052631579,508,0.16355441081777206,14.7158606432372,419,13.569691937506356,3106,51,16,35,0.016419832582099163,0.0051513200257566,0.011268512556342562,3203,0,0,
Block,"Block, Inc._Earnings Call_2022-08-04T00_00_00_English.docx",2022-08-04,2022,FQ2,2024-01-30,-544,non_event,0,0,0,,managerial_qa,12,33,0,0,0,0,final,0,4449,177,25.135593220338983,631,0.14182962463474938,15.727422273525569,550,14.999168733404193,4449,86,19,33,0.019330186558777253,0.004270622611822881,0.007417397167902899,4495,0,0,
Block,"Block, Inc._Earnings Call_2022-11-03T00_00_00_English.docx",2022-11-03,2022,FQ3,2024-01-30,-453,non_event,0,0,0,,prepared_management,3,4,0,0,0,0,final,0,3027,142,21.316901408450704,506,0.1671622068054179,15.213248835597,380,13.548233969392834,3027,43,17,24,0.014205483977535514,0.0056161215725140405,0.007928642220019821,3114,0,0,
Block,"Block, Inc._Earnings Call_2022-11-03T00_00_00_English.docx",2022-11-03,2022,FQ3,2024-01-30,-453,non_event,0,0,0,,managerial_qa,16,40,0,0,0,0,final,0,4464,173,25.803468208092486,641,0.1435931899641577,16.065114881803304,531,15.079451799366026,4464,81,14,21,0.018145161290322582,0.0031362007168458782,0.004704301075268817,4517,0,0,
Block,"Block, Inc._Earnings Call_2023-02-23T00_00_00_English.docx",2023-02-23,2022,FQ4,2024-01-30,-341,non_event,0,0,0,,prepared_management,2,3,0,0,0,0,final,0,2745,135,20.333333333333332,524,0.19089253187613844,15.769034608378872,400,13.962112932604738,2745,73,14,20,0.026593806921675775,0.005100182149362477,0.007285974499089253,2833,0,0,
Block,"Block, Inc._Earnings Call_2023-02-23T00_00_00_English.docx",2023-02-23,2022,FQ4,2024-01-30,-341,non_event,0,0,0,,managerial_qa,12,29,0,1,0,0,final,0,4345,207,20.99033816425121,576,0.13256616800920598,13.698781986068724,471,12.732153677668263,4345,66,23,17,0.015189873417721518,0.005293440736478711,0.003912543153049482,4419,0,0,
Block,"Block, Inc._Earnings Call_2023-05-04T00_00_00_English.docx",2023-05-04,2023,FQ1,2024-01-30,-271,non_event,0,0,0,,prepared_management,2,3,0,0,0,0,final,0,2519,125,20.152,450,0.17864231838030964,15.206492735212386,360,13.777354188169909,2519,37,20,10,0.014688368400158794,0.007939658594680429,0.003969829297340214,2597,0,0,
Block,"Block, Inc._Earnings Call_2023-05-04T00_00_00_English.docx",2023-05-04,2023,FQ1,2024-01-30,-271,non_event,0,0,0,,managerial_qa,13,34,0,0,0,0,final,0,4415,210,21.023809523809526,668,0.15130237825594564,14.461618939761635,564,13.519376584155749,4415,67,26,24,0.015175537938844847,0.005889014722536806,0.005436013590033975,4476,0,0,
Block,"Block, Inc._Earnings Call_2023-08-03T00_00_00_English.docx",2023-08-03,2023,FQ2,2024-01-30,-180,pre_2,0,0,0,,prepared_management,2,3,0,0,0,0,final,0,2113,102,20.715686274509803,365,0.17274017983909135,15.195881703367576,294,13.85182112598944,2113,51,8,7,0.024136299100804542,0.003786086133459536,0.003312825366777094,2171,0,0,
Block,"Block, Inc._Earnings Call_2023-08-03T00_00_00_English.docx",2023-08-03,2023,FQ2,2024-01-30,-180,pre_2,0,0,0,,managerial_qa,20,49,0,0,0,0,final,0,4850,216,22.453703703703702,644,0.1327835051546392,14.29282168766705,553,13.542306223749524,4850,85,29,26,0.01752577319587629,0.005979381443298969,0.0053608247422680414,4929,0,0,
Block,"Block, Inc._Earnings Call_2023-11-02T00_00_00_English.docx",2023-11-02,2023,FQ3,2024-01-30,-89,pre_1,0,0,0,,prepared_management,2,3,0,0,0,0,final,0,1969,97,20.298969072164947,323,0.16404266124936517,14.681294078840587,259,13.38114171723571,1969,53,11,10,0.02691721686135094,0.00558659217877095,0.005078720162519045,2060,0,0,
Block,"Block, Inc._Earnings Call_2023-11-02T00_00_00_English.docx",2023-11-02,2023,FQ3,2024-01-30,-89,pre_1,0,0,0,,managerial_qa,18,46,0,0,0,0,final,0,4956,214,23.1588785046729,629,0.12691686844229216,14.340226139560848,554,13.73489926304753,4956,91,27,32,0.018361581920903956,0.005447941888619854,0.00645682001614205,4999,0,0,
Block,"Block, Inc._Earnings Call_2024-02-22T00_00_00_English.docx",2024-02-22,2023,FQ4,2024-01-30,23,post_1,0,0,0,,prepared_management,2,3,0,0,0,0,final,0,1490,69,21.594202898550726,246,0.1651006711409396,15.241708005057877,188,13.684661025192103,1490,38,14,3,0.025503355704697986,0.009395973154362415,0.0020134228187919465,1578,0,0,
Block,"Block, Inc._Earnings Call_2024-02-22T00_00_00_English.docx",2024-02-22,2023,FQ4,2024-01-30,23,post_1,0,0,0,,managerial_qa,22,51,0,0,0,0,final,0,5274,230,22.930434782608696,628,0.11907470610542283,13.935162157260391,539,13.26015267679016,5274,95,17,14,0.0180128934395146,0.003223359878649981,0.0026545316647705727,5326,0,0,
Block,"Block, Inc._Earnings Call_2024-05-02T00_00_00_English.docx",2024-05-02,2024,FQ1,2024-01-30,93,post_2,0,0,0,,prepared_management,2,3,0,0,0,0,final,0,1041,56,18.589285714285715,191,0.1834774255523535,14.774811307808427,149,13.160978454782493,1041,28,20,4,0.026897214217098942,0.01921229586935639,0.0038424591738712775,1075,0,0,
Block,"Block, Inc._Earnings Call_2024-05-02T00_00_00_English.docx",2024-05-02,2024,FQ1,2024-01-30,93,post_2,0,0,0,,managerial_qa,14,39,0,0,0,0,final,0,4196,195,21.51794871794872,481,0.11463298379408961,13.192498838943074,409,12.506130869448317,4196,83,22,10,0.019780743565300286,0.005243088655862726,0.0023832221163012394,4232,0,0,
Block,"Block, Inc._Earnings Call_2024-08-01T00_00_00_English.docx",2024-08-01,2024,FQ2,2024-01-30,184,non_event,0,0,0,,prepared_management,3,4,0,0,0,0,final,0,1405,77,18.246753246753247,255,0.18149466192170818,14.558487775569626,198,12.935711974857885,1405,45,6,9,0.03202846975088968,0.004270462633451958,0.006405693950177936,1440,0,0,
Block,"Block, Inc._Earnings Call_2024-08-01T00_00_00_English.docx",2024-08-01,2024,FQ2,2024-01-30,184,non_event,0,0,0,,managerial_qa,15,39,0,0,0,0,final,0,4419,215,20.553488372093025,569,0.1287621633853813,13.371881884252463,471,12.484803359699397,4419,93,13,21,0.021045485403937542,0.0029418420457116997,0.0047522063815342835,4471,0,0,
Block,"Block, Inc._Earnings Call_2024-11-07T00_00_00_English.docx",2024-11-07,2024,FQ3,2024-01-30,282,non_event,0,0,0,,prepared_management,3,4,0,0,0,0,final,0,1185,65,18.23076923076923,186,0.1569620253164557,13.57078870496592,146,12.220577734501786,1185,30,4,10,0.02531645569620253,0.0033755274261603376,0.008438818565400843,1223,0,0,
Block,"Block, Inc._Earnings Call_2024-11-07T00_00_00_English.docx",2024-11-07,2024,FQ3,2024-01-30,282,non_event,0,0,0,,managerial_qa,16,41,0,0,0,0,final,0,5090,216,23.564814814814813,684,0.1343811394891945,14.801171505493706,579,13.976024157753038,5090,110,13,20,0.021611001964636542,0.002554027504911591,0.003929273084479371,5142,0,0,
Block,"Block, Inc._Earnings Call_2025-02-20T00_00_00_English.docx",2025-02-20,2024,FQ4,2024-01-30,387,non_event,0,0,0,,prepared_management,3,4,0,0,0,0,final,0,1348,67,20.119402985074625,220,0.1632047477744807,14.57595110500908,160,12.795535674742018,1348,32,6,11,0.02373887240356083,0.004451038575667656,0.008160237388724036,1397,0,0,
Block,"Block, Inc._Earnings Call_2025-02-20T00_00_00_English.docx",2025-02-20,2024,FQ4,2024-01-30,387,non_event,0,0,0,,managerial_qa,15,37,0,0,0,0,final,0,5151,220,23.413636363636364,623,0.12094738885653271,14.203350099715855,553,13.659766329574135,5151,97,23,30,0.018831294894195303,0.0044651523975927,0.005824111822947,5214,0,0,
Cisco,"Cisco Systems, Inc._Earnings Call_2020-11-12T00_00_00_English.docx",2020-11-12,2021,FQ1,2024-08-09,-1366,non_event,0,0,1,sample_boundary,prepared_management,4,5,0,0,0,0,final,0,2665,148,18.006756756756758,568,0.21313320825515947,15.728031032909081,450,13.956924091070432,2665,78,14,11,0.02926829268292683,0.00525328330206379,0.004127579737335835,2729,0,0,
Cisco,"Cisco Systems, Inc._Earnings Call_2020-11-12T00_00_00_English.docx",2020-11-12,2021,FQ1,2024-08-09,-1366,non_event,0,0,1,sample_boundary,managerial_qa,39,74,0,0,0,0,final,0,3690,213,17.323943661971832,369,0.1,10.929577464788734,316,10.355051719531282,3690,66,14,14,0.01788617886178862,0.003794037940379404,0.003794037940379404,3755,0,0,
Cisco,"Cisco Systems, Inc._Earnings Call_2021-02-09T00_00_00_English.docx",2021-02-09,2021,FQ2,2024-08-09,-1277,non_event,0,0,1,sample_boundary,prepared_management,4,5,0,0,0,0,final,0,3231,159,20.32075471698113,721,0.22315072732900032,17.054330979952464,604,15.60586301337865,3231,104,18,18,0.03218817703497369,0.005571030640668524,0.005571030640668524,3310,0,0,
Cisco,"Cisco Systems, Inc._Earnings Call_2021-02-09T00_00_00_English.docx",2021-02-09,2021,FQ2,2024-08-09,-1277,non_event,0,0,1,sample_boundary,managerial_qa,24,54,0,0,0,0,final,0,4704,266,17.68421052631579,490,0.10416666666666667,11.240350877192984,420,10.645112781954888,4704,55,35,28,0.0116921768707483,0.00744047619047619,0.005952380952380952,4799,0,0,
Cisco,"Cisco Systems, Inc._Earnings Call_2021-05-19T00_00_00_English.docx",2021-05-19,2021,FQ3,2024-08-09,-1178,non_event,0,0,1,sample_boundary,prepared_management,4,5,0,0,0,0,final,0,3290,165,19.939393939393938,715,0.21732522796352582,16.668766694298608,579,15.015271253569125,3290,109,28,17,0.0331306990881459,0.00851063829787234,0.005167173252279635,3385,0,0,
Cisco,"Cisco Systems, Inc._Earnings Call_2021-05-19T00_00_00_English.docx",2021-05-19,2021,FQ3,2024-08-09,-1178,non_event,0,0,1,sample_boundary,managerial_qa,37,67,0,0,0,0,final,0,4312,270,15.97037037037037,427,0.09902597402597403,10.34918710918711,357,9.69983645983646,4312,53,40,26,0.012291280148423005,0.00927643784786642,0.006029684601113173,4387,0,0,
Cisco,"Cisco Systems, Inc._Earnings Call_2021-08-18T00_00_00_English.docx",2021-08-18,2021,FQ4,2024-08-09,-1087,non_event,0,0,1,sample_boundary,prepared_management,4,5,0,0,0,0,final,0,3285,171,19.210526315789473,670,0.2039573820395738,15.842505807898744,558,14.478731074260995,3285,100,17,18,0.030441400304414,0.005175038051750381,0.005479452054794521,3403,0,0,
Cisco,"Cisco Systems, Inc._Earnings Call_2021-08-18T00_00_00_English.docx",2021-08-18,2021,FQ4,2024-08-09,-1087,non_event,0,0,1,sample_boundary,managerial_qa,28,58,0,0,0,0,final,0,4469,267,16.737827715355806,482,0.10785410606399642,11.00929532870218,409,10.355905308563445,4469,56,28,32,0.012530767509509957,0.006265383754754978,0.0071604385768628325,4578,0,0,
Cisco,"Cisco Systems, Inc._Earnings Call_2021-11-17T00_00_00_English.docx",2021-11-17,2022,FQ1,2024-08-09,-996,non_event,0,0,1,sample_boundary,prepared_management,4,5,0,0,0,0,final,0,2979,158,18.854430379746834,618,0.20745216515609266,15.83985875814244,501,14.268861779290479,2979,94,11,24,0.031554212823095,0.0036925142665323934,0.008056394763343404,3093,0,0,
Cisco,"Cisco Systems, Inc._Earnings Call_2021-11-17T00_00_00_English.docx",2021-11-17,2022,FQ1,2024-08-09,-996,non_event,0,0,1,sample_boundary,managerial_qa,41,75,0,0,0,0,final,0,4877,309,15.783171521035598,484,0.0992413368874308,10.282922083911473,416,9.72520217413087,4877,81,55,12,0.016608570842731187,0.011277424646298955,0.002460529013737954,5004,0,0,
Cisco,"Cisco Systems, Inc._Earnings Call_2022-02-16T00_00_00_English.docx",2022-02-16,2022,FQ2,2024-08-09,-905,non_event,0,0,1,sample_boundary,prepared_management,4,5,0,0,0,0,final,0,2942,155,18.980645161290322,606,0.20598232494901428,15.8315510624767,490,14.254392666827483,2942,81,21,18,0.027532290958531613,0.007138001359619306,0.006118286879673691,3055,0,0,
Cisco,"Cisco Systems, Inc._Earnings Call_2022-02-16T00_00_00_English.docx",2022-02-16,2022,FQ2,2024-08-09,-905,non_event,0,0,1,sample_boundary,managerial_qa,30,59,0,0,0,0,final,0,4102,248,16.54032258064516,419,0.10214529497805948,10.701940831380444,356,10.087606360390684,4102,58,27,24,0.014139444173573866,0.006582155046318869,0.005850804485616773,4227,0,0,
Cisco,"Cisco Systems, Inc._Earnings Call_2022-05-18T00_00_00_English.docx",2022-05-18,2022,FQ3,2024-08-09,-814,non_event,0,0,1,sample_boundary,prepared_management,4,5,0,0,0,0,final,0,2575,139,18.52517985611511,460,0.1786407766990291,14.555703010407209,367,13.111042816232453,2575,59,28,27,0.0229126213592233,0.01087378640776699,0.010485436893203883,2681,0,0,
Cisco,"Cisco Systems, Inc._Earnings Call_2022-05-18T00_00_00_English.docx",2022-05-18,2022,FQ3,2024-08-09,-814,non_event,0,0,1,sample_boundary,managerial_qa,38,72,0,0,0,0,final,0,5105,321,15.903426791277258,454,0.08893241919686581,9.918667484385537,396,9.464211069106398,5105,42,70,35,0.008227228207639568,0.013712047012732615,0.0068560235063663075,5248,0,0,
Cisco,"Cisco Systems, Inc._Earnings Call_2022-08-17T00_00_00_English.docx",2022-08-17,2022,FQ4,2024-08-09,-723,non_event,0,0,1,sample_boundary,prepared_management,3,4,0,0,0,0,final,0,3181,158,20.132911392405063,599,0.18830556428795975,15.585387128480415,501,14.353070246996607,3181,83,21,13,0.026092423766111286,0.006601697579377554,0.004086765168186105,3318,0,0,
Cisco,"Cisco Systems, Inc._Earnings Call_2022-08-17T00_00_00_English.docx",2022-08-17,2022,FQ4,2024-08-09,-723,non_event,0,0,1,sample_boundary,managerial_qa,29,62,0,0,0,0,final,0,4745,285,16.649122807017545,442,0.09315068493150686,10.385676520067292,385,9.905170724493004,4745,70,37,31,0.014752370916754479,0.00779768177028451,0.006533192834562698,4853,0,0,
Cisco,"Cisco Systems, Inc._Earnings Call_2022-11-16T00_00_00_English.docx",2022-11-16,2023,FQ1,2024-08-09,-632,non_event,0,0,1,sample_boundary,prepared_management,4,5,0,0,0,0,final,0,2467,136,18.139705882352942,480,0.19456830158086744,15.038614416175875,392,13.611780204582846,2467,63,22,16,0.02553708958248885,0.008917713822456425,0.0064856100526955816,2578,0,0,
Cisco,"Cisco Systems, Inc._Earnings Call_2022-11-16T00_00_00_English.docx",2022-11-16,2023,FQ1,2024-08-09,-632,non_event,0,0,1,sample_boundary,managerial_qa,34,70,0,0,0,0,final,0,3827,260,14.71923076923077,408,0.10661092239351973,10.152129203433098,338,9.42048561837953,3827,62,26,17,0.01620067938332898,0.00679383328978312,0.004442121766396656,3923,0,0,
Cisco,"Cisco Systems, Inc._Earnings Call_2023-02-15T00_00_00_English.docx",2023-02-15,2023,FQ2,2024-08-09,-541,non_event,0,0,1,sample_boundary,prepared_management,6,7,0,0,0,0,final,0,2628,140,18.771428571428572,497,0.189117199391172,15.073259404218309,420,13.901265492498368,2628,75,15,12,0.028538812785388126,0.005707762557077625,0.0045662100456621,2723,0,0,
Cisco,"Cisco Systems, Inc._Earnings Call_2023-02-15T00_00_00_English.docx",2023-02-15,2023,FQ2,2024-08-09,-541,non_event,0,0,1,sample_boundary,managerial_qa,35,70,0,0,0,0,final,0,4307,239,18.02092050209205,419,0.09728349198978407,11.099707880428184,377,10.709645191781794,4307,63,25,30,0.01462735082423961,0.005804504295333178,0.006965405154399814,4409,0,0,
Cisco,"Cisco Systems, Inc._Earnings Call_2023-05-17T00_00_00_English.docx",2023-05-17,2023,FQ3,2024-08-09,-450,non_event,0,0,1,sample_boundary,prepared_management,3,4,0,0,0,0,final,0,2469,134,18.425373134328357,452,0.18307006885378696,14.692952007882822,367,13.315876268717169,2469,75,10,15,0.030376670716889428,0.004050222762251924,0.006075334143377886,2566,0,0,
Cisco,"Cisco Systems, Inc._Earnings Call_2023-05-17T00_00_00_English.docx",2023-05-17,2023,FQ3,2024-08-09,-450,non_event,0,0,1,sample_boundary,managerial_qa,25,50,0,0,0,0,final,0,3204,174,18.413793103448278,325,0.10143570536828964,11.422945456110897,285,10.92356967583624,3204,43,14,17,0.013420724094881398,0.004369538077403246,0.005305867665418227,3292,0,0,
Cisco,"Cisco Systems, Inc._Earnings Call_2023-08-16T00_00_00_English.docx",2023-08-16,2023,FQ4,2024-08-09,-359,non_event,0,0,1,sample_boundary,prepared_management,4,5,0,0,0,0,final,0,2360,134,17.611940298507463,461,0.19533898305084746,14.858335441436886,379,13.468504932962308,2360,68,9,11,0.0288135593220339,0.0038135593220338985,0.004661016949152543,2463,0,0,
Cisco,"Cisco Systems, Inc._Earnings Call_2023-08-16T00_00_00_English.docx",2023-08-16,2023,FQ4,2024-08-09,-359,non_event,0,0,1,sample_boundary,managerial_qa,26,53,0,0,0,0,final,0,4818,294,16.387755102040817,509,0.10564549605645496,10.780921883074527,442,10.224674477512051,4818,69,32,18,0.014321295143212951,0.006641760066417601,0.0037359900373599006,4934,0,0,
Cisco,"Cisco Systems, Inc._Earnings Call_2023-11-15T00_00_00_English.docx",2023-11-15,2024,FQ1,2024-08-09,-268,non_event,0,0,1,sample_boundary,prepared_management,4,5,0,0,0,0,final,0,2361,125,18.888,459,0.19440914866581957,15.331565946632782,374,13.891498178737823,2361,59,17,14,0.024989411266412537,0.007200338839474798,0.005929690808979246,2457,0,0,
Cisco,"Cisco Systems, Inc._Earnings Call_2023-11-15T00_00_00_English.docx",2023-11-15,2024,FQ1,2024-08-09,-268,non_event,0,0,1,sample_boundary,managerial_qa,27,50,0,0,0,0,final,0,2841,178,15.960674157303371,301,0.10594860964449138,10.622214048701004,246,9.847838828708044,2841,29,22,21,0.010207673354452657,0.007743752199929602,0.007391763463569166,2909,0,0,
Cisco,"Cisco Systems, Inc._Earnings Call_2024-02-14T00_00_00_English.docx",2024-02-14,2024,FQ2,2024-08-09,-177,pre_2,0,0,1,sample_boundary,prepared_management,4,5,0,0,0,0,final,0,2558,129,19.829457364341085,553,0.2161845191555903,16.579163711960046,457,15.07799092071689,2558,59,24,19,0.023064894448788117,0.009382329945269743,0.007427677873338546,2647,0,0,
Cisco,"Cisco Systems, Inc._Earnings Call_2024-02-14T00_00_00_English.docx",2024-02-14,2024,FQ2,2024-08-09,-177,pre_2,0,0,1,sample_boundary,managerial_qa,25,54,0,0,0,0,final,0,3566,199,17.91959798994975,363,0.10179472798653955,11.239628315441482,307,10.611473520152643,3566,31,30,27,0.008693213684800897,0.008412787436904094,0.007571508693213685,3656,0,0,
Cisco,"Cisco Systems, Inc._Earnings Call_2024-05-15T00_00_00_English.docx",2024-05-15,2024,FQ3,2024-08-09,-86,pre_1,0,0,1,sample_boundary,prepared_management,4,5,0,0,0,0,final,0,2745,143,19.195804195804197,531,0.19344262295081968,15.416026596354465,440,14.08997923752022,2745,61,13,16,0.022222222222222223,0.004735883424408015,0.0058287795992714025,2850,0,0,
Cisco,"Cisco Systems, Inc._Earnings Call_2024-05-15T00_00_00_English.docx",2024-05-15,2024,FQ3,2024-08-09,-86,pre_1,0,0,1,sample_boundary,managerial_qa,28,55,0,0,0,0,final,0,4473,257,17.404669260700388,466,0.104180639391907,11.129093279956436,418,10.699851160573472,4473,65,20,20,0.014531634249944109,0.004471272076905879,0.004471272076905879,4553,0,0,
Cisco,"Cisco Systems, Inc._Earnings Call_2024-08-14T00_00_00_English.docx",2024-08-14,2024,FQ4,2024-08-09,5,post_1,0,0,1,sample_boundary,prepared_management,4,5,0,0,0,0,final,0,2764,156,17.71794871794872,545,0.197178002894356,14.974299602953728,459,13.729726520464585,2764,74,14,18,0.026772793053545588,0.005065123010130246,0.006512301013024602,2893,0,0,
Cisco,"Cisco Systems, Inc._Earnings Call_2024-08-14T00_00_00_English.docx",2024-08-14,2024,FQ4,2024-08-09,5,post_1,0,0,1,sample_boundary,managerial_qa,32,62,0,0,0,0,final,0,4467,257,17.381322957198442,504,0.11282740094022835,11.465625220488512,408,10.605987879991533,4467,53,24,18,0.011864786209984329,0.005372733378106112,0.004029550033579583,4551,0,0,
Coinbase,"Coinbase Global, Inc._Earnings Call_2021-05-13T00_00_00_English.docx",2021-05-13,2021,FQ1,2022-06-14,-397,non_event,0,0,0,,prepared_management,1,2,0,0,0,0,final,0,283,15,18.866666666666667,59,0.20848056537102475,15.885889281507657,42,13.483062426383981,283,4,3,8,0.014134275618374558,0.01060070671378092,0.028268551236749116,282,0,0,
Coinbase,"Coinbase Global, Inc._Earnings Call_2021-05-13T00_00_00_English.docx",2021-05-13,2021,FQ1,2022-06-14,-397,non_event,0,0,0,,managerial_qa,32,45,0,0,0,0,final,0,4864,271,17.948339483394832,590,0.12129934210526316,12.03130947756846,484,11.15959895125267,4864,54,60,46,0.011101973684210526,0.012335526315789474,0.009457236842105263,4897,0,0,
Coinbase,"Coinbase Global, Inc._Earnings Call_2021-08-10T00_00_00_English.docx",2021-08-10,2021,FQ2,2022-06-14,-308,non_event,0,0,0,,prepared_management,1,2,0,0,0,0,final,0,251,13,19.307692307692307,57,0.22709163346613545,16.80674226172234,42,14.41630401471039,251,4,2,8,0.01593625498007968,0.00796812749003984,0.03187250996015936,250,0,0,
Coinbase,"Coinbase Global, Inc._Earnings Call_2021-08-10T00_00_00_English.docx",2021-08-10,2021,FQ2,2022-06-14,-308,non_event,0,0,0,,managerial_qa,12,26,11,0,2,0,final,0,4361,222,19.644144144144143,556,0.12749369410685624,12.957405421931908,458,12.058529017437525,4361,51,22,26,0.011694565466636093,0.005044714515019491,0.005961935335932126,4421,0,0,
Coinbase,"Coinbase Global, Inc._Earnings Call_2021-11-09T00_00_00_English.docx",2021-11-09,2021,FQ3,2022-06-14,-217,non_event,0,0,0,,prepared_management,3,4,0,0,0,0,final,0,1302,79,16.481012658227847,202,0.15514592933947774,12.79824223687025,149,11.169978027960878,1302,17,13,18,0.013056835637480798,0.009984639016897081,0.013824884792626729,1319,0,0,
Coinbase,"Coinbase Global, Inc._Earnings Call_2021-11-09T00_00_00_English.docx",2021-11-09,2021,FQ3,2022-06-14,-217,non_event,0,0,0,,managerial_qa,34,46,0,0,0,0,final,0,6388,366,17.453551912568305,847,0.132592360676268,12.285115192078043,707,11.40847148512751,6388,88,69,49,0.013775829680651221,0.010801502817783344,0.007670632435817157,6438,0,0,
Coinbase,"Coinbase Global, Inc._Earnings Call_2022-02-24T00_00_00_English.docx",2022-02-24,2021,FQ4,2022-06-14,-110,pre_2,0,0,0,,prepared_management,5,6,0,0,0,0,final,0,1963,104,18.875,231,0.11767702496179318,12.257080998471729,178,11.177101375445748,1963,32,14,24,0.0163015792154865,0.007131940906775344,0.012226184411614875,2009,0,0,
Coinbase,"Coinbase Global, Inc._Earnings Call_2022-02-24T00_00_00_English.docx",2022-02-24,2021,FQ4,2022-06-14,-110,pre_2,0,0,0,,managerial_qa,39,50,0,0,0,0,final,0,5532,302,18.31788079470199,626,0.11315979754157629,11.853544219543847,501,10.949711970809213,5532,87,49,31,0.015726681127982648,0.008857556037599421,0.005603759942154736,5588,0,0,
Coinbase,"Coinbase Global, Inc._Earnings Call_2022-05-10T00_00_00_English.docx",2022-05-10,2022,FQ1,2022-06-14,-35,pre_1,0,0,0,,prepared_management,3,4,0,0,0,0,final,0,1329,69,19.26086956521739,177,0.13318284424379231,13.03166159583865,150,12.219020512317206,1329,23,17,26,0.01730624529721595,0.012791572610985704,0.019563581640331076,1346,0,0,
Coinbase,"Coinbase Global, Inc._Earnings Call_2022-05-10T00_00_00_English.docx",2022-05-10,2022,FQ1,2022-06-14,-35,pre_1,0,0,0,,managerial_qa,28,40,0,0,0,0,final,0,6571,367,17.904632152588555,806,0.1226601734895754,12.068259800618439,670,11.240379721482842,6571,85,51,46,0.012935626236493684,0.00776137574189621,0.007000456551514229,6650,0,0,
Coinbase,"Coinbase Global, Inc._Earnings Call_2022-08-09T00_00_00_English.docx",2022-08-09,2022,FQ2,2022-06-14,56,post_1,0,0,0,,prepared_management,3,4,0,0,0,0,final,0,3023,155,19.503225806451614,430,0.14224280516043666,13.491002528998113,357,12.525074642792356,3023,53,32,39,0.017532252729077075,0.010585511081706914,0.012901091630830301,3064,0,0,
Coinbase,"Coinbase Global, Inc._Earnings Call_2022-08-09T00_00_00_English.docx",2022-08-09,2022,FQ2,2022-06-14,56,post_1,0,0,0,,managerial_qa,23,38,0,0,0,0,final,0,4806,262,18.34351145038168,599,0.12463587182688306,12.322839453227994,497,11.473900626761079,4806,61,55,39,0.012692467748647523,0.011444028297960882,0.008114856429463172,4836,0,0,
Coinbase,"Coinbase Global, Inc._Earnings Call_2022-11-03T00_00_00_English.docx",2022-11-03,2022,FQ3,2022-06-14,142,post_2,0,0,0,,prepared_management,3,4,0,0,0,0,final,0,2251,116,19.405172413793103,335,0.14882274544646823,13.714978783375972,275,12.648785980177394,2251,49,24,20,0.021768103065304308,0.010661928031985785,0.00888494002665482,2274,0,0,
Coinbase,"Coinbase Global, Inc._Earnings Call_2022-11-03T00_00_00_English.docx",2022-11-03,2022,FQ3,2022-06-14,142,post_2,0,0,0,,managerial_qa,33,46,0,0,0,0,final,0,6073,336,18.074404761904763,792,0.13041330479170096,12.446294096429945,680,11.708602675385979,6073,97,63,50,0.015972336571710852,0.010373785608430759,0.008233163181294254,6160,0,0,
Coinbase,"Coinbase Global, Inc._Earnings Call_2023-02-21T00_00_00_English.docx",2023-02-21,2022,FQ4,2022-06-14,252,non_event,0,0,0,,prepared_management,3,4,0,0,0,0,final,0,2031,124,16.379032258064516,335,0.16494337764647957,13.149348009084989,249,11.455601086386812,2031,28,25,26,0.013786312161496799,0.012309207287050714,0.012801575578532743,2091,0,0,
Coinbase,"Coinbase Global, Inc._Earnings Call_2023-02-21T00_00_00_English.docx",2023-02-21,2022,FQ4,2022-06-14,252,non_event,0,0,0,,managerial_qa,34,49,0,0,0,0,final,0,5011,292,17.160958904109588,708,0.14128916383955298,12.515950115225955,595,11.613934549470617,5011,81,44,45,0.01616443823588106,0.008780682498503292,0.008980243464378368,5043,0,0,
Coinbase,"Coinbase Global, Inc._Earnings Call_2023-05-04T00_00_00_English.docx",2023-05-04,2023,FQ1,2022-06-14,324,non_event,0,0,0,,prepared_management,3,4,0,0,0,0,final,0,1898,113,16.79646017699115,320,0.16859852476290832,13.462525061312796,252,12.029437600828073,1898,36,28,22,0.018967334035827187,0.014752370916754479,0.011591148577449948,1942,0,0,
Coinbase,"Coinbase Global, Inc._Earnings Call_2023-05-04T00_00_00_English.docx",2023-05-04,2023,FQ1,2022-06-14,324,non_event,0,0,0,,managerial_qa,29,48,0,0,0,0,final,0,4576,267,17.138576779026216,605,0.13221153846153846,12.143892250072026,500,11.226060082239858,4576,73,43,35,0.015952797202797204,0.009396853146853146,0.007648601398601399,4577,0,0,
Coinbase,"Coinbase Global, Inc._Earnings Call_2023-08-03T00_00_00_English.docx",2023-08-03,2023,FQ2,2022-06-14,415,non_event,0,0,0,,prepared_management,12,13,0,0,0,0,final,0,4409,246,17.922764227642276,680,0.15422998412338398,13.338305055992272,540,12.068175774976167,4409,72,45,25,0.016330233613064186,0.010206396008165117,0.005670220004536176,4467,0,0,
Coinbase,"Coinbase Global, Inc._Earnings Call_2023-08-03T00_00_00_English.docx",2023-08-03,2023,FQ2,2022-06-14,415,non_event,0,0,0,,managerial_qa,12,28,0,0,0,0,final,0,2754,149,18.483221476510067,285,0.10348583877995643,11.532722141802285,245,10.951749011809547,2754,27,20,20,0.00980392156862745,0.007262164124909223,0.007262164124909223,2788,0,0,
Coinbase,"Coinbase Global, Inc._Earnings Call_2023-11-02T00_00_00_English.docx",2023-11-02,2023,FQ3,2022-06-14,506,non_event,0,0,0,,prepared_management,4,5,0,0,0,0,final,0,2351,117,20.094017094017094,445,0.18928115695448744,15.608853115786339,349,13.975505604089186,2351,59,19,20,0.025095703955763504,0.008081667375584857,0.008507018290089324,2384,0,0,
Coinbase,"Coinbase Global, Inc._Earnings Call_2023-11-02T00_00_00_English.docx",2023-11-02,2023,FQ3,2022-06-14,506,non_event,0,0,0,,managerial_qa,21,40,0,0,0,0,final,0,4342,221,19.647058823529413,577,0.13288807001381853,13.174346329964507,473,12.216262497629177,4342,72,51,38,0.016582220175034548,0.01174573929064947,0.008751727314601566,4394,0,0,
Coinbase,"Coinbase Global, Inc._Earnings Call_2024-02-15T00_00_00_English.docx",2024-02-15,2023,FQ4,2022-06-14,611,non_event,0,0,0,,prepared_management,4,5,0,0,0,0,final,0,2559,150,17.06,403,0.15748339194998046,13.123335677999217,315,11.747798358733881,2559,42,30,18,0.016412661195779603,0.011723329425556858,0.007033997655334115,2622,0,0,
Coinbase,"Coinbase Global, Inc._Earnings Call_2024-02-15T00_00_00_English.docx",2024-02-15,2023,FQ4,2022-06-14,611,non_event,0,0,0,,managerial_qa,25,45,0,0,0,0,final,0,3899,244,15.979508196721312,499,0.12798153372659657,11.511064627752388,401,10.505678631343052,3899,83,42,20,0.021287509617850732,0.010771992818671455,0.005129520389843549,3932,0,0,
Coinbase,"Coinbase Global, Inc._Earnings Call_2024-05-02T00_00_00_English.docx",2024-05-02,2024,FQ1,2022-06-14,688,non_event,0,0,0,,prepared_management,4,5,0,0,0,0,final,0,1896,108,17.555555555555557,339,0.1787974683544304,14.174120956399442,255,12.401969057665262,1896,38,15,18,0.020042194092827006,0.007911392405063292,0.00949367088607595,1952,0,0,
Coinbase,"Coinbase Global, Inc._Earnings Call_2024-05-02T00_00_00_English.docx",2024-05-02,2024,FQ1,2022-06-14,688,non_event,0,0,0,,managerial_qa,24,48,0,0,0,0,final,0,3768,208,18.115384615384617,471,0.125,12.246153846153847,398,11.47120692471011,3768,60,30,31,0.01592356687898089,0.007961783439490446,0.008227176220806794,3817,0,0,
Coinbase,"Coinbase Global, Inc._Earnings Call_2024-08-01T00_00_00_English.docx",2024-08-01,2024,FQ2,2022-06-14,779,non_event,0,0,0,,prepared_management,3,4,0,0,0,0,final,0,1667,96,17.364583333333332,354,0.21235752849430115,15.440134473105378,257,13.112599980004001,1667,44,22,19,0.026394721055788842,0.013197360527894421,0.011397720455908818,1700,0,0,
Coinbase,"Coinbase Global, Inc._Earnings Call_2024-08-01T00_00_00_English.docx",2024-08-01,2024,FQ2,2022-06-14,779,non_event,0,0,0,,managerial_qa,21,42,0,0,0,0,final,0,4527,256,17.68359375,549,0.12127236580516898,11.92433213220676,474,11.261641608681247,4527,60,32,25,0.013253810470510271,0.007068698917605479,0.00552242102937928,4575,0,0,
Coinbase,"Coinbase Global, Inc._Earnings Call_2024-10-30T00_00_00_English.docx",2024-10-30,2024,FQ3,2022-06-14,869,non_event,0,0,0,,prepared_management,3,4,0,0,0,0,final,0,3259,206,15.820388349514563,512,0.15710340595274624,12.612291577915677,422,11.50765825481043,3259,46,14,16,0.014114759128567045,0.004295796256520405,0.00490948143602332,3353,0,0,
Coinbase,"Coinbase Global, Inc._Earnings Call_2024-10-30T00_00_00_English.docx",2024-10-30,2024,FQ3,2022-06-14,869,non_event,0,0,0,,managerial_qa,21,43,0,0,0,0,final,0,3808,230,16.556521739130435,493,0.12946428571428573,11.801180124223604,448,11.32849104859335,3808,68,30,21,0.017857142857142856,0.007878151260504201,0.0055147058823529415,3843,0,0,
Coinbase,"Coinbase Global, Inc._Earnings Call_2025-02-13T00_00_00_English.docx",2025-02-13,2024,FQ4,2022-06-14,975,non_event,0,0,0,,prepared_management,3,4,0,0,0,0,final,0,2523,154,16.383116883116884,397,0.1573523583036068,12.847341085391026,313,11.51559316624715,2523,57,10,16,0.022592152199762187,0.003963535473642489,0.006341656757827983,2592,0,0,
Coinbase,"Coinbase Global, Inc._Earnings Call_2025-02-13T00_00_00_English.docx",2025-02-13,2024,FQ4,2022-06-14,975,non_event,0,0,0,,managerial_qa,28,51,0,0,0,0,final,0,5008,288,17.38888888888889,577,0.11521565495207668,11.564181753638623,497,10.925204117855877,5008,77,32,60,0.015375399361022364,0.006389776357827476,0.011980830670926517,5059,0,0,
Dell,Dell Technologies Inc._Earnings Call_2020-05-28T00_00_00_English.docx,2020-05-28,2021,FQ1,2023-02-06,-984,non_event,0,0,0,,prepared_management,4,5,0,0,0,0,final,0,3405,187,18.20855614973262,678,0.19911894273127753,15.248180169144149,555,13.803246248439303,3405,72,26,25,0.021145374449339206,0.0076358296622613805,0.007342143906020558,3500,0,0,
Dell,Dell Technologies Inc._Earnings Call_2020-05-28T00_00_00_English.docx,2020-05-28,2021,FQ1,2023-02-06,-984,non_event,0,0,0,,managerial_qa,25,46,0,0,0,0,final,0,3954,210,18.82857142857143,502,0.12696004046535153,12.609830190042633,433,11.911802875930343,3954,41,22,25,0.010369246332827516,0.00556398583712696,0.006322711178553364,3998,0,0,
Dell,Dell Technologies Inc._Earnings Call_2020-08-27T00_00_00_English.docx,2020-08-27,2021,FQ2,2023-02-06,-893,non_event,0,0,0,,prepared_management,4,5,0,0,0,0,final,0,4013,203,19.76847290640394,841,0.20956890107151757,16.290145205422277,697,14.854810044694643,4013,95,21,25,0.02367306254672315,0.00523299277348617,0.0062297533017692495,4132,0,0,
Dell,Dell Technologies Inc._Earnings Call_2020-08-27T00_00_00_English.docx,2020-08-27,2021,FQ2,2023-02-06,-893,non_event,0,0,0,,managerial_qa,16,36,0,0,0,0,final,0,3601,193,18.6580310880829,423,0.1174673701749514,12.161907242231218,377,11.650938067002114,3601,58,33,29,0.016106637045265205,0.009164121077478478,0.008053318522632602,3651,0,0,
Dell,Dell Technologies Inc._Earnings Call_2020-11-24T00_00_00_English.docx,2020-11-24,2021,FQ3,2023-02-06,-804,non_event,0,0,0,,prepared_management,4,5,0,0,0,0,final,0,3661,183,20.005464480874316,779,0.2127833925157061,16.51352149297797,650,15.104070523297555,3661,119,17,32,0.032504780114722756,0.004643540016388965,0.008740781207320403,3773,0,0,
Dell,Dell Technologies Inc._Earnings Call_2020-11-24T00_00_00_English.docx,2020-11-24,2021,FQ3,2023-02-06,-804,non_event,0,0,0,,managerial_qa,26,47,0,0,0,0,final,0,4247,279,15.222222222222221,494,0.11631740051801272,10.741584909609399,443,10.261245846741492,4247,53,28,25,0.012479397221568166,0.006592889098186955,0.00588650812338121,4326,0,0,
Dell,Dell Technologies Inc._Earnings Call_2021-02-25T00_00_00_English.docx,2021-02-25,2021,FQ4,2023-02-06,-711,non_event,0,0,0,,prepared_management,4,5,0,0,0,0,final,0,3611,195,18.51794871794872,697,0.19302132373303793,15.128032436501005,579,13.820915294435096,3611,108,16,26,0.029908612572694546,0.004430905566325118,0.007200221545278316,3756,0,0,
Dell,Dell Technologies Inc._Earnings Call_2021-02-25T00_00_00_English.docx,2021-02-25,2021,FQ4,2023-02-06,-711,non_event,0,0,0,,managerial_qa,28,52,0,0,0,0,final,0,4276,279,15.32616487455197,450,0.10523854069223573,10.34000757751022,397,9.844217119137909,4276,77,28,27,0.018007483629560336,0.006548175865294668,0.006314312441534144,4390,0,0,
Dell,Dell Technologies Inc._Earnings Call_2021-05-27T00_00_00_English.docx,2021-05-27,2022,FQ1,2023-02-06,-620,non_event,0,0,0,,prepared_management,4,5,0,0,0,0,final,0,3794,200,18.97,813,0.21428571428571427,16.159428571428574,668,14.630698998418556,3794,117,9,24,0.03083816552451239,0.0023721665788086453,0.0063257775434897206,3917,0,0,
Dell,Dell Technologies Inc._Earnings Call_2021-05-27T00_00_00_English.docx,2021-05-27,2022,FQ1,2023-02-06,-620,non_event,0,0,0,,managerial_qa,17,42,0,0,0,0,final,0,3011,180,16.727777777777778,406,0.13483892394553304,12.084668068932434,362,11.500144654784311,3011,64,9,18,0.021255396878113585,0.0029890401859847225,0.005978080371969445,3093,0,0,
Dell,Dell Technologies Inc._Earnings Call_2021-08-26T00_00_00_English.docx,2021-08-26,2022,FQ2,2023-02-06,-529,non_event,0,0,0,,prepared_management,5,6,0,0,0,0,final,0,3184,157,20.280254777070063,670,0.21042713567839197,16.5291873379637,555,15.084463719873254,3184,98,14,22,0.03077889447236181,0.0043969849246231155,0.006909547738693468,3296,0,0,
Dell,Dell Technologies Inc._Earnings Call_2021-08-26T00_00_00_English.docx,2021-08-26,2022,FQ2,2023-02-06,-529,non_event,0,0,0,,managerial_qa,21,48,0,0,0,0,final,0,3836,257,14.926070038910506,437,0.11392075078206465,10.52725804684679,381,9.943316441007372,3836,57,34,26,0.014859228362877997,0.008863399374348279,0.006777893639207508,3920,0,0,
Dell,Dell Technologies Inc._Earnings Call_2021-11-23T00_00_00_English.docx,2021-11-23,2022,FQ3,2023-02-06,-440,non_event,0,0,0,,prepared_management,5,6,0,0,0,0,final,0,3509,177,19.824858757062145,755,0.21516101453405528,16.53638408418707,637,15.191271516503969,3509,113,16,23,0.03220290681105728,0.004559703619264748,0.006554573952693075,3624,0,0,
Dell,Dell Technologies Inc._Earnings Call_2021-11-23T00_00_00_English.docx,2021-11-23,2022,FQ3,2023-02-06,-440,non_event,0,0,0,,managerial_qa,24,49,0,0,0,0,final,0,3523,191,18.445026178010473,417,0.11836502980414419,12.112611663369957,363,11.49949783992403,3523,41,34,20,0.011637808685779166,0.009650865739426626,0.005676979846721544,3574,0,0,
Dell,Dell Technologies Inc._Earnings Call_2022-02-24T00_00_00_English.docx,2022-02-24,2022,FQ4,2023-02-06,-347,non_event,0,0,0,,prepared_management,6,7,0,0,0,0,final,0,3391,175,19.377142857142857,679,0.2002359186080802,15.760293887180353,566,14.427353751527153,3391,57,21,25,0.016809200825715128,0.006192863462105573,0.007372456502506636,3534,0,0,
Dell,Dell Technologies Inc._Earnings Call_2022-02-24T00_00_00_English.docx,2022-02-24,2022,FQ4,2023-02-06,-347,non_event,0,0,0,,managerial_qa,22,50,0,0,0,0,final,0,3870,194,19.948453608247423,419,0.1082687338501292,12.310130797304138,370,11.803670848983723,3870,40,29,60,0.0103359173126615,0.007493540051679587,0.015503875968992248,3958,0,0,
Dell,Dell Technologies Inc._Earnings Call_2022-05-26T00_00_00_English.docx,2022-05-26,2023,FQ1,2023-02-06,-256,non_event,0,0,0,,prepared_management,5,6,0,0,0,0,final,0,2297,127,18.086614173228348,469,0.20417936438833262,15.401820244824643,384,13.92162869062351,2297,45,17,21,0.0195907705703091,0.007400957771005659,0.00914235959947758,2382,0,0,
Dell,Dell Technologies Inc._Earnings Call_2022-05-26T00_00_00_English.docx,2022-05-26,2023,FQ1,2023-02-06,-256,non_event,0,0,0,,managerial_qa,33,60,0,0,0,0,final,0,5480,322,17.018633540372672,557,0.10164233576642336,10.873146846806003,510,10.530081153375347,5480,69,50,39,0.012591240875912409,0.009124087591240875,0.007116788321167883,5559,0,0,
Dell,Dell Technologies Inc._Earnings Call_2022-08-25T00_00_00_English.docx,2022-08-25,2023,FQ2,2023-02-06,-165,pre_2,0,0,0,,prepared_management,5,6,0,0,0,0,final,0,2356,122,19.311475409836067,435,0.18463497453310695,15.109989145258703,356,13.768732778535446,2356,55,25,23,0.0233446519524618,0.010611205432937181,0.009762308998302207,2441,0,0,
Dell,Dell Technologies Inc._Earnings Call_2022-08-25T00_00_00_English.docx,2022-08-25,2023,FQ2,2023-02-06,-165,pre_2,0,0,0,,managerial_qa,29,63,0,0,0,0,final,0,5425,288,18.836805555555557,692,0.12755760368663593,12.63702636968766,617,12.084030977982593,5425,77,53,41,0.014193548387096775,0.009769585253456222,0.007557603686635945,5485,0,0,
Dell,Dell Technologies Inc._Earnings Call_2022-11-21T00_00_00_English.docx,2022-11-21,2023,FQ3,2023-02-06,-77,pre_1,0,0,0,,prepared_management,4,5,0,0,0,0,final,0,2246,119,18.873949579831933,447,0.19902048085485308,15.510399066126897,379,14.29935721394524,2246,44,21,22,0.019590382902938557,0.009349955476402494,0.009795191451469279,2356,0,0,
Dell,Dell Technologies Inc._Earnings Call_2022-11-21T00_00_00_English.docx,2022-11-21,2023,FQ3,2023-02-06,-77,pre_1,0,0,0,,managerial_qa,24,55,0,0,0,0,final,0,4725,263,17.96577946768061,522,0.11047619047619048,11.605359406119863,467,11.139750940511398,4725,63,43,37,0.013333333333333334,0.0091005291005291,0.00783068783068783,4771,0,0,
Dell,Dell Technologies Inc._Earnings Call_2023-03-02T00_00_00_English.docx,2023-03-02,2023,FQ4,2023-02-06,24,post_1,0,0,0,,prepared_management,3,4,0,0,0,0,final,0,2671,131,20.389312977099237,540,0.20217147135904157,16.242584045201358,451,14.909749900686194,2671,54,28,22,0.020217147135904157,0.010482965181579932,0.008236615499812805,2811,0,0,
Dell,Dell Technologies Inc._Earnings Call_2023-03-02T00_00_00_English.docx,2023-03-02,2023,FQ4,2023-02-06,24,post_1,0,0,0,,managerial_qa,24,50,0,0,0,0,final,0,3604,205,17.58048780487805,391,0.10849056603773585,11.371817763460655,341,10.816878806745894,3604,53,46,24,0.014705882352941176,0.012763596004439512,0.006659267480577136,3676,0,0,
Dell,Dell Technologies Inc._Earnings Call_2023-06-01T00_00_00_English.docx,2023-06-01,2024,FQ1,2023-02-06,115,post_2,0,0,0,,prepared_management,5,6,0,0,0,0,final,0,2236,119,18.789915966386555,461,0.20617173524150267,15.762835796214729,401,14.689490536822959,2236,42,17,26,0.018783542039355994,0.007602862254025045,0.011627906976744186,2323,0,0,
Dell,Dell Technologies Inc._Earnings Call_2023-06-01T00_00_00_English.docx,2023-06-01,2024,FQ1,2023-02-06,115,post_2,0,0,0,,managerial_qa,24,50,0,0,0,0,final,0,4177,244,17.118852459016395,512,0.12257601149150107,11.7505814432666,452,11.17600638940019,4177,87,34,21,0.02082834570265741,0.008139813263107493,0.005027531721331099,4238,0,0,
Dell,Dell Technologies Inc._Earnings Call_2023-08-31T00_00_00_English.docx,2023-08-31,2024,FQ2,2023-02-06,206,non_event,0,0,0,,prepared_management,3,4,0,0,0,0,final,0,2126,113,18.8141592920354,434,0.2041392285983067,15.691232860746428,380,14.675240386616606,2126,59,9,17,0.027751646284101598,0.0042333019755409216,0.00799623706491063,2216,0,0,
Dell,Dell Technologies Inc._Earnings Call_2023-08-31T00_00_00_English.docx,2023-08-31,2024,FQ2,2023-02-06,206,non_event,0,0,0,,managerial_qa,23,50,0,0,0,0,final,0,4460,263,16.958174904942965,516,0.11569506726457399,11.411072652560145,454,10.855018840900954,4460,84,32,30,0.01883408071748879,0.007174887892376682,0.006726457399103139,4518,0,0,
Dell,Dell Technologies Inc._Earnings Call_2023-11-30T00_00_00_English.docx,2023-11-30,2024,FQ3,2023-02-06,297,non_event,0,0,0,,prepared_management,3,4,0,0,0,0,final,0,2157,119,18.126050420168067,438,0.20305980528511822,15.372812379471956,371,14.130345990969406,2157,58,11,13,0.02688919796012981,0.005099675475197033,0.00602688919796013,2231,0,0,
Dell,Dell Technologies Inc._Earnings Call_2023-11-30T00_00_00_English.docx,2023-11-30,2024,FQ3,2023-02-06,297,non_event,0,0,0,,managerial_qa,31,60,0,0,0,0,final,0,4083,318,12.839622641509434,478,0.11707078128826844,9.818680308134512,400,9.05453629637845,4083,91,41,34,0.02228753367621847,0.010041636051922606,0.008327210384521186,4164,0,0,
Dell,Dell Technologies Inc._Earnings Call_2024-02-29T00_00_00_English.docx,2024-02-29,2024,FQ4,2023-02-06,388,non_event,0,0,0,,prepared_management,4,5,0,0,0,0,final,0,2089,111,18.81981981981982,380,0.18190521780756344,14.804136640230467,316,13.578669909737409,2089,54,17,18,0.02584968884633796,0.008137865007180469,0.00861656294877932,2180,0,0,
Dell,Dell Technologies Inc._Earnings Call_2024-02-29T00_00_00_English.docx,2024-02-29,2024,FQ4,2023-02-06,388,non_event,0,0,0,,managerial_qa,27,57,0,0,0,0,final,0,4485,286,15.681818181818182,648,0.14448160535117058,12.051991486774098,544,11.124455254890037,4485,103,25,37,0.022965440356744703,0.005574136008918618,0.008249721293199555,4531,0,0,
DocuSign,"DocuSign, Inc._Earnings Call_2020-06-04T00_00_00_English.docx",2020-06-04,2021,FQ1,2023-02-16,-987,non_event,0,0,0,,prepared_management,3,4,0,0,0,0,final,0,2266,119,19.04201680672269,418,0.18446601941747573,14.995447499388105,336,13.547962945107436,2266,26,5,34,0.01147396293027361,0.002206531332744925,0.01500441306266549,2369,0,0,
DocuSign,"DocuSign, Inc._Earnings Call_2020-06-04T00_00_00_English.docx",2020-06-04,2021,FQ1,2023-02-16,-987,non_event,0,0,0,,managerial_qa,27,65,0,0,0,0,final,0,5936,291,20.398625429553263,702,0.11826145552560646,12.889908392845564,600,12.202576856457425,5936,78,25,39,0.013140161725067386,0.0042115902964959566,0.006570080862533693,5982,0,0,
DocuSign,"DocuSign, Inc._Earnings Call_2020-09-03T00_00_00_English.docx",2020-09-03,2021,FQ2,2023-02-16,-896,non_event,0,0,0,,prepared_management,3,4,0,0,0,0,final,0,2659,143,18.594405594405593,499,0.18766453553967657,14.9443436593493,399,13.440018725163515,2659,44,6,26,0.016547574276043624,0.0022564874012786762,0.009778112072207596,2748,0,0,
DocuSign,"DocuSign, Inc._Earnings Call_2020-09-03T00_00_00_English.docx",2020-09-03,2021,FQ2,2023-02-16,-896,non_event,0,0,0,,managerial_qa,28,64,0,0,0,0,final,0,6090,333,18.28828828828829,669,0.10985221674876847,11.709403985266055,544,10.888385922868682,6090,114,16,45,0.0187192118226601,0.002627257799671593,0.007389162561576354,6140,0,0,
DocuSign,"DocuSign, Inc._Earnings Call_2020-12-03T00_00_00_English.docx",2020-12-03,2021,FQ3,2023-02-16,-805,non_event,0,0,0,,prepared_management,3,4,0,0,0,0,final,0,2313,124,18.653225806451612,451,0.1949848681366191,15.260685048045412,336,13.271925860842643,2313,39,13,35,0.016861219195849545,0.005620406398616515,0.015131863380890618,2408,0,0,
DocuSign,"DocuSign, Inc._Earnings Call_2020-12-03T00_00_00_English.docx",2020-12-03,2021,FQ3,2023-02-16,-805,non_event,0,0,0,,managerial_qa,28,66,0,0,0,0,final,0,6787,354,19.172316384180792,752,0.11080005893620157,12.10092891112038,643,11.458524314096659,6787,113,37,55,0.01664947694121114,0.005451598644467364,0.008103727714748784,6820,0,0,
DocuSign,"DocuSign, Inc._Earnings Call_2021-03-11T00_00_00_English.docx",2021-03-11,2021,FQ4,2023-02-16,-707,non_event,0,0,0,,prepared_management,3,4,0,0,0,0,final,0,2647,144,18.381944444444443,484,0.18284850774461656,14.666718087562442,389,13.231130630063385,2647,49,9,29,0.018511522478277295,0.003400075557234605,0.01095579901775595,2797,0,0,
DocuSign,"DocuSign, Inc._Earnings Call_2021-03-11T00_00_00_English.docx",2021-03-11,2021,FQ4,2023-02-16,-707,non_event,0,0,0,,managerial_qa,26,59,0,0,0,0,final,0,4681,249,18.799196787148595,527,0.11258278145695365,12.022989973137584,451,11.373556091488364,4681,87,18,31,0.01858577227088229,0.0038453321939756462,0.006622516556291391,4711,0,0,
DocuSign,"DocuSign, Inc._Earnings Call_2021-06-03T00_00_00_English.docx",2021-06-03,2022,FQ1,2023-02-16,-623,non_event,0,0,0,,prepared_management,3,4,0,0,0,0,final,0,2326,131,17.755725190839694,473,0.20335339638865005,15.23642593188188,394,13.877870471864686,2326,42,4,15,0.018056749785038694,0.0017196904557179708,0.006448839208942391,2429,0,0,
DocuSign,"DocuSign, Inc._Earnings Call_2021-06-03T00_00_00_English.docx",2021-06-03,2022,FQ1,2023-02-16,-623,non_event,0,0,0,,managerial_qa,20,51,0,0,0,0,final,0,4675,261,17.911877394636015,548,0.1172192513368984,11.853521011330344,474,11.22036593111644,4675,82,16,25,0.017540106951871658,0.003422459893048128,0.0053475935828877,4723,0,0,
DocuSign,"DocuSign, Inc._Earnings Call_2021-09-02T00_00_00_English.docx",2021-09-02,2022,FQ2,2023-02-16,-532,non_event,0,0,0,,prepared_management,3,4,0,0,0,0,final,0,2662,146,18.232876712328768,534,0.20060105184072127,15.31719275856036,408,13.423879460288383,2662,50,6,19,0.018782870022539443,0.002253944402704733,0.007137490608564989,2769,0,0,
DocuSign,"DocuSign, Inc._Earnings Call_2021-09-02T00_00_00_English.docx",2021-09-02,2022,FQ2,2023-02-16,-532,non_event,0,0,0,,managerial_qa,20,54,0,0,0,0,final,0,4955,243,20.390946502057613,541,0.10918264379414733,12.523684352588939,447,11.764854887402258,4955,98,21,31,0.01977800201816347,0.004238143289606458,0.0062563067608476285,4996,0,0,
DocuSign,"DocuSign, Inc._Earnings Call_2021-12-02T00_00_00_English.docx",2021-12-02,2022,FQ3,2023-02-16,-441,non_event,0,0,0,,prepared_management,3,4,0,0,0,0,final,0,2614,127,20.58267716535433,557,0.21308339709257842,16.75640674984487,464,15.33330039942406,2614,68,12,21,0.026013771996939557,0.0045906656465187455,0.008033664881407804,2716,0,0,
DocuSign,"DocuSign, Inc._Earnings Call_2021-12-02T00_00_00_English.docx",2021-12-02,2022,FQ3,2023-02-16,-441,non_event,0,0,0,,managerial_qa,22,50,0,0,0,0,final,0,5213,261,19.973180076628353,567,0.10876654517552273,12.339933837672252,486,11.71841072238355,5213,115,21,25,0.022060234030308844,0.004028390562056398,0.00479570305006714,5247,0,0,
DocuSign,"DocuSign, Inc._Earnings Call_2022-03-10T00_00_00_English.docx",2022-03-10,2022,FQ4,2023-02-16,-343,non_event,0,0,0,,prepared_management,3,4,0,0,0,0,final,0,2993,155,19.309677419354838,566,0.18910791847644504,15.28818770679974,458,13.844819848463619,2993,79,18,20,0.02639492148346141,0.006014032743067156,0.006682258603407952,3147,0,0,
DocuSign,"DocuSign, Inc._Earnings Call_2022-03-10T00_00_00_English.docx",2022-03-10,2022,FQ4,2023-02-16,-343,non_event,0,0,0,,managerial_qa,27,60,0,0,0,0,final,0,4040,223,18.116591928251122,463,0.11460396039603961,11.830795187142034,396,11.16742885050837,4040,89,21,9,0.02202970297029703,0.005198019801980198,0.0022277227722772275,4086,0,0,
DocuSign,"DocuSign, Inc._Earnings Call_2022-06-09T00_00_00_English.docx",2022-06-09,2023,FQ1,2023-02-16,-252,non_event,0,0,0,,prepared_management,3,4,0,0,0,0,final,0,2693,131,20.557251908396946,544,0.20200519866320088,16.303108709886814,448,14.877189660499514,2693,68,11,20,0.02525064983290011,0.004084663943557371,0.007426661715558856,2793,0,0,
DocuSign,"DocuSign, Inc._Earnings Call_2022-06-09T00_00_00_English.docx",2022-06-09,2023,FQ1,2023-02-16,-252,non_event,0,0,0,,managerial_qa,20,48,0,0,0,0,final,0,4388,213,20.600938967136152,458,0.10437556973564266,12.415398376280168,394,11.83198907819448,4388,67,43,39,0.015268915223336371,0.009799453053783045,0.008887876025524157,4428,0,0,
DocuSign,"DocuSign, Inc._Earnings Call_2022-09-08T00_00_00_English.docx",2022-09-08,2023,FQ2,2023-02-16,-161,pre_2,0,0,0,,prepared_management,2,3,0,0,0,0,final,0,2765,140,19.75,549,0.19855334538878844,15.842133815551538,469,14.684810126582278,2765,88,13,7,0.03182640144665461,0.004701627486437613,0.002531645569620253,2879,0,0,
DocuSign,"DocuSign, Inc._Earnings Call_2022-09-08T00_00_00_English.docx",2022-09-08,2023,FQ2,2023-02-16,-161,pre_2,0,0,0,,managerial_qa,19,40,0,0,0,0,final,0,3938,190,20.726315789473684,530,0.1345860843067547,13.673969688059664,462,12.983263745957073,3938,84,13,19,0.02133062468257999,0.003301168105637379,0.004824784154393093,3956,0,0,
DocuSign,"DocuSign, Inc._Earnings Call_2022-12-08T00_00_00_English.docx",2022-12-08,2023,FQ3,2023-02-16,-70,pre_1,0,0,0,,prepared_management,2,3,0,0,0,0,final,0,3066,163,18.809815950920246,632,0.20613176777560338,15.769197091392233,524,14.360195134445071,3066,112,36,20,0.0365296803652968,0.011741682974559686,0.006523157208088715,3166,0,0,
DocuSign,"DocuSign, Inc._Earnings Call_2022-12-08T00_00_00_English.docx",2022-12-08,2023,FQ3,2023-02-16,-70,pre_1,0,0,0,,managerial_qa,21,48,0,0,0,0,final,0,3426,210,16.314285714285713,456,0.1330998248686515,11.849707280460345,378,10.939024268201152,3426,61,17,21,0.01780502043199066,0.0049620548744892,0.006129597197898424,3472,0,0,
DocuSign,"DocuSign, Inc._Earnings Call_2023-03-09T00_00_00_English.docx",2023-03-09,2023,FQ4,2023-02-16,21,post_1,0,0,0,,prepared_management,3,4,0,0,0,0,final,0,3163,166,19.05421686746988,639,0.2020233955105912,15.702622567411602,525,14.260953266115363,3163,99,26,23,0.03129939930445779,0.008220044261776794,0.007271577616187164,3300,0,0,
DocuSign,"DocuSign, Inc._Earnings Call_2023-03-09T00_00_00_English.docx",2023-03-09,2023,FQ4,2023-02-16,21,post_1,0,0,0,,managerial_qa,21,51,0,0,0,0,final,0,4021,238,16.894957983193276,563,0.1400149216612783,12.358580059728443,491,11.642340318370572,4021,84,32,28,0.020890325789604577,0.007958219348420791,0.006963441929868192,4070,0,0,
DocuSign,"DocuSign, Inc._Earnings Call_2023-06-08T00_00_00_English.docx",2023-06-08,2024,FQ1,2023-02-16,112,post_2,0,0,0,,prepared_management,3,4,0,0,0,0,final,0,2632,142,18.535211267605632,564,0.21428571428571427,15.985513078470825,482,14.73931247056809,2632,89,19,21,0.0338145896656535,0.007218844984802432,0.007978723404255319,2727,0,0,
DocuSign,"DocuSign, Inc._Earnings Call_2023-06-08T00_00_00_English.docx",2023-06-08,2024,FQ1,2023-02-16,112,post_2,0,0,0,,managerial_qa,25,62,0,0,0,0,final,0,4271,264,16.178030303030305,587,0.13743853898384453,11.968753680565904,506,11.21014913830414,4271,93,29,20,0.021774760009365488,0.0067899789276516034,0.004682744088035589,4305,0,0,
DocuSign,"DocuSign, Inc._Earnings Call_2023-09-07T00_00_00_English.docx",2023-09-07,2024,FQ2,2023-02-16,203,non_event,0,0,0,,prepared_management,3,4,0,0,0,0,final,0,3100,163,19.01840490797546,659,0.21258064516129033,16.110587769641796,560,14.833168414803087,3100,86,24,23,0.027741935483870966,0.007741935483870968,0.007419354838709678,3198,0,0,
DocuSign,"DocuSign, Inc._Earnings Call_2023-09-07T00_00_00_English.docx",2023-09-07,2024,FQ2,2023-02-16,203,non_event,0,0,0,,managerial_qa,25,54,0,0,0,0,final,0,4089,253,16.16205533596838,522,0.1276595744680851,11.571205113110757,454,10.906005797874757,4089,100,21,26,0.024455857177794083,0.005135730007336757,0.006358522866226461,4129,0,0,
DocuSign,"DocuSign, Inc._Earnings Call_2023-12-07T00_00_00_English.docx",2023-12-07,2024,FQ3,2023-02-16,294,non_event,0,0,0,,prepared_management,3,4,0,0,0,0,final,0,2858,172,16.61627906976744,638,0.2232330300909727,15.575832831545885,556,14.428177128256872,2858,113,15,20,0.03953813855843247,0.005248425472358292,0.006997900629811057,2959,0,0,
DocuSign,"DocuSign, Inc._Earnings Call_2023-12-07T00_00_00_English.docx",2023-12-07,2024,FQ3,2023-02-16,294,non_event,0,0,0,,managerial_qa,20,48,0,0,0,0,final,0,4383,233,18.811158798283262,597,0.13620807665982204,12.972786585706187,507,12.151431349566558,4383,115,24,28,0.02623773671001597,0.0054757015742642025,0.006388318503308237,4441,0,0,
DocuSign,"DocuSign, Inc._Earnings Call_2024-03-07T00_00_00_English.docx",2024-03-07,2024,FQ4,2023-02-16,385,non_event,0,0,0,,prepared_management,3,4,0,0,0,0,final,0,2962,167,17.736526946107784,696,0.2349763673193788,16.493665471218264,588,15.035191467166948,2962,116,19,22,0.03916272788656313,0.006414584740040513,0.007427413909520594,3092,0,0,
DocuSign,"DocuSign, Inc._Earnings Call_2024-03-07T00_00_00_English.docx",2024-03-07,2024,FQ4,2023-02-16,385,non_event,0,0,0,,managerial_qa,23,50,0,0,0,0,final,0,3776,223,16.932735426008968,469,0.12420550847457627,11.741314509386639,412,11.137500950064606,3776,112,28,16,0.029661016949152543,0.007415254237288136,0.00423728813559322,3830,0,0,
DoorDash,"DoorDash, Inc._Earnings Call_2021-05-13T00_00_00_English.docx",2021-05-13,2021,FQ1,2022-11-30,-566,non_event,0,0,0,,prepared_management,1,2,0,0,0,0,final,0,249,13,19.153846153846153,45,0.18072289156626506,14.890454124189063,32,12.802100710534445,249,1,3,11,0.004016064257028112,0.012048192771084338,0.04417670682730924,251,0,0,
DoorDash,"DoorDash, Inc._Earnings Call_2021-05-13T00_00_00_English.docx",2021-05-13,2021,FQ1,2022-11-30,-566,non_event,0,0,0,,managerial_qa,22,49,0,0,0,0,final,0,4374,193,22.66321243523316,528,0.12071330589849108,13.893817210032907,449,13.171366364125271,4374,71,28,22,0.01623228166438043,0.006401463191586648,0.005029721079103796,4421,0,0,
DoorDash,"DoorDash, Inc._Earnings Call_2021-08-12T00_00_00_English.docx",2021-08-12,2021,FQ2,2022-11-30,-475,non_event,0,0,0,,prepared_management,1,2,0,0,0,0,final,0,252,13,19.384615384615383,45,0.17857142857142858,14.896703296703297,32,12.833211233211234,252,1,3,8,0.003968253968253968,0.011904761904761904,0.031746031746031744,253,0,0,
DoorDash,"DoorDash, Inc._Earnings Call_2021-08-12T00_00_00_English.docx",2021-08-12,2021,FQ2,2022-11-30,-475,non_event,0,0,0,,managerial_qa,17,39,0,0,0,0,final,0,3212,160,20.075,442,0.13760896637608966,13.534358655043588,380,12.762254047322541,3212,65,28,16,0.020236612702366128,0.008717310087173101,0.0049813200498132005,3240,0,0,
DoorDash,"DoorDash, Inc._Earnings Call_2021-11-09T00_00_00_English.docx",2021-11-09,2021,FQ3,2022-11-30,-386,non_event,0,0,0,,prepared_management,3,5,0,0,0,0,final,0,917,49,18.714285714285715,145,0.15812431842966193,13.810687022900764,123,12.85103598691385,917,21,9,17,0.022900763358778626,0.009814612868047983,0.018538713195201745,917,0,0,
DoorDash,"DoorDash, Inc._Earnings Call_2021-11-09T00_00_00_English.docx",2021-11-09,2021,FQ3,2022-11-30,-386,non_event,0,0,0,,managerial_qa,22,62,0,0,0,0,final,0,3836,195,19.671794871794873,515,0.13425443169968718,13.238895216705437,454,12.602815967487501,3836,71,39,12,0.01850886339937435,0.010166840458811261,0.0031282586027111575,3889,0,0,
DoorDash,"DoorDash, Inc._Earnings Call_2022-02-16T00_00_00_English.docx",2022-02-16,2021,FQ4,2022-11-30,-287,non_event,0,0,0,,prepared_management,1,2,0,0,0,0,final,0,245,12,20.416666666666668,46,0.18775510204081633,15.67687074829932,35,13.88095238095238,245,1,2,8,0.004081632653061225,0.00816326530612245,0.0326530612244898,246,0,0,
DoorDash,"DoorDash, Inc._Earnings Call_2022-02-16T00_00_00_English.docx",2022-02-16,2021,FQ4,2022-11-30,-287,non_event,0,0,0,,managerial_qa,28,60,0,0,0,0,final,0,5888,292,20.164383561643834,761,0.1292459239130435,13.235590381179273,673,12.637764294222752,5888,104,50,31,0.017663043478260868,0.008491847826086956,0.005264945652173913,5975,0,0,
DoorDash,"DoorDash, Inc._Earnings Call_2022-05-05T00_00_00_English.docx",2022-05-05,2022,FQ1,2022-11-30,-209,non_event,0,0,0,,prepared_management,1,1,0,0,0,0,final,0,262,13,20.153846153846153,47,0.17938931297709923,15.23711098062243,39,14.015736934820906,262,2,2,8,0.007633587786259542,0.007633587786259542,0.030534351145038167,262,0,0,
DoorDash,"DoorDash, Inc._Earnings Call_2022-05-05T00_00_00_English.docx",2022-05-05,2022,FQ1,2022-11-30,-209,non_event,0,0,0,,managerial_qa,27,56,0,0,0,0,final,0,6958,309,22.51779935275081,945,0.1358148893360161,14.439715314540969,846,13.870586254466236,6958,118,71,39,0.016958896234550158,0.01020408163265306,0.005605058924978442,6993,0,0,
DoorDash,"DoorDash, Inc._Earnings Call_2022-08-04T00_00_00_English.docx",2022-08-04,2022,FQ2,2022-11-30,-118,pre_2,0,0,0,,prepared_management,1,2,0,0,0,0,final,0,267,14,19.071428571428573,51,0.19101123595505617,15.269020866773676,42,13.920706260032103,267,3,3,8,0.011235955056179775,0.011235955056179775,0.0299625468164794,268,0,0,
DoorDash,"DoorDash, Inc._Earnings Call_2022-08-04T00_00_00_English.docx",2022-08-04,2022,FQ2,2022-11-30,-118,pre_2,0,0,0,,managerial_qa,23,55,0,0,0,0,final,0,5349,248,21.568548387096776,714,0.1334828939988783,13.966735114793844,616,13.233887853623532,5349,99,41,35,0.018508132361189006,0.007664984109179286,0.006543279117592073,5398,0,0,
DoorDash,"DoorDash, Inc._Earnings Call_2022-11-03T00_00_00_English.docx",2022-11-03,2022,FQ3,2022-11-30,-27,pre_1,0,0,0,,prepared_management,1,2,0,0,0,0,final,0,262,14,18.714285714285715,52,0.1984732824427481,15.424645583424212,40,13.59258451472192,262,3,3,8,0.011450381679389313,0.011450381679389313,0.030534351145038167,263,0,0,
DoorDash,"DoorDash, Inc._Earnings Call_2022-11-03T00_00_00_English.docx",2022-11-03,2022,FQ3,2022-11-30,-27,pre_1,0,0,0,,managerial_qa,18,38,0,0,0,0,final,0,5948,294,20.231292517006803,818,0.1375252185608608,13.593525749237154,716,12.907580893823571,5948,100,36,32,0.016812373907195696,0.00605245460659045,0.005379959650302623,6004,0,0,
DoorDash,"DoorDash, Inc._Earnings Call_2023-02-16T00_00_00_English.docx",2023-02-16,2022,FQ4,2022-11-30,78,post_1,0,0,0,,prepared_management,2,3,0,0,0,0,final,0,654,38,17.210526315789473,97,0.14831804281345565,12.816932238854015,75,11.471366489618541,654,11,5,8,0.016819571865443424,0.00764525993883792,0.012232415902140673,657,0,0,
DoorDash,"DoorDash, Inc._Earnings Call_2023-02-16T00_00_00_English.docx",2023-02-16,2022,FQ4,2022-11-30,78,post_1,0,0,0,,managerial_qa,30,64,0,0,0,0,final,0,5332,278,19.179856115107913,678,0.12715678919729934,12.75821401393514,605,12.210577104707832,5332,108,53,33,0.020255063765941484,0.009939984996249063,0.0061890472618154535,5393,0,0,
DoorDash,"DoorDash, Inc._Earnings Call_2023-05-04T00_00_00_English.docx",2023-05-04,2023,FQ1,2022-11-30,155,post_2,0,0,0,,prepared_management,1,2,0,0,0,0,final,0,241,14,17.214285714285715,46,0.1908713692946058,14.520569057498518,36,12.86081802015412,241,2,2,7,0.008298755186721992,0.008298755186721992,0.029045643153526972,242,0,0,
DoorDash,"DoorDash, Inc._Earnings Call_2023-05-04T00_00_00_English.docx",2023-05-04,2023,FQ1,2022-11-30,155,post_2,0,0,0,,managerial_qa,21,51,0,0,0,0,final,0,5123,234,21.89316239316239,619,0.12082764005465547,13.590370559451177,549,13.043815806376807,5123,137,46,27,0.026742143275424558,0.008979113800507515,0.005270349404645715,5158,0,0,
DoorDash,"DoorDash, Inc._Earnings Call_2023-08-02T00_00_00_English.docx",2023-08-02,2023,FQ2,2022-11-30,245,non_event,0,0,0,,prepared_management,1,2,0,0,0,0,final,0,239,14,17.071428571428573,44,0.18410041841004185,14.192588164973102,36,12.85367603108189,239,2,2,7,0.008368200836820083,0.008368200836820083,0.029288702928870293,240,0,0,
DoorDash,"DoorDash, Inc._Earnings Call_2023-08-02T00_00_00_English.docx",2023-08-02,2023,FQ2,2022-11-30,245,non_event,0,0,0,,managerial_qa,18,41,0,0,0,0,final,0,5772,271,21.29889298892989,681,0.11798336798336799,13.238891914906674,612,12.760721436736198,5772,129,39,29,0.02234927234927235,0.006756756756756757,0.005024255024255024,5811,0,0,
DoorDash,"DoorDash, Inc._Earnings Call_2023-11-01T00_00_00_English.docx",2023-11-01,2023,FQ3,2022-11-30,336,non_event,0,0,0,,prepared_management,1,2,0,0,0,0,final,0,241,13,18.53846153846154,49,0.2033195020746888,15.548164698372169,37,13.55646345355889,241,2,2,8,0.008298755186721992,0.008298755186721992,0.03319502074688797,242,0,0,
DoorDash,"DoorDash, Inc._Earnings Call_2023-11-01T00_00_00_English.docx",2023-11-01,2023,FQ3,2022-11-30,336,non_event,0,0,0,,managerial_qa,17,38,0,0,0,0,final,0,6479,299,21.668896321070235,781,0.12054329371816638,13.48929027715475,716,13.087993780781852,6479,132,52,32,0.02037351443123939,0.008025929927457941,0.004939033801512579,6518,0,0,
DoorDash,"DoorDash, Inc._Earnings Call_2024-02-15T00_00_00_English.docx",2024-02-15,2023,FQ4,2022-11-30,442,non_event,0,0,0,,prepared_management,1,2,0,0,0,0,final,0,232,14,16.571428571428573,45,0.1939655172413793,14.387192118226602,37,13.007881773399015,232,2,2,7,0.008620689655172414,0.008620689655172414,0.03017241379310345,234,0,0,
DoorDash,"DoorDash, Inc._Earnings Call_2024-02-15T00_00_00_English.docx",2024-02-15,2023,FQ4,2022-11-30,442,non_event,0,0,0,,managerial_qa,21,47,0,0,0,0,final,0,5951,319,18.655172413793103,712,0.1196437573517056,12.247819259585466,654,11.857968814282156,5951,120,36,19,0.02016467820534364,0.006049403461603092,0.0031927407158460763,6006,0,0,
DoorDash,"DoorDash, Inc._Earnings Call_2024-05-01T00_00_00_English.docx",2024-05-01,2024,FQ1,2022-11-30,518,non_event,0,0,0,,prepared_management,1,2,0,0,0,0,final,0,259,13,19.923076923076923,54,0.2084942084942085,16.30899910899911,41,14.301277101277101,259,2,3,7,0.007722007722007722,0.011583011583011582,0.02702702702702703,260,0,0,
DoorDash,"DoorDash, Inc._Earnings Call_2024-05-01T00_00_00_English.docx",2024-05-01,2024,FQ1,2022-11-30,518,non_event,0,0,0,,managerial_qa,19,44,0,0,0,0,final,0,5923,317,18.684542586750787,728,0.12291068715178119,12.390244520771564,668,11.985044453238217,5923,125,31,35,0.021104170184028364,0.005233834205639034,0.005909167651527942,5943,0,0,
DoorDash,"DoorDash, Inc._Earnings Call_2024-08-01T00_00_00_English.docx",2024-08-01,2024,FQ2,2022-11-30,610,non_event,0,0,0,,prepared_management,1,2,0,0,0,0,final,0,238,13,18.307692307692307,48,0.20168067226890757,15.390303813833226,36,13.373497091144152,238,2,2,7,0.008403361344537815,0.008403361344537815,0.029411764705882353,239,0,0,
DoorDash,"DoorDash, Inc._Earnings Call_2024-08-01T00_00_00_English.docx",2024-08-01,2024,FQ2,2022-11-30,610,non_event,0,0,0,,managerial_qa,22,47,0,0,0,0,final,0,6062,337,17.98813056379822,747,0.1232266578686902,12.124318540266897,691,11.754803528719552,6062,151,31,20,0.02490927086770043,0.00511382382052128,0.003299241174529858,6081,0,0,
DoorDash,"DoorDash, Inc._Earnings Call_2024-10-30T00_00_00_English.docx",2024-10-30,2024,FQ3,2022-11-30,700,non_event,0,0,0,,prepared_management,1,2,0,0,0,0,final,0,240,14,17.142857142857142,46,0.19166666666666668,14.523809523809526,38,13.19047619047619,240,3,2,7,0.0125,0.008333333333333333,0.029166666666666667,241,0,0,
DoorDash,"DoorDash, Inc._Earnings Call_2024-10-30T00_00_00_English.docx",2024-10-30,2024,FQ3,2022-11-30,700,non_event,0,0,0,,managerial_qa,21,45,0,0,0,0,final,0,5761,270,21.33703703703704,706,0.12254816872070821,13.436741563643146,631,12.915998637067899,5761,128,30,22,0.022218364867210554,0.005207429265752473,0.003818781461551814,5791,0,0,
DoorDash,"DoorDash, Inc._Earnings Call_2025-02-11T00_00_00_English.docx",2025-02-11,2024,FQ4,2022-11-30,804,non_event,0,0,0,,prepared_management,1,2,0,0,0,0,final,0,247,13,19.0,52,0.21052631578947367,16.02105263157895,41,14.239676113360327,247,3,3,7,0.012145748987854251,0.012145748987854251,0.02834008097165992,246,0,0,
DoorDash,"DoorDash, Inc._Earnings Call_2025-02-11T00_00_00_English.docx",2025-02-11,2024,FQ4,2022-11-30,804,non_event,0,0,0,,managerial_qa,18,46,0,0,0,0,final,0,5380,282,19.078014184397162,645,0.11988847583643122,12.426744707216114,593,12.040127606844367,5380,124,39,17,0.023048327137546468,0.00724907063197026,0.0031598513011152417,5427,0,0,
Dropbox,"Dropbox, Inc._Earnings Call_2021-05-06T00_00_00_English.docx",2021-05-06,2021,FQ1,2024-10-30,-1273,non_event,0,0,0,,prepared_management,3,4,0,0,0,0,final,0,3960,175,22.62857142857143,772,0.19494949494949496,16.849408369408373,628,15.394862914862916,3960,101,29,29,0.025505050505050506,0.0073232323232323236,0.0073232323232323236,4072,0,0,
Dropbox,"Dropbox, Inc._Earnings Call_2021-05-06T00_00_00_English.docx",2021-05-06,2021,FQ1,2024-10-30,-1273,non_event,0,0,0,,managerial_qa,12,27,0,0,0,0,final,0,1501,88,17.056818181818183,240,0.15989340439706862,13.218463448610018,204,12.259103022227606,1501,34,3,4,0.022651565622918056,0.001998667554963358,0.002664890073284477,1530,0,0,
Dropbox,"Dropbox, Inc._Earnings Call_2021-08-05T00_00_00_English.docx",2021-08-05,2021,FQ2,2024-10-30,-1182,non_event,0,0,0,,prepared_management,4,5,0,0,0,0,final,0,4251,187,22.732620320855617,816,0.19195483415666903,16.771241494609008,680,15.491542600231213,4251,102,19,40,0.02399435426958363,0.004469536579628322,0.009409550693954364,4371,0,0,
Dropbox,"Dropbox, Inc._Earnings Call_2021-08-05T00_00_00_English.docx",2021-08-05,2021,FQ2,2024-10-30,-1182,non_event,0,0,0,,managerial_qa,17,35,0,0,0,0,final,0,2123,103,20.611650485436893,269,0.1267074894017899,13.312959770246355,219,12.370896652017434,2123,41,7,11,0.019312293923692887,0.003297220913801225,0.0051813471502590676,2154,0,0,
Dropbox,"Dropbox, Inc._Earnings Call_2021-11-04T00_00_00_English.docx",2021-11-04,2021,FQ3,2024-10-30,-1091,non_event,0,0,0,,prepared_management,4,5,0,0,0,0,final,0,4937,213,23.178403755868544,895,0.18128418067652421,16.522728729408385,732,15.202088664591697,4937,124,29,52,0.025116467490378772,0.005874012558233745,0.010532712173384647,5048,0,0,
Dropbox,"Dropbox, Inc._Earnings Call_2021-11-04T00_00_00_English.docx",2021-11-04,2021,FQ3,2024-10-30,-1091,non_event,0,0,0,,managerial_qa,13,29,0,0,0,0,final,0,2854,137,20.83211678832117,369,0.12929222144358796,13.504535573071985,309,12.663610555552715,2854,67,15,18,0.023475823405746322,0.005255781359495445,0.006306937631394534,2908,0,0,
Dropbox,"Dropbox, Inc._Earnings Call_2022-02-17T00_00_00_English.docx",2022-02-17,2021,FQ4,2024-10-30,-986,non_event,0,0,0,,prepared_management,3,4,0,0,0,0,final,0,5044,227,22.220264317180618,924,0.183187946074544,16.215623569854007,751,14.843696527823875,5044,148,25,44,0.029341792228390166,0.0049563838223632035,0.008723235527359239,5215,0,0,
Dropbox,"Dropbox, Inc._Earnings Call_2022-02-17T00_00_00_English.docx",2022-02-17,2021,FQ4,2024-10-30,-986,non_event,0,0,0,,managerial_qa,13,31,0,0,0,0,final,0,2324,127,18.299212598425196,402,0.1729776247848537,14.238790030764228,322,12.861853714068875,2324,63,11,9,0.02710843373493976,0.004733218588640275,0.00387263339070568,2346,0,0,
Dropbox,"Dropbox, Inc._Earnings Call_2022-05-05T00_00_00_English.docx",2022-05-05,2022,FQ1,2024-10-30,-909,non_event,0,0,0,,prepared_management,3,4,0,0,0,0,final,0,3580,158,22.658227848101266,663,0.185195530726257,16.471112368290786,509,14.750441977229332,3580,84,14,35,0.02346368715083799,0.003910614525139665,0.009776536312849162,3675,0,0,
Dropbox,"Dropbox, Inc._Earnings Call_2022-05-05T00_00_00_English.docx",2022-05-05,2022,FQ1,2024-10-30,-909,non_event,0,0,0,,managerial_qa,12,28,0,0,0,0,final,0,1451,85,17.070588235294117,198,0.13645761543762921,12.286539911622818,160,11.23898650018243,1451,44,6,5,0.030323914541695383,0.004135079255685734,0.0034458993797381117,1469,0,0,
Dropbox,"Dropbox, Inc._Earnings Call_2022-08-04T00_00_00_English.docx",2022-08-04,2022,FQ2,2024-10-30,-818,non_event,0,0,0,,prepared_management,3,4,0,0,0,0,final,0,3974,181,21.955801104972377,745,0.18746854554604933,16.281062263830925,600,14.821575600519399,3974,102,25,31,0.025666834423754403,0.006290890790135883,0.007800704579768495,4086,0,0,
Dropbox,"Dropbox, Inc._Earnings Call_2022-08-04T00_00_00_English.docx",2022-08-04,2022,FQ2,2024-10-30,-818,non_event,0,0,0,,managerial_qa,10,24,0,0,0,0,final,0,1864,113,16.495575221238937,239,0.12821888412017168,11.726985453302442,195,10.78277944471875,1864,40,16,5,0.02145922746781116,0.008583690987124463,0.002682403433476395,1896,0,0,
Dropbox,"Dropbox, Inc._Earnings Call_2022-11-03T00_00_00_English.docx",2022-11-03,2022,FQ3,2024-10-30,-727,non_event,0,0,0,,prepared_management,3,4,0,0,0,0,final,0,3786,161,23.51552795031056,662,0.17485472794506074,16.400400297926655,527,14.974092849432203,3786,55,19,38,0.014527205493924987,0.005018489170628632,0.010036978341257264,3899,0,0,
Dropbox,"Dropbox, Inc._Earnings Call_2022-11-03T00_00_00_English.docx",2022-11-03,2022,FQ3,2024-10-30,-727,non_event,0,0,0,,managerial_qa,12,32,0,0,0,0,final,0,2039,116,17.57758620689655,274,0.13437959784207945,12.4062183964418,212,11.189935905024438,2039,32,16,12,0.01569396763119176,0.00784698381559588,0.005885237861696911,2074,0,0,
Dropbox,"Dropbox, Inc._Earnings Call_2023-02-16T00_00_00_English.docx",2023-02-16,2022,FQ4,2024-10-30,-622,non_event,0,0,0,,prepared_management,3,4,0,0,0,0,final,0,4823,210,22.966666666666665,843,0.17478747667426914,16.17816573363743,663,14.685318957771788,4823,97,31,43,0.020111963508189924,0.006427534729421522,0.008915612689197595,4993,0,0,
Dropbox,"Dropbox, Inc._Earnings Call_2023-02-16T00_00_00_English.docx",2023-02-16,2022,FQ4,2024-10-30,-622,non_event,0,0,0,,managerial_qa,13,33,0,0,0,0,final,0,2541,133,19.105263157894736,338,0.1330184966548603,12.962845129352306,275,11.971109592162223,2541,37,11,18,0.014561196379378197,0.004329004329004329,0.0070838252656434475,2574,0,0,
Dropbox,"Dropbox, Inc._Earnings Call_2023-05-04T00_00_00_English.docx",2023-05-04,2023,FQ1,2024-10-30,-545,non_event,0,0,0,,prepared_management,3,4,0,0,0,0,final,0,4161,177,23.508474576271187,748,0.17976447969238163,16.59396901820374,593,15.103942582250845,4161,82,36,46,0.01970680124969959,0.008651766402307137,0.011055034847392453,4282,0,0,
Dropbox,"Dropbox, Inc._Earnings Call_2023-05-04T00_00_00_English.docx",2023-05-04,2023,FQ1,2024-10-30,-545,non_event,0,0,0,,managerial_qa,15,34,0,0,0,0,final,0,1682,82,20.51219512195122,261,0.15517241379310345,14.411774600504627,219,13.41296366114672,1682,27,10,17,0.01605231866825208,0.005945303210463734,0.010107015457788348,1694,0,0,
Dropbox,"Dropbox, Inc._Earnings Call_2023-08-03T00_00_00_English.docx",2023-08-03,2023,FQ2,2024-10-30,-454,non_event,0,0,0,,prepared_management,3,4,0,0,0,0,final,0,4265,177,24.096045197740114,692,0.1622508792497069,16.128453249084323,553,14.824819016962401,4265,69,31,41,0.016178194607268465,0.007268464243845252,0.009613130128956624,4388,0,0,
Dropbox,"Dropbox, Inc._Earnings Call_2023-08-03T00_00_00_English.docx",2023-08-03,2023,FQ2,2024-10-30,-454,non_event,0,0,0,,managerial_qa,14,32,0,0,0,0,final,0,2724,133,20.481203007518797,338,0.12408223201174744,13.155770483477419,286,12.39218751725128,2724,56,24,18,0.020558002936857563,0.00881057268722467,0.006607929515418502,2779,0,0,
Dropbox,"Dropbox, Inc._Earnings Call_2023-11-02T00_00_00_English.docx",2023-11-02,2023,FQ3,2024-10-30,-363,non_event,0,0,0,,prepared_management,2,3,0,0,0,0,final,0,3897,173,22.526011560693643,658,0.16884783166538364,15.764317890892801,513,14.275993538827112,3897,49,17,52,0.012573774698486015,0.0043623299974339235,0.01334359763920965,4013,0,0,
Dropbox,"Dropbox, Inc._Earnings Call_2023-11-02T00_00_00_English.docx",2023-11-02,2023,FQ3,2024-10-30,-363,non_event,0,0,0,,managerial_qa,11,29,0,0,0,0,final,0,1402,78,17.974358974358974,199,0.1419400855920114,12.867347013424046,158,11.697589524123048,1402,17,10,11,0.012125534950071327,0.007132667617689016,0.007845934379457917,1417,0,0,
Dropbox,"Dropbox, Inc._Earnings Call_2024-02-15T00_00_00_English.docx",2024-02-15,2023,FQ4,2024-10-30,-258,non_event,0,0,0,,prepared_management,3,4,0,0,0,0,final,0,4813,213,22.5962441314554,815,0.16933305630583836,15.811819904815696,630,14.27431730768293,4813,92,32,38,0.01911489715354249,0.0066486598794930395,0.007895283606897984,4948,0,0,
Dropbox,"Dropbox, Inc._Earnings Call_2024-02-15T00_00_00_English.docx",2024-02-15,2023,FQ4,2024-10-30,-258,non_event,0,0,0,,managerial_qa,17,39,0,0,0,0,final,0,3077,156,19.724358974358974,411,0.13357166070848228,13.23261001808288,334,12.231635042457272,3077,53,30,17,0.017224569385765356,0.009749756256093598,0.0055248618784530384,3121,0,0,
Dropbox,"Dropbox, Inc._Earnings Call_2024-05-09T00_00_00_English.docx",2024-05-09,2024,FQ1,2024-10-30,-174,pre_2,0,0,0,,prepared_management,3,4,0,0,0,0,final,0,2845,139,20.467625899280577,521,0.18312829525483304,15.512182169905556,395,13.740653171663022,2845,58,22,30,0.02038664323374341,0.00773286467486819,0.01054481546572935,2928,0,0,
Dropbox,"Dropbox, Inc._Earnings Call_2024-05-09T00_00_00_English.docx",2024-05-09,2024,FQ1,2024-10-30,-174,pre_2,0,0,0,,managerial_qa,14,33,0,0,0,0,final,0,3377,180,18.761111111111113,395,0.11696772283091501,12.183153357681046,335,11.472463396176753,3377,86,23,12,0.025466390287237194,0.006810778797749482,0.0035534498075214687,3452,0,0,
Dropbox,"Dropbox, Inc._Earnings Call_2024-08-08T00_00_00_English.docx",2024-08-08,2024,FQ2,2024-10-30,-83,pre_1,0,0,0,,prepared_management,3,4,0,0,0,0,final,0,3202,150,21.346666666666668,593,0.18519675202998126,15.946536747865919,454,14.210122007078912,3202,68,19,27,0.021236727045596503,0.005933791380387258,0.008432229856339788,3277,0,0,
Dropbox,"Dropbox, Inc._Earnings Call_2024-08-08T00_00_00_English.docx",2024-08-08,2024,FQ2,2024-10-30,-83,pre_1,0,0,0,,managerial_qa,10,28,0,0,0,0,final,0,2400,114,21.05263157894737,305,0.12708333333333333,13.50438596491228,264,12.821052631578949,2400,46,24,8,0.019166666666666665,0.01,0.0033333333333333335,2458,0,0,
Dropbox,"Dropbox, Inc._Earnings Call_2024-11-07T00_00_00_English.docx",2024-11-07,2024,FQ3,2024-10-30,8,post_1,0,0,0,,prepared_management,3,4,0,0,0,0,final,0,3164,153,20.679738562091504,559,0.17667509481668775,15.33889921750411,446,13.910327788932683,3164,47,31,45,0.014854614412136535,0.009797724399494312,0.014222503160556258,3272,0,0,
Dropbox,"Dropbox, Inc._Earnings Call_2024-11-07T00_00_00_English.docx",2024-11-07,2024,FQ3,2024-10-30,8,post_1,0,0,0,,managerial_qa,6,15,0,0,0,0,final,0,1613,76,21.223684210526315,218,0.1351518908865468,13.895549319672398,185,13.077198420726337,1613,35,20,2,0.02169869807811531,0.012399256044637322,0.0012399256044637321,1638,0,0,
Dropbox,"Dropbox, Inc._Earnings Call_2025-02-20T00_00_00_English.docx",2025-02-20,2024,FQ4,2024-10-30,113,post_2,0,0,0,,prepared_management,3,4,0,0,0,0,final,0,3650,181,20.165745856353592,658,0.18027397260273972,15.277257246651027,518,13.74301067130856,3650,75,36,33,0.02054794520547945,0.009863013698630137,0.00904109589041096,3775,0,0,
Dropbox,"Dropbox, Inc._Earnings Call_2025-02-20T00_00_00_English.docx",2025-02-20,2024,FQ4,2024-10-30,113,post_2,0,0,0,,managerial_qa,15,36,0,0,0,0,final,0,3771,176,21.426136363636363,447,0.11853619729514718,13.311902437260432,385,12.654251946674382,3771,72,29,19,0.01909307875894988,0.0076902678334659245,0.00503845133916733,3829,0,0,
IBM,International Business Machines Corporation_Earnings Call_2021-04-19T00_00_00_English.docx,2021-04-19,2021,FQ1,2023-01-25,-646,non_event,0,0,0,,prepared_management,4,5,0,0,0,0,final,0,4142,238,17.403361344537814,771,0.18614196040560116,14.407022954039173,609,12.842561341291708,4142,106,21,8,0.02559150169000483,0.005070014485755674,0.001931434089811685,4208,0,0,
IBM,International Business Machines Corporation_Earnings Call_2021-04-19T00_00_00_English.docx,2021-04-19,2021,FQ1,2023-01-25,-646,non_event,0,0,0,,managerial_qa,15,32,0,0,0,0,final,0,4513,266,16.966165413533833,520,0.11522269000664746,11.395373765679432,461,10.872440018726188,4513,79,35,29,0.01750498559716375,0.007755373365832041,0.006425880788832263,4618,0,0,
IBM,International Business Machines Corporation_Earnings Call_2021-07-19T00_00_00_English.docx,2021-07-19,2021,FQ2,2023-01-25,-555,non_event,0,0,0,,prepared_management,4,5,0,0,0,0,final,0,4427,259,17.092664092664094,891,0.20126496498757623,14.887664236568689,675,12.936003970022496,4427,87,18,12,0.019652134628416536,0.0040659588886379034,0.0027106392590919358,4510,0,0,
IBM,International Business Machines Corporation_Earnings Call_2021-07-19T00_00_00_English.docx,2021-07-19,2021,FQ2,2023-01-25,-555,non_event,0,0,0,,managerial_qa,13,30,0,0,0,0,final,0,3405,209,16.291866028708135,387,0.11365638766519824,11.063001918091183,329,10.381650963612476,3405,45,25,17,0.013215859030837005,0.007342143906020558,0.00499265785609398,3487,0,0,
IBM,International Business Machines Corporation_Earnings Call_2021-10-20T00_00_00_English.docx,2021-10-20,2021,FQ3,2023-01-25,-462,non_event,0,0,0,,prepared_management,4,5,0,0,0,0,final,0,4093,244,16.774590163934427,787,0.19227950158807722,14.40101612909686,597,12.544187397115428,4093,71,17,8,0.017346689469826534,0.004153432689958466,0.0019545565599804545,4202,0,0,
IBM,International Business Machines Corporation_Earnings Call_2021-10-20T00_00_00_English.docx,2021-10-20,2021,FQ3,2023-01-25,-462,non_event,0,0,0,,managerial_qa,12,27,0,0,0,0,final,0,3608,221,16.32579185520362,394,0.10920177383592018,10.898387695518256,347,10.37732339396615,3608,60,28,17,0.01662971175166297,0.007760532150776054,0.0047117516629711755,3723,0,0,
IBM,International Business Machines Corporation_Earnings Call_2022-01-24T00_00_00_English.docx,2022-01-24,2021,FQ4,2023-01-25,-366,non_event,0,0,0,,prepared_management,4,5,0,0,0,0,final,0,4423,265,16.69056603773585,887,0.20054261813248925,14.697931140393912,740,13.368516715795222,4423,87,20,17,0.0196699073027357,0.0045218177707438394,0.003843545105132263,4553,0,0,
IBM,International Business Machines Corporation_Earnings Call_2022-01-24T00_00_00_English.docx,2022-01-24,2021,FQ4,2023-01-25,-366,non_event,0,0,0,,managerial_qa,10,27,0,0,0,0,final,0,2992,160,18.7,330,0.11029411764705882,11.891764705882352,289,11.343636363636364,2992,29,39,23,0.009692513368983958,0.01303475935828877,0.00768716577540107,3078,0,0,
IBM,International Business Machines Corporation_Earnings Call_2022-04-19T00_00_00_English.docx,2022-04-19,2022,FQ1,2023-01-25,-281,non_event,0,0,0,,prepared_management,3,4,0,0,0,0,final,0,3924,231,16.98701298701299,795,0.20259938837920488,14.89878072997339,639,13.308566662695103,3924,64,22,8,0.0163098878695209,0.0056065239551478085,0.0020387359836901123,4018,0,0,
IBM,International Business Machines Corporation_Earnings Call_2022-04-19T00_00_00_English.docx,2022-04-19,2022,FQ1,2023-01-25,-281,non_event,0,0,0,,managerial_qa,14,31,0,0,0,0,final,0,4194,240,17.475,469,0.11182641869337148,11.46305674773486,417,10.967110157367669,4194,46,57,16,0.010968049594659036,0.013590844062947067,0.003814973772055317,4278,0,0,
IBM,International Business Machines Corporation_Earnings Call_2022-07-18T00_00_00_English.docx,2022-07-18,2022,FQ2,2023-01-25,-191,pre_2,0,0,0,,prepared_management,4,5,0,0,0,0,final,0,3833,226,16.960176991150444,739,0.1927993738585964,14.496045750804036,617,13.2228915634834,3833,63,33,16,0.01643621184450822,0.008609444299504304,0.004174276024002087,3939,0,0,
IBM,International Business Machines Corporation_Earnings Call_2022-07-18T00_00_00_English.docx,2022-07-18,2022,FQ2,2023-01-25,-191,pre_2,0,0,0,,managerial_qa,12,29,0,0,0,0,final,0,3581,208,17.216346153846153,411,0.11477240994135716,11.477434859192748,362,10.930101712027152,3581,38,38,5,0.010611561016475845,0.010611561016475845,0.0013962580284836638,3684,0,0,
IBM,International Business Machines Corporation_Earnings Call_2022-10-19T00_00_00_English.docx,2022-10-19,2022,FQ3,2023-01-25,-98,pre_1,0,0,0,,prepared_management,4,5,0,0,0,0,final,0,3453,209,16.52153110047847,708,0.2050390964378801,14.81017629770659,581,13.338991820440448,3453,62,21,12,0.017955401100492326,0.006081668114682885,0.0034752389226759338,3550,0,0,
IBM,International Business Machines Corporation_Earnings Call_2022-10-19T00_00_00_English.docx,2022-10-19,2022,FQ3,2023-01-25,-98,pre_1,0,0,0,,managerial_qa,14,29,0,0,0,0,final,0,3991,243,16.4238683127572,431,0.10799298421448258,10.889266693682183,366,10.237800895636582,3991,45,24,20,0.011275369581558507,0.00601353044349787,0.005011275369581559,4093,0,0,
IBM,International Business Machines Corporation_Earnings Call_2023-01-25T00_00_00_English.docx,2023-01-25,2022,FQ4,2023-01-25,0,same_day,1,0,0,,prepared_management,4,5,0,0,0,0,final,0,3882,246,15.78048780487805,748,0.19268418341061308,14.019562458375743,606,12.55639914049836,3882,83,18,16,0.02138073158165894,0.00463678516228748,0.004121586810922205,3999,0,0,
IBM,International Business Machines Corporation_Earnings Call_2023-01-25T00_00_00_English.docx,2023-01-25,2022,FQ4,2023-01-25,0,same_day,1,0,0,,managerial_qa,11,30,0,0,0,0,final,0,3825,209,18.301435406698566,503,0.1315032679738562,12.580704881633675,414,11.649985927385309,3825,52,32,19,0.013594771241830065,0.008366013071895426,0.0049673202614379085,3917,0,0,
IBM,International Business Machines Corporation_Earnings Call_2023-04-19T00_00_00_English.docx,2023-04-19,2023,FQ1,2023-01-25,84,post_1,0,0,0,,prepared_management,2,3,0,0,0,0,final,0,3355,200,16.775,702,0.20923994038748137,15.079597615499257,589,13.732354694485842,3355,66,15,11,0.019672131147540985,0.004470938897168405,0.003278688524590164,3453,0,0,
IBM,International Business Machines Corporation_Earnings Call_2023-04-19T00_00_00_English.docx,2023-04-19,2023,FQ1,2023-01-25,84,post_1,0,0,0,,managerial_qa,13,30,0,0,0,0,final,0,3907,225,17.364444444444445,433,0.11082672126951626,11.37884662855843,368,10.71337439922646,3907,44,48,35,0.011261837727156386,0.012285641156897875,0.008958280010238035,4003,0,0,
IBM,International Business Machines Corporation_Earnings Call_2023-07-19T00_00_00_English.docx,2023-07-19,2023,FQ2,2023-01-25,175,post_2,0,0,0,,prepared_management,2,3,0,0,0,0,final,0,3224,189,17.058201058201057,652,0.2022332506203474,14.91261044809432,534,13.448590596977693,3224,74,23,12,0.02295285359801489,0.007133995037220843,0.0037220843672456576,3319,0,0,
IBM,International Business Machines Corporation_Earnings Call_2023-07-19T00_00_00_English.docx,2023-07-19,2023,FQ2,2023-01-25,175,post_2,0,0,0,,managerial_qa,13,30,0,0,0,0,final,0,4637,274,16.923357664233578,511,0.11020056070735389,11.177365493987587,428,10.461385334401648,4637,82,43,38,0.017683847315074403,0.009273237006685357,0.008194953633814967,4740,0,0,
IBM,International Business Machines Corporation_Earnings Call_2023-10-25T00_00_00_English.docx,2023-10-25,2023,FQ3,2023-01-25,273,non_event,0,0,0,,prepared_management,2,3,0,0,0,0,final,0,3168,193,16.414507772020727,648,0.20454545454545456,14.747621290626473,536,13.333479876485058,3168,76,17,10,0.023989898989898988,0.005366161616161616,0.0031565656565656565,3265,0,0,
IBM,International Business Machines Corporation_Earnings Call_2023-10-25T00_00_00_English.docx,2023-10-25,2023,FQ3,2023-01-25,273,non_event,0,0,0,,managerial_qa,9,26,0,0,0,0,final,0,3572,223,16.017937219730943,431,0.12066069428891378,11.233602659448929,352,10.348944204801672,3572,58,34,22,0.016237402015677492,0.009518477043673012,0.006159014557670772,3676,0,0,
IBM,International Business Machines Corporation_Earnings Call_2024-01-24T00_00_00_English.docx,2024-01-24,2023,FQ4,2023-01-25,364,non_event,0,0,0,,prepared_management,2,3,0,0,0,0,final,0,3996,236,16.93220338983051,819,0.20495495495495494,14.971079554130402,653,13.309417892468742,3996,90,15,14,0.02252252252252252,0.0037537537537537537,0.0035035035035035035,4123,0,0,
IBM,International Business Machines Corporation_Earnings Call_2024-01-24T00_00_00_English.docx,2024-01-24,2023,FQ4,2023-01-25,364,non_event,0,0,0,,managerial_qa,13,30,0,0,0,0,final,0,3445,218,15.802752293577981,418,0.12133526850507982,11.174511657634387,363,10.53590498129186,3445,57,29,12,0.016545718432510886,0.00841799709724238,0.0034833091436865023,3567,0,0,
IBM,International Business Machines Corporation_Earnings Call_2024-04-24T00_00_00_English.docx,2024-04-24,2024,FQ1,2023-01-25,455,non_event,0,0,0,,prepared_management,5,6,0,0,0,0,final,0,3708,217,17.087557603686637,842,0.22707659115426107,15.918086687645099,696,14.343113656361385,3708,75,24,15,0.020226537216828478,0.006472491909385114,0.0040453074433656954,3800,0,0,
IBM,International Business Machines Corporation_Earnings Call_2024-04-24T00_00_00_English.docx,2024-04-24,2024,FQ1,2023-01-25,455,non_event,0,0,0,,managerial_qa,12,29,0,0,0,0,final,0,3776,206,18.33009708737864,468,0.1239406779661017,12.289665953595524,396,11.526954089188743,3776,69,24,11,0.018273305084745763,0.006355932203389831,0.002913135593220339,3829,0,0,
IBM,International Business Machines Corporation_Earnings Call_2024-07-24T00_00_00_English.docx,2024-07-24,2024,FQ2,2023-01-25,546,non_event,0,0,0,,prepared_management,2,3,0,0,0,0,final,0,3411,184,18.53804347826087,734,0.21518616241571387,16.022663887932904,587,14.298829235338355,3411,95,15,6,0.027851070067428905,0.0043975373790677225,0.001759014951627089,3486,0,0,
IBM,International Business Machines Corporation_Earnings Call_2024-07-24T00_00_00_English.docx,2024-07-24,2024,FQ2,2023-01-25,546,non_event,0,0,0,,managerial_qa,10,25,0,0,0,0,final,0,4041,239,16.90794979079498,444,0.10987379361544172,11.158131660935661,378,10.504828023222224,4041,43,27,19,0.010640930462756744,0.0066815144766146995,0.0047018064835436775,4124,0,0,
IBM,International Business Machines Corporation_Earnings Call_2024-10-23T00_00_00_English.docx,2024-10-23,2024,FQ3,2023-01-25,637,non_event,0,0,0,,prepared_management,3,4,0,0,0,0,final,0,3119,174,17.92528735632184,659,0.2112856684834883,15.621541681868269,537,14.056937642111933,3119,74,17,12,0.023725553061878808,0.0054504648925937805,0.0038473869830073742,3211,0,0,
IBM,International Business Machines Corporation_Earnings Call_2024-10-23T00_00_00_English.docx,2024-10-23,2024,FQ3,2023-01-25,637,non_event,0,0,0,,managerial_qa,10,28,0,0,0,0,final,0,3551,184,19.29891304347826,415,0.1168684877499296,12.394304727388489,360,11.774760936906937,3551,48,28,24,0.013517319065052097,0.007885102787947058,0.006758659532526049,3631,0,0,
IBM,International Business Machines Corporation_Earnings Call_2025-01-29T00_00_00_English.docx,2025-01-29,2024,FQ4,2023-01-25,735,non_event,0,0,0,,prepared_management,2,3,0,0,0,0,final,0,3154,173,18.23121387283237,671,0.2127457197209892,15.802314337972518,527,13.976061960039733,3154,91,15,12,0.028852251109701965,0.004755865567533291,0.003804692454026633,3274,0,0,
IBM,International Business Machines Corporation_Earnings Call_2025-01-29T00_00_00_English.docx,2025-01-29,2024,FQ4,2023-01-25,735,non_event,0,0,0,,managerial_qa,8,20,0,0,0,0,final,0,2660,141,18.865248226950353,331,0.12443609022556391,12.523542899802699,286,11.84685117047939,2660,42,15,16,0.015789473684210527,0.005639097744360902,0.006015037593984963,2712,0,0,
Intel,Intel Corporation_Earnings Call_2021-04-22T00_00_00_English.docx,2021-04-22,2021,FQ1,2024-08-01,-1197,non_event,0,0,0,,prepared_management,4,5,0,0,0,0,final,0,2753,146,18.856164383561644,573,0.20813657827824192,15.867928884554335,478,14.487616498066865,2753,82,21,18,0.029785688339992736,0.007628042135851798,0.006538321830730113,2825,0,0,
Intel,Intel Corporation_Earnings Call_2021-04-22T00_00_00_English.docx,2021-04-22,2021,FQ1,2024-08-01,-1197,non_event,0,0,0,,managerial_qa,25,52,0,0,0,0,final,0,4274,249,17.164658634538153,525,0.12283575105287786,11.779293495930375,465,11.217758633974363,4274,118,24,27,0.027608797379503978,0.005615348619560131,0.006317267197005147,4337,0,0,
Intel,Intel Corporation_Earnings Call_2021-07-22T00_00_00_English.docx,2021-07-22,2021,FQ2,2024-08-01,-1106,non_event,0,0,0,,prepared_management,4,5,0,0,0,0,final,0,3054,160,19.0875,581,0.1902423051735429,15.244692206941716,466,13.73847085789129,3054,71,17,12,0.023248199083169614,0.005566470203012442,0.003929273084479371,3124,0,0,
Intel,Intel Corporation_Earnings Call_2021-07-22T00_00_00_English.docx,2021-07-22,2021,FQ2,2024-08-01,-1106,non_event,0,0,0,,managerial_qa,19,46,0,0,0,0,final,0,3425,203,16.87192118226601,416,0.12145985401459854,11.607162633490347,364,10.999863363417354,3425,92,22,18,0.026861313868613138,0.006423357664233576,0.005255474452554744,3453,0,0,
Intel,Intel Corporation_Earnings Call_2021-10-21T00_00_00_English.docx,2021-10-21,2021,FQ3,2024-08-01,-1015,non_event,0,0,0,,prepared_management,4,5,0,0,0,0,final,0,4149,191,21.722513089005236,771,0.18582791033984092,16.12212164919573,635,14.810962333698022,4149,115,18,19,0.027717522294528802,0.004338394793926247,0.00457941672692215,4258,0,0,
Intel,Intel Corporation_Earnings Call_2021-10-21T00_00_00_English.docx,2021-10-21,2021,FQ3,2024-08-01,-1015,non_event,0,0,0,,managerial_qa,20,41,0,0,0,0,final,0,3817,215,17.753488372093024,493,0.12915902541262772,12.26775636534232,427,11.576113714045489,3817,126,17,17,0.03301021744825779,0.004453759496987163,0.004453759496987163,3864,0,0,
Intel,Intel Corporation_Earnings Call_2022-01-26T00_00_00_English.docx,2022-01-26,2021,FQ4,2024-08-01,-918,non_event,0,0,0,,prepared_management,6,7,0,0,0,0,final,0,3869,184,21.027173913043477,720,0.18609459808736106,15.854653488711833,579,14.396912470360839,3869,111,21,20,0.0286895838718015,0.005427759110881365,0.0051692943913155855,3991,0,0,
Intel,Intel Corporation_Earnings Call_2022-01-26T00_00_00_English.docx,2022-01-26,2021,FQ4,2024-08-01,-918,non_event,0,0,0,,managerial_qa,18,42,0,0,0,0,final,0,3546,201,17.64179104477612,414,0.116751269035533,11.726767179331768,363,11.151471071040737,3546,90,9,16,0.025380710659898477,0.0025380710659898475,0.0045121263395375075,3604,0,0,
Intel,Intel Corporation_Earnings Call_2022-04-28T00_00_00_English.docx,2022-04-28,2022,FQ1,2024-08-01,-826,non_event,0,0,0,,prepared_management,3,4,0,0,0,0,final,0,3961,182,21.763736263736263,729,0.18404443322393335,16.06727183445184,601,14.774668956390745,3961,91,23,23,0.022973996465539007,0.005806614491290078,0.005806614491290078,4067,0,0,
Intel,Intel Corporation_Earnings Call_2022-04-28T00_00_00_English.docx,2022-04-28,2022,FQ1,2024-08-01,-826,non_event,0,0,0,,managerial_qa,19,44,0,0,0,0,final,0,3803,220,17.286363636363635,414,0.10886142519063897,11.269002462171015,357,10.66947577271532,3803,97,15,16,0.025506179332106232,0.003944254535892716,0.004207204838285564,3849,0,0,
Intel,Intel Corporation_Earnings Call_2022-07-28T00_00_00_English.docx,2022-07-28,2022,FQ2,2024-08-01,-735,non_event,0,0,0,,prepared_management,2,3,0,0,0,0,final,0,4282,185,23.145945945945947,883,0.20621205044371788,17.50686039612709,722,16.00289028870066,4282,116,53,23,0.0270901447921532,0.01237739374124241,0.005371321812237272,4404,0,0,
Intel,Intel Corporation_Earnings Call_2022-07-28T00_00_00_English.docx,2022-07-28,2022,FQ2,2024-08-01,-735,non_event,0,0,0,,managerial_qa,16,37,0,0,0,0,final,0,4337,264,16.428030303030305,491,0.11321189762508646,11.099688026215581,428,10.518641219667277,4337,97,21,16,0.0223656905695181,0.004842056721235877,0.0036891860733225734,4396,0,0,
Intel,Intel Corporation_Earnings Call_2022-10-27T00_00_00_English.docx,2022-10-27,2022,FQ3,2024-08-01,-644,non_event,0,0,0,,prepared_management,4,5,0,0,0,0,final,0,3600,163,22.085889570552148,741,0.20583333333333334,17.067689161554195,626,15.789911383776417,3600,121,44,21,0.03361111111111111,0.012222222222222223,0.005833333333333334,3715,0,0,
Intel,Intel Corporation_Earnings Call_2022-10-27T00_00_00_English.docx,2022-10-27,2022,FQ3,2024-08-01,-644,non_event,0,0,0,,managerial_qa,24,49,0,0,0,0,final,0,3992,210,19.00952380952381,491,0.12299599198396793,12.523649203168242,438,11.992587078919744,3992,108,29,16,0.027054108216432865,0.007264529058116233,0.004008016032064128,4049,0,0,
Intel,Intel Corporation_Earnings Call_2023-01-26T00_00_00_English.docx,2023-01-26,2022,FQ4,2024-08-01,-553,non_event,0,0,0,,prepared_management,4,5,0,0,0,0,final,0,4400,200,22.0,893,0.20295454545454544,16.918181818181818,754,15.654545454545456,4400,119,54,31,0.027045454545454546,0.012272727272727272,0.007045454545454546,4595,0,0,
Intel,Intel Corporation_Earnings Call_2023-01-26T00_00_00_English.docx,2023-01-26,2022,FQ4,2024-08-01,-553,non_event,0,0,0,,managerial_qa,25,47,0,0,0,0,final,0,3876,241,16.08298755186722,476,0.12280701754385964,11.345475722501275,430,10.870759520230893,3876,77,35,28,0.019865841073271415,0.009029927760577915,0.007223942208462332,3942,0,0,
Intel,Intel Corporation_Earnings Call_2023-04-27T00_00_00_English.docx,2023-04-27,2023,FQ1,2024-08-01,-462,non_event,0,0,0,,prepared_management,4,5,0,0,0,0,final,0,4114,182,22.604395604395606,832,0.2022362664073894,17.13120889805382,705,15.89640092527793,4114,112,34,28,0.027224112785610113,0.008264462809917356,0.006806028196402528,4221,0,0,
Intel,Intel Corporation_Earnings Call_2023-04-27T00_00_00_English.docx,2023-04-27,2023,FQ1,2024-08-01,-462,non_event,0,0,0,,managerial_qa,28,51,0,0,0,0,final,0,3919,233,16.819742489270386,445,0.11354937484052054,11.269871989328976,392,10.728917664246048,3919,87,22,23,0.022199540699157947,0.005613676958407757,0.005868844092880837,3971,0,0,
Intel,Intel Corporation_Earnings Call_2023-07-27T00_00_00_English.docx,2023-07-27,2023,FQ2,2024-08-01,-371,non_event,0,0,0,,prepared_management,4,5,0,0,0,0,final,0,3942,166,23.746987951807228,873,0.22146118721461186,18.357242669307364,724,16.845319787521472,3942,123,30,23,0.03120243531202435,0.0076103500761035,0.005834601725012684,4043,0,0,
Intel,Intel Corporation_Earnings Call_2023-07-27T00_00_00_English.docx,2023-07-27,2023,FQ2,2024-08-01,-371,non_event,0,0,0,,managerial_qa,24,46,0,0,0,0,final,0,4263,243,17.54320987654321,481,0.11283133943232465,11.530537527910269,408,10.845573887281605,4263,133,19,14,0.031198686371100164,0.004456955195871452,0.003284072249589491,4301,0,0,
Intel,Intel Corporation_Earnings Call_2023-10-26T00_00_00_English.docx,2023-10-26,2023,FQ3,2024-08-01,-280,non_event,0,0,0,,prepared_management,4,5,0,0,0,0,final,0,4102,193,21.253886010362695,885,0.21574841540711848,17.131491020429817,743,15.746800625500516,4102,129,17,19,0.03144807411019015,0.004144319843978547,0.004631886884446611,4222,0,0,
Intel,Intel Corporation_Earnings Call_2023-10-26T00_00_00_English.docx,2023-10-26,2023,FQ3,2024-08-01,-280,non_event,0,0,0,,managerial_qa,24,46,0,0,0,0,final,0,4456,253,17.612648221343875,556,0.12477558348294435,12.036082627855325,483,11.380786398052813,4456,101,16,20,0.022666068222621186,0.003590664272890485,0.004488330341113106,4524,0,0,
Intel,Intel Corporation_Earnings Call_2024-01-25T00_00_00_English.docx,2024-01-25,2023,FQ4,2024-08-01,-189,pre_2,0,0,0,,prepared_management,4,5,0,0,0,0,final,0,4386,195,22.49230769230769,876,0.1997264021887825,16.985979164474376,720,15.563270546143322,4386,126,21,24,0.028727770177838577,0.0047879616963064295,0.005471956224350205,4538,0,0,
Intel,Intel Corporation_Earnings Call_2024-01-25T00_00_00_English.docx,2024-01-25,2023,FQ4,2024-08-01,-189,pre_2,0,0,0,,managerial_qa,18,36,0,0,0,0,final,0,3654,218,16.761467889908257,428,0.11713191023535852,11.389863565377645,364,10.689261485465218,3654,100,17,21,0.02736726874657909,0.004652435686918446,0.005747126436781609,3723,0,0,
Intel,Intel Corporation_Earnings Call_2024-04-25T00_00_00_English.docx,2024-04-25,2024,FQ1,2024-08-01,-98,pre_1,0,0,0,,prepared_management,4,5,0,0,0,0,final,0,3757,164,22.908536585365855,703,0.18711738088900717,16.648109869706627,590,15.445022299837053,3757,103,24,26,0.027415491083311153,0.006388075592227841,0.006920415224913495,3851,0,0,
Intel,Intel Corporation_Earnings Call_2024-04-25T00_00_00_English.docx,2024-04-25,2024,FQ1,2024-08-01,-98,pre_1,0,0,0,,managerial_qa,29,55,0,0,0,0,final,0,4735,283,16.731448763250885,544,0.11488912354804647,11.288144447222214,469,10.654564721773427,4735,122,26,19,0.02576557550158395,0.005491024287222809,0.004012671594508976,4793,0,0,
Intel,Intel Corporation_Earnings Call_2024-08-01T00_00_00_English.docx,2024-08-01,2024,FQ2,2024-08-01,0,same_day,1,0,0,,prepared_management,3,4,0,0,0,0,final,0,4073,189,21.55026455026455,825,0.2025534004419347,16.72224183778321,687,15.366975449371717,4073,118,27,31,0.028971274245028236,0.006629020378099681,0.007611097471151486,4197,0,0,
Intel,Intel Corporation_Earnings Call_2024-08-01T00_00_00_English.docx,2024-08-01,2024,FQ2,2024-08-01,0,same_day,1,0,0,,managerial_qa,29,52,0,0,0,0,final,0,4588,262,17.51145038167939,554,0.12074978204010461,11.834571434275942,489,11.26787570628989,4588,101,23,24,0.022013949433304272,0.005013077593722755,0.0052310374891020054,4649,0,0,
Intel,Intel Corporation_Earnings Call_2024-10-31T00_00_00_English.docx,2024-10-31,2024,FQ3,2024-08-01,91,post_1,0,0,0,,prepared_management,4,5,0,0,0,0,final,0,3474,161,21.577639751552795,678,0.19516407599309155,16.43761894034478,580,15.309236672066142,3474,101,35,23,0.029073114565342544,0.010074841681059297,0.006620610247553253,3580,0,0,
Intel,Intel Corporation_Earnings Call_2024-10-31T00_00_00_English.docx,2024-10-31,2024,FQ3,2024-08-01,91,post_1,0,0,0,,managerial_qa,30,55,0,0,0,0,final,0,4399,258,17.050387596899224,524,0.11911798135939987,11.584874293135684,472,11.1120395579686,4399,98,26,16,0.02227779040691066,0.005910434189588543,0.0036371902705160265,4443,0,0,
Intel,Intel Corporation_Earnings Call_2025-01-30T00_00_00_English.docx,2025-01-30,2024,FQ4,2024-08-01,182,post_2,0,0,0,,prepared_management,4,5,0,0,0,0,final,0,3747,201,18.64179104477612,625,0.16680010675206833,14.128720687993184,529,13.103900832108474,3747,120,30,27,0.032025620496397116,0.008006405124099279,0.007205764611689352,3843,0,0,
Intel,Intel Corporation_Earnings Call_2025-01-30T00_00_00_English.docx,2025-01-30,2024,FQ4,2024-08-01,182,post_2,0,0,0,,managerial_qa,35,65,0,0,0,0,final,0,4018,251,16.00796812749004,406,0.10104529616724739,10.444999097685912,346,9.847687002115977,4018,82,27,22,0.02040816326530612,0.006719761075161772,0.0054753608760577405,4081,0,0,
Lyft,"Lyft, Inc._Earnings Call_2021-05-04T00_00_00_English.docx",2021-05-04,2021,FQ1,2023-04-21,-717,non_event,0,0,0,,prepared_management,4,5,0,0,0,0,final,0,4456,232,19.20689655172414,845,0.18963195691202872,15.268036897170806,702,13.984374419612458,4456,116,46,57,0.026032315978456014,0.010323159784560144,0.012791741472172352,4580,0,0,
Lyft,"Lyft, Inc._Earnings Call_2021-05-04T00_00_00_English.docx",2021-05-04,2021,FQ1,2023-04-21,-717,non_event,0,0,0,,managerial_qa,18,35,0,0,0,0,final,0,3474,208,16.701923076923077,370,0.10650546919976972,10.94098799876002,317,10.330740445507287,3474,56,22,21,0.016119746689694875,0.0063327576280944155,0.006044905008635579,3537,0,0,
Lyft,"Lyft, Inc._Earnings Call_2021-08-03T00_00_00_English.docx",2021-08-03,2021,FQ2,2023-04-21,-626,non_event,0,0,0,,prepared_management,4,5,0,0,0,0,final,0,4317,236,18.29237288135593,796,0.1843873059995367,14.692441392523842,640,13.246993164587776,4317,128,37,49,0.02965022006022701,0.00857076673615937,0.011350474866805653,4426,0,0,
Lyft,"Lyft, Inc._Earnings Call_2021-08-03T00_00_00_English.docx",2021-08-03,2021,FQ2,2023-04-21,-626,non_event,0,0,0,,managerial_qa,21,39,0,0,0,0,final,0,3513,224,15.683035714285714,368,0.10475377170509537,10.463365153918101,312,9.825733500060998,3513,70,17,32,0.019925989183034443,0.004839168801594079,0.009109023626530032,3589,0,0,
Lyft,"Lyft, Inc._Earnings Call_2021-11-02T00_00_00_English.docx",2021-11-02,2021,FQ3,2023-04-21,-535,non_event,0,0,0,,prepared_management,4,5,0,0,0,0,final,0,3261,188,17.345744680851062,566,0.1735663906777062,13.880953499448674,455,12.519407961270202,3261,91,21,39,0.02790555044464888,0.006439742410303588,0.011959521619135235,3365,0,0,
Lyft,"Lyft, Inc._Earnings Call_2021-11-02T00_00_00_English.docx",2021-11-02,2021,FQ3,2023-04-21,-535,non_event,0,0,0,,managerial_qa,23,48,0,0,0,0,final,0,4750,292,16.267123287671232,560,0.11789473684210526,11.222638788752704,490,10.63316510454218,4750,82,24,36,0.01726315789473684,0.0050526315789473685,0.007578947368421052,4805,0,0,
Lyft,"Lyft, Inc._Earnings Call_2022-02-08T00_00_00_English.docx",2022-02-08,2021,FQ4,2023-04-21,-437,non_event,0,0,0,,prepared_management,4,5,0,0,0,0,final,0,3283,190,17.278947368421054,561,0.17088029241547364,13.746790643987367,459,12.504024880965742,3283,84,26,39,0.0255863539445629,0.007919585744745659,0.01187937861711849,3379,0,0,
Lyft,"Lyft, Inc._Earnings Call_2022-02-08T00_00_00_English.docx",2022-02-08,2021,FQ4,2023-04-21,-437,non_event,0,0,0,,managerial_qa,26,46,0,0,0,0,final,0,3898,222,17.55855855855856,479,0.12288353001539251,11.938764624039123,413,11.261494228964729,3898,90,33,19,0.023088763468445357,0.008465879938429965,0.0048742945100051305,3969,0,0,
Lyft,"Lyft, Inc._Earnings Call_2022-05-03T00_00_00_English.docx",2022-05-03,2022,FQ1,2023-04-21,-353,non_event,0,0,0,,prepared_management,4,5,0,0,0,0,final,0,3189,180,17.716666666666665,516,0.16180620884289745,13.558915020382564,401,12.11645656945751,3189,68,18,38,0.02132329883976168,0.005644402634054563,0.01191596111633741,3283,0,0,
Lyft,"Lyft, Inc._Earnings Call_2022-05-03T00_00_00_English.docx",2022-05-03,2022,FQ1,2023-04-21,-353,non_event,0,0,0,,managerial_qa,29,60,0,0,0,0,final,0,3636,219,16.602739726027398,403,0.11083608360836084,11.074539234745394,317,10.128444625284446,3636,67,22,13,0.018426842684268425,0.00605060506050605,0.0035753575357535755,3658,0,0,
Lyft,"Lyft, Inc._Earnings Call_2022-08-04T00_00_00_English.docx",2022-08-04,2022,FQ2,2023-04-21,-260,non_event,0,0,0,,prepared_management,4,5,0,0,0,0,final,0,3478,198,17.565656565656564,621,0.17855089131684876,14.168298278936579,499,12.76519304604411,3478,74,33,41,0.02127659574468085,0.00948821161587119,0.011788384128809662,3599,0,0,
Lyft,"Lyft, Inc._Earnings Call_2022-08-04T00_00_00_English.docx",2022-08-04,2022,FQ2,2023-04-21,-260,non_event,0,0,0,,managerial_qa,23,48,0,0,0,0,final,0,3401,211,16.118483412322274,466,0.13701852396354014,11.928134323470516,403,11.187175781865106,3401,70,44,24,0.020582181711261395,0.012937371361364304,0.007056748015289621,3475,0,0,
Lyft,"Lyft, Inc._Earnings Call_2022-11-07T00_00_00_English.docx",2022-11-07,2022,FQ3,2023-04-21,-165,pre_2,0,0,0,,prepared_management,4,5,0,0,0,0,final,0,3552,200,17.76,622,0.1751126126126126,14.108504504504504,495,12.678324324324326,3552,69,35,48,0.019425675675675675,0.009853603603603604,0.013513513513513514,3690,0,0,
Lyft,"Lyft, Inc._Earnings Call_2022-11-07T00_00_00_English.docx",2022-11-07,2022,FQ3,2023-04-21,-165,pre_2,0,0,0,,managerial_qa,27,54,0,0,0,0,final,0,3342,180,18.566666666666666,398,0.11909036505086774,12.190281268701376,341,11.508055056852186,3342,56,34,24,0.016756433273488927,0.010173548773189706,0.00718132854578097,3430,0,0,
Lyft,"Lyft, Inc._Earnings Call_2023-02-09T00_00_00_English.docx",2023-02-09,2022,FQ4,2023-04-21,-71,pre_1,0,0,0,,prepared_management,4,5,0,0,0,0,final,0,3155,187,16.871657754010695,560,0.1774960380348653,13.848504622998888,441,12.339788299702535,3155,69,21,40,0.021870047543581617,0.006656101426307449,0.012678288431061807,3260,0,0,
Lyft,"Lyft, Inc._Earnings Call_2023-02-09T00_00_00_English.docx",2023-02-09,2022,FQ4,2023-04-21,-71,pre_1,0,0,0,,managerial_qa,28,61,0,0,0,0,final,0,2941,194,15.15979381443299,324,0.1101666099965998,10.47058192563719,275,9.804141939238004,2941,45,27,18,0.015300918055083304,0.009180550833049982,0.006120367222033322,2981,0,0,
Lyft,"Lyft, Inc._Earnings Call_2023-05-04T00_00_00_English.docx",2023-05-04,2023,FQ1,2023-04-21,13,post_1,0,0,0,,prepared_management,4,5,0,0,0,0,final,0,2152,139,15.482014388489208,305,0.14172862453531598,11.861950736808323,246,10.765296461715387,2152,53,11,23,0.02462825278810409,0.005111524163568773,0.010687732342007435,2215,0,0,
Lyft,"Lyft, Inc._Earnings Call_2023-05-04T00_00_00_English.docx",2023-05-04,2023,FQ1,2023-04-21,13,post_1,0,0,0,,managerial_qa,16,35,0,0,0,0,final,0,3351,220,15.231818181818182,306,0.09131602506714413,9.745368275413039,275,9.375329481023304,3351,36,29,21,0.010743061772605193,0.008654133094598627,0.006266786034019696,3388,0,0,
Lyft,"Lyft, Inc._Earnings Call_2023-08-08T00_00_00_English.docx",2023-08-08,2023,FQ2,2023-04-21,109,post_2,0,0,0,,prepared_management,3,4,0,0,0,0,final,0,2563,143,17.923076923076923,389,0.1517752633632462,13.24024130376062,334,12.381872205048172,2563,64,13,28,0.02497073741708935,0.005072181037846274,0.01092469761997659,2623,0,0,
Lyft,"Lyft, Inc._Earnings Call_2023-08-08T00_00_00_English.docx",2023-08-08,2023,FQ2,2023-04-21,109,post_2,0,0,0,,managerial_qa,29,62,0,0,0,0,final,0,5596,366,15.289617486338798,507,0.09060042887776984,9.739864149646314,457,9.38246600811665,5596,97,31,49,0.017333809864188705,0.0055396711937097925,0.008756254467476769,5670,0,0,
Lyft,"Lyft, Inc._Earnings Call_2023-11-08T00_00_00_English.docx",2023-11-08,2023,FQ3,2023-04-21,201,non_event,0,0,0,,prepared_management,3,4,0,0,0,0,final,0,2540,145,17.517241379310345,407,0.16023622047244093,13.416345370621777,316,11.983274504480043,2540,57,8,19,0.022440944881889763,0.0031496062992125984,0.007480314960629921,2595,0,0,
Lyft,"Lyft, Inc._Earnings Call_2023-11-08T00_00_00_English.docx",2023-11-08,2023,FQ3,2023-04-21,201,non_event,0,0,0,,managerial_qa,22,47,0,0,0,0,final,0,5941,370,16.056756756756755,614,0.10334960444369634,10.556686880450556,535,10.024789893411338,5941,87,19,30,0.014643999326712674,0.0031981147954889748,0.00504965494024575,6034,0,0,
Lyft,"Lyft, Inc._Earnings Call_2024-02-13T00_00_00_English.docx",2024-02-13,2023,FQ4,2023-04-21,298,non_event,0,0,0,,prepared_management,3,4,0,0,0,0,final,0,2481,142,17.471830985915492,403,0.16243450221684805,13.48611248304012,324,12.212432515285181,2481,64,7,23,0.025796049979846837,0.0028214429665457475,0.009270455461507456,2557,0,0,
Lyft,"Lyft, Inc._Earnings Call_2024-02-13T00_00_00_English.docx",2024-02-13,2023,FQ4,2023-04-21,298,non_event,0,0,0,,managerial_qa,22,47,0,0,0,0,final,0,6402,377,16.981432360742705,665,0.10387378944079975,10.947524521929072,589,10.472672913056845,6402,100,39,44,0.015620118712902219,0.006091846298031865,0.006872852233676976,6503,0,0,
Lyft,"Lyft, Inc._Earnings Call_2024-05-07T00_00_00_English.docx",2024-05-07,2024,FQ1,2023-04-21,382,non_event,0,0,0,,prepared_management,3,4,0,0,0,0,final,0,2610,146,17.876712328767123,393,0.15057471264367817,13.173673437253976,320,12.054899490893824,2610,74,6,22,0.028352490421455937,0.0022988505747126436,0.00842911877394636,2673,0,0,
Lyft,"Lyft, Inc._Earnings Call_2024-05-07T00_00_00_English.docx",2024-05-07,2024,FQ1,2023-04-21,382,non_event,0,0,0,,managerial_qa,17,39,0,0,0,0,final,0,6707,399,16.80952380952381,644,0.09601908453854183,10.564572905351199,567,10.105351196688606,6707,91,34,55,0.013567914119576563,0.005069330550171463,0.008200387654689131,6827,0,0,
Lyft,"Lyft, Inc._Earnings Call_2024-08-07T00_00_00_English.docx",2024-08-07,2024,FQ2,2023-04-21,474,non_event,0,0,0,,prepared_management,3,4,0,0,0,0,final,0,2439,134,18.20149253731343,376,0.15416154161541615,13.44705867954202,296,12.135045559410818,2439,62,12,15,0.025420254202542025,0.004920049200492005,0.006150061500615006,2496,0,0,
Lyft,"Lyft, Inc._Earnings Call_2024-08-07T00_00_00_English.docx",2024-08-07,2024,FQ2,2023-04-21,474,non_event,0,0,0,,managerial_qa,26,51,0,0,0,0,final,0,6143,373,16.469168900804288,593,0.09653263877584242,10.448973111355413,516,9.94758942260399,6143,98,35,59,0.015953117369363504,0.005697541917629822,0.009604427804004558,6248,0,0,
Lyft,"Lyft, Inc._Earnings Call_2024-11-06T00_00_00_English.docx",2024-11-06,2024,FQ3,2023-04-21,565,non_event,0,0,0,,prepared_management,3,4,0,0,0,0,final,0,2693,155,17.374193548387098,442,0.16412922391385074,13.514846375908869,334,11.910687445348156,2693,59,16,25,0.021908652060898627,0.005941329372447085,0.00928332714444857,2754,0,0,
Lyft,"Lyft, Inc._Earnings Call_2024-11-06T00_00_00_English.docx",2024-11-06,2024,FQ3,2023-04-21,565,non_event,0,0,0,,managerial_qa,14,35,0,0,0,0,final,0,5908,369,16.010840108401084,559,0.09461746784021666,10.1890347569691,469,9.5796914935974,5908,81,19,51,0.013710223425863236,0.003215978334461747,0.008632362897765741,6002,0,0,
Lyft,"Lyft, Inc._Earnings Call_2025-02-11T00_00_00_English.docx",2025-02-11,2024,FQ4,2023-04-21,662,non_event,0,0,0,,prepared_management,3,4,0,0,0,0,final,0,2686,153,17.555555555555557,407,0.15152643335815338,13.08327955654836,336,12.025945230412843,2686,85,14,21,0.03164556962025317,0.0052122114668652275,0.00781831720029784,2757,0,0,
Lyft,"Lyft, Inc._Earnings Call_2025-02-11T00_00_00_English.docx",2025-02-11,2024,FQ4,2023-04-21,662,non_event,0,0,0,,managerial_qa,18,38,0,0,0,0,final,0,6417,442,14.518099547511312,580,0.09038491506934705,9.422636421778407,500,8.923961028292354,6417,98,28,70,0.015271933925510362,0.004363409693002961,0.010908524232507402,6486,0,0,
Meta,"Meta Platforms, Inc._Earnings Call_2021-04-28T00_00_00_English.docx",2021-04-28,2021,FQ1,2022-11-09,-560,non_event,0,0,0,,prepared_management,4,5,0,0,0,0,final,0,3944,216,18.25925925925926,625,0.1584685598377282,13.642446097212833,480,12.171857861918715,3944,81,11,21,0.020537525354969575,0.002789046653144016,0.005324543610547667,4027,0,0,
Meta,"Meta Platforms, Inc._Earnings Call_2021-04-28T00_00_00_English.docx",2021-04-28,2021,FQ1,2022-11-09,-560,non_event,0,0,0,,managerial_qa,15,34,0,0,0,0,final,0,4520,242,18.677685950413224,502,0.11106194690265486,11.913552256271485,424,11.22328676954582,4520,82,23,9,0.018141592920353982,0.005088495575221239,0.001991150442477876,4580,0,0,
Meta,"Meta Platforms, Inc._Earnings Call_2021-07-28T00_00_00_English.docx",2021-07-28,2021,FQ2,2022-11-09,-469,non_event,0,0,0,,prepared_management,4,5,0,0,0,0,final,0,4167,223,18.68609865470852,675,0.16198704103671707,13.953921103352094,522,12.485238597952524,4167,80,13,15,0.01919846412287017,0.0031197504199664025,0.003599712023038157,4245,0,0,
Meta,"Meta Platforms, Inc._Earnings Call_2021-07-28T00_00_00_English.docx",2021-07-28,2021,FQ2,2022-11-09,-469,non_event,0,0,0,,managerial_qa,24,47,0,0,0,0,final,0,4683,237,19.759493670886076,571,0.12193038650437754,12.781012928529533,483,12.029358006471023,4683,98,27,18,0.02092675635276532,0.005765534913516977,0.003843689942344651,4716,0,0,
Meta,"Meta Platforms, Inc._Earnings Call_2021-10-25T00_00_00_English.docx",2021-10-25,2021,FQ3,2022-11-09,-380,non_event,0,0,0,,prepared_management,4,5,0,0,0,0,final,0,4272,222,19.243243243243242,699,0.16362359550561797,14.242241117522017,547,12.819020143739245,4272,82,37,29,0.019194756554307114,0.008661048689138577,0.006788389513108614,4370,0,0,
Meta,"Meta Platforms, Inc._Earnings Call_2021-10-25T00_00_00_English.docx",2021-10-25,2021,FQ3,2022-11-09,-380,non_event,0,0,0,,managerial_qa,20,41,0,0,0,0,final,0,3852,211,18.255924170616115,455,0.11812045690550363,12.027187944466592,366,11.102992721205949,3852,69,30,13,0.01791277258566978,0.00778816199376947,0.0033748701973001036,3912,0,0,
Meta,"Meta Platforms, Inc._Earnings Call_2022-02-02T00_00_00_English.docx",2022-02-02,2021,FQ4,2022-11-09,-280,non_event,0,0,0,,prepared_management,4,5,0,0,0,0,final,0,4447,235,18.92340425531915,743,0.1670789296154711,14.252518886746504,573,12.723398131180955,4447,84,28,23,0.0188891387452215,0.006296379581740499,0.005172026085001125,4549,0,0,
Meta,"Meta Platforms, Inc._Earnings Call_2022-02-02T00_00_00_English.docx",2022-02-02,2021,FQ4,2022-11-09,-280,non_event,0,0,0,,managerial_qa,19,39,0,0,0,0,final,0,4170,205,20.341463414634145,499,0.11966426858513189,12.923156109258935,391,11.887184886237351,4170,38,38,27,0.009112709832134292,0.009112709832134292,0.006474820143884892,4226,0,0,
Meta,"Meta Platforms, Inc._Earnings Call_2022-04-27T00_00_00_English.docx",2022-04-27,2022,FQ1,2022-11-09,-196,non_event,0,0,0,,prepared_management,4,5,0,0,0,0,final,0,4085,202,20.222772277227723,703,0.17209302325581396,14.97282984112365,572,13.690088103057555,4085,74,35,24,0.018115055079559364,0.008567931456548347,0.00587515299877601,4166,0,0,
Meta,"Meta Platforms, Inc._Earnings Call_2022-04-27T00_00_00_English.docx",2022-04-27,2022,FQ1,2022-11-09,-196,non_event,0,0,0,,managerial_qa,17,38,0,0,0,0,final,0,4220,207,20.386473429951693,480,0.11374407582938388,12.704352405156033,392,11.870229182407218,4220,83,35,21,0.01966824644549763,0.008293838862559242,0.004976303317535545,4253,0,0,
Meta,"Meta Platforms, Inc._Earnings Call_2022-07-27T00_00_00_English.docx",2022-07-27,2022,FQ2,2022-11-09,-105,pre_2,0,0,0,,prepared_management,4,5,0,0,0,0,final,0,4766,244,19.5327868852459,779,0.163449433487201,14.351092093586402,626,13.066996415869239,4766,81,46,33,0.016995383969785983,0.009651699538396978,0.0069240453210239195,4850,0,0,
Meta,"Meta Platforms, Inc._Earnings Call_2022-07-27T00_00_00_English.docx",2022-07-27,2022,FQ2,2022-11-09,-105,pre_2,0,0,0,,managerial_qa,18,40,0,0,0,0,final,0,3718,219,16.977168949771688,464,0.12479827864443249,11.782798725685977,384,10.922120941931269,3718,77,28,10,0.020710059171597635,0.007530930607853685,0.0026896180742334587,3743,0,0,
Meta,"Meta Platforms, Inc._Earnings Call_2022-10-26T00_00_00_English.docx",2022-10-26,2022,FQ3,2022-11-09,-14,pre_1,0,0,0,,prepared_management,3,4,0,0,0,0,final,0,3504,189,18.53968253968254,607,0.17323059360730594,14.345096760165255,509,13.22637529897804,3504,61,27,34,0.017408675799086757,0.007705479452054794,0.009703196347031963,3630,0,0,
Meta,"Meta Platforms, Inc._Earnings Call_2022-10-26T00_00_00_English.docx",2022-10-26,2022,FQ3,2022-11-09,-14,pre_1,0,0,0,,managerial_qa,14,31,0,0,0,0,final,0,4284,197,21.746192893401016,476,0.1111111111111111,13.142921601804852,408,12.508000966884218,4284,77,25,30,0.017973856209150325,0.005835667600373483,0.0070028011204481795,4350,0,0,
Meta,"Meta Platforms, Inc._Earnings Call_2023-02-01T00_00_00_English.docx",2023-02-01,2022,FQ4,2022-11-09,84,post_1,0,0,0,,prepared_management,3,4,0,0,0,0,final,0,3351,180,18.616666666666667,603,0.17994628469113697,14.644518054312147,496,13.367287376902418,3351,85,37,30,0.025365562518651148,0.01104148015517756,0.008952551477170993,3454,0,0,
Meta,"Meta Platforms, Inc._Earnings Call_2023-02-01T00_00_00_English.docx",2023-02-01,2022,FQ4,2022-11-09,84,post_1,0,0,0,,managerial_qa,20,42,0,0,0,0,final,0,4682,238,19.672268907563026,579,0.1236651003844511,12.815511578403255,494,12.089326187544648,4682,89,39,24,0.019008970525416488,0.008329773601025202,0.0051260145237078175,4751,0,0,
Meta,"Meta Platforms, Inc._Earnings Call_2023-04-26T00_00_00_English.docx",2023-04-26,2023,FQ1,2022-11-09,168,post_2,0,0,0,,prepared_management,3,4,0,0,0,0,final,0,3694,189,19.544973544973544,672,0.18191662154845695,15.094654279927695,538,13.643652655672149,3694,105,32,24,0.0284244721169464,0.008662696264212236,0.006497022198159177,3786,0,0,
Meta,"Meta Platforms, Inc._Earnings Call_2023-04-26T00_00_00_English.docx",2023-04-26,2023,FQ1,2022-11-09,168,post_2,0,0,0,,managerial_qa,13,32,0,0,0,0,final,0,4367,178,24.53370786516854,614,0.1405999542019693,15.43748131414619,506,14.44824385135709,4367,115,33,13,0.026333867643691323,0.007556675062972292,0.002976871994504236,4404,0,0,
Meta,"Meta Platforms, Inc._Earnings Call_2023-07-26T00_00_00_English.docx",2023-07-26,2023,FQ2,2022-11-09,259,non_event,0,0,0,,prepared_management,3,4,0,0,0,0,final,0,3637,195,18.651282051282053,638,0.1754193016222161,14.477284885401467,507,13.036537016278562,3637,90,21,28,0.02474566950783613,0.00577398955182843,0.00769865273577124,3740,0,0,
Meta,"Meta Platforms, Inc._Earnings Call_2023-07-26T00_00_00_English.docx",2023-07-26,2023,FQ2,2022-11-09,259,non_event,0,0,0,,managerial_qa,13,28,0,0,0,0,final,0,5595,269,20.799256505576206,580,0.10366398570151922,12.466262030291253,495,11.858576596868552,5595,95,42,32,0.016979445933869526,0.007506702412868633,0.005719392314566577,5651,0,0,
Meta,"Meta Platforms, Inc._Earnings Call_2023-10-25T00_00_00_English.docx",2023-10-25,2023,FQ3,2022-11-09,350,non_event,0,0,0,,prepared_management,3,4,0,0,0,0,final,0,4242,225,18.85333333333333,727,0.17138142385667138,14.396590287600189,576,12.972733616218765,4242,98,23,27,0.0231023102310231,0.0054219707685054215,0.006364922206506365,4359,0,0,
Meta,"Meta Platforms, Inc._Earnings Call_2023-10-25T00_00_00_English.docx",2023-10-25,2023,FQ3,2022-11-09,350,non_event,0,0,0,,managerial_qa,11,26,0,0,0,0,final,0,4288,205,20.917073170731708,618,0.14412313432835822,14.131754641427012,490,12.937724790680745,4288,97,32,32,0.022621268656716417,0.007462686567164179,0.007462686567164179,4322,0,0,
Meta,"Meta Platforms, Inc._Earnings Call_2024-02-01T00_00_00_English.docx",2024-02-01,2023,FQ4,2022-11-09,449,non_event,0,0,0,,prepared_management,3,4,0,0,0,0,final,0,4935,248,19.899193548387096,859,0.17406281661600811,14.922190083995162,695,13.592909435565577,4935,121,18,26,0.024518743667679838,0.00364741641337386,0.0052684903748733535,5037,0,0,
Meta,"Meta Platforms, Inc._Earnings Call_2024-02-01T00_00_00_English.docx",2024-02-01,2023,FQ4,2022-11-09,449,non_event,0,0,0,,managerial_qa,12,27,0,0,0,0,final,0,3435,165,20.818181818181817,507,0.14759825327510917,14.231202858277095,394,12.915336773852056,3435,78,17,29,0.022707423580786028,0.004949053857350801,0.008442503639010189,3475,0,0,
Meta,"Meta Platforms, Inc._Earnings Call_2024-04-24T00_00_00_English.docx",2024-04-24,2024,FQ1,2022-11-09,532,non_event,0,0,0,,prepared_management,3,4,0,0,0,0,final,0,3928,189,20.78306878306878,678,0.17260692464358451,15.217504498970895,552,13.934408775956639,3928,95,15,22,0.024185336048879836,0.0038187372708757637,0.00560081466395112,3997,0,0,
Meta,"Meta Platforms, Inc._Earnings Call_2024-04-24T00_00_00_English.docx",2024-04-24,2024,FQ1,2022-11-09,532,non_event,0,0,0,,managerial_qa,13,32,0,0,0,0,final,0,3900,170,22.941176470588236,541,0.1387179487179487,14.725188536953244,435,13.638009049773757,3900,102,13,19,0.026153846153846153,0.0033333333333333335,0.004871794871794872,3937,0,0,
Meta,"Meta Platforms, Inc._Earnings Call_2024-07-31T00_00_00_English.docx",2024-07-31,2024,FQ2,2022-11-09,630,non_event,0,0,0,,prepared_management,3,4,0,0,0,0,final,0,4149,210,19.757142857142856,732,0.17642805495300073,14.959979340977174,588,13.571693006920771,4149,128,15,26,0.030850807423475537,0.0036153289949385392,0.006266570257893469,4231,0,0,
Meta,"Meta Platforms, Inc._Earnings Call_2024-07-31T00_00_00_English.docx",2024-07-31,2024,FQ2,2022-11-09,630,non_event,0,0,0,,managerial_qa,13,32,0,0,0,0,final,0,4169,180,23.16111111111111,475,0.11393619573039099,13.821892273660083,396,13.063916739958955,4169,103,13,13,0.024706164547853203,0.0031182537778843846,0.0031182537778843846,4198,0,0,
Meta,"Meta Platforms, Inc._Earnings Call_2024-10-30T00_00_00_English.docx",2024-10-30,2024,FQ3,2022-11-09,721,non_event,0,0,0,,prepared_management,3,4,0,0,0,0,final,0,3471,186,18.661290322580644,640,0.18438490348602707,14.839912268473341,513,13.376357097053,3471,81,7,22,0.023336214347450302,0.002016709881878421,0.006338231057332181,3555,0,0,
Meta,"Meta Platforms, Inc._Earnings Call_2024-10-30T00_00_00_English.docx",2024-10-30,2024,FQ3,2022-11-09,721,non_event,0,0,0,,managerial_qa,12,31,0,0,0,0,final,0,3889,183,21.25136612021858,497,0.12779634867575212,13.612400395117518,414,12.758710500543078,3889,90,20,18,0.023142195937258934,0.005142710208279763,0.004628439187451787,3934,0,0,
Meta,"Meta Platforms, Inc._Earnings Call_2025-01-29T00_00_00_English.docx",2025-01-29,2024,FQ4,2022-11-09,812,non_event,0,0,0,,prepared_management,3,4,0,0,0,0,final,0,3745,197,19.01015228426396,683,0.18237650200267022,14.899120993812392,575,13.74558294307808,3745,95,9,17,0.025367156208277702,0.002403204272363151,0.0045393858477970625,3836,0,0,
Meta,"Meta Platforms, Inc._Earnings Call_2025-01-29T00_00_00_English.docx",2025-01-29,2024,FQ4,2022-11-09,812,non_event,0,0,0,,managerial_qa,15,32,0,0,0,0,final,0,4285,203,21.108374384236452,514,0.11995332555425904,13.241482775864945,423,12.39200786337953,4285,97,18,15,0.02263710618436406,0.004200700116686115,0.003500583430571762,4333,0,0,
Microsoft,Microsoft Corporation_Earnings Call_2020-10-27T00_00_00_English.docx,2020-10-27,2021,FQ1,2023-01-18,-813,non_event,0,0,0,,prepared_management,4,5,0,0,0,0,final,0,4690,241,19.46058091286307,1044,0.22260127931769721,16.688283537853117,834,14.897238761733712,4690,101,36,34,0.021535181236673775,0.00767590618336887,0.007249466950959489,4862,0,0,
Microsoft,Microsoft Corporation_Earnings Call_2020-10-27T00_00_00_English.docx,2020-10-27,2021,FQ1,2023-01-18,-813,non_event,0,0,0,,managerial_qa,19,38,0,0,0,0,final,0,2901,143,20.286713286713287,342,0.11789038262668046,12.830300619752533,282,12.002999689038987,2901,63,15,21,0.02171664943123061,0.005170630816959669,0.007238883143743537,2942,0,0,
Microsoft,Microsoft Corporation_Earnings Call_2021-01-26T00_00_00_English.docx,2021-01-26,2021,FQ2,2023-01-18,-722,non_event,0,0,0,,prepared_management,4,5,0,0,0,0,final,0,4722,242,19.512396694214875,1069,0.22638712409995765,16.860443641684256,857,15.064594425250542,4722,116,25,42,0.02456586192291402,0.0052943667937314694,0.008894536213468869,4933,0,0,
Microsoft,Microsoft Corporation_Earnings Call_2021-01-26T00_00_00_English.docx,2021-01-26,2021,FQ2,2023-01-18,-722,non_event,0,0,0,,managerial_qa,16,32,0,0,0,0,final,0,2299,110,20.9,296,0.12875163114397564,13.510065245759026,250,12.709717268377554,2299,45,8,12,0.019573727707699,0.0034797738147020443,0.005219660722053067,2318,0,0,
Microsoft,Microsoft Corporation_Earnings Call_2021-04-27T00_00_00_English.docx,2021-04-27,2021,FQ3,2023-01-18,-631,non_event,0,0,0,,prepared_management,2,3,0,0,0,0,final,0,4635,250,18.54,1060,0.22869471413160733,16.563788565264293,861,14.846420711974112,4635,105,39,38,0.022653721682847898,0.008414239482200648,0.00819848975188781,4840,0,0,
Microsoft,Microsoft Corporation_Earnings Call_2021-04-27T00_00_00_English.docx,2021-04-27,2021,FQ3,2023-01-18,-631,non_event,0,0,0,,managerial_qa,12,30,0,0,0,0,final,0,2408,119,20.235294117647058,331,0.13745847176079734,13.592456517490717,262,12.446277115497361,2408,35,22,14,0.014534883720930232,0.009136212624584718,0.005813953488372093,2429,0,0,
Microsoft,Microsoft Corporation_Earnings Call_2021-07-27T00_00_00_English.docx,2021-07-27,2021,FQ4,2023-01-18,-540,non_event,0,0,0,,prepared_management,4,5,0,0,0,0,final,0,4922,266,18.50375939849624,1078,0.2190166598943519,16.16217015517257,864,14.423039720389964,4922,105,32,41,0.021332791548151157,0.00650142218610321,0.008329947175944739,5150,0,0,
Microsoft,Microsoft Corporation_Earnings Call_2021-07-27T00_00_00_English.docx,2021-07-27,2021,FQ4,2023-01-18,-540,non_event,0,0,0,,managerial_qa,13,30,0,0,0,0,final,0,2070,98,21.122448979591837,266,0.1285024154589372,13.589076210194225,213,12.564921620822242,2070,36,15,16,0.017391304347826087,0.007246376811594203,0.007729468599033816,2087,0,0,
Microsoft,Microsoft Corporation_Earnings Call_2021-10-26T00_00_00_English.docx,2021-10-26,2022,FQ1,2023-01-18,-449,non_event,0,0,0,,prepared_management,4,5,0,0,0,0,final,0,4747,263,18.049429657794676,1040,0.21908573836107015,15.983201397560675,827,14.18838361791037,4747,98,23,38,0.020644617653254687,0.00484516536760059,0.008005055824731409,4947,0,0,
Microsoft,Microsoft Corporation_Earnings Call_2021-10-26T00_00_00_English.docx,2021-10-26,2022,FQ1,2023-01-18,-449,non_event,0,0,0,,managerial_qa,16,35,0,0,0,0,final,0,2682,127,21.118110236220474,307,0.11446681580909769,13.025916726852097,254,12.235461842437482,2682,46,18,18,0.01715137956748695,0.006711409395973154,0.006711409395973154,2698,0,0,
Microsoft,Microsoft Corporation_Earnings Call_2022-01-25T00_00_00_English.docx,2022-01-25,2022,FQ2,2023-01-18,-358,non_event,0,0,0,,prepared_management,4,5,0,0,0,0,final,0,5008,260,19.26153846153846,1147,0.2290335463258786,16.86595723765053,905,14.933049889407716,5008,100,20,39,0.019968051118210862,0.003993610223642172,0.007787539936102236,5182,0,0,
Microsoft,Microsoft Corporation_Earnings Call_2022-01-25T00_00_00_English.docx,2022-01-25,2022,FQ2,2023-01-18,-358,non_event,0,0,0,,managerial_qa,12,28,0,0,0,0,final,0,2576,130,19.815384615384616,307,0.11917701863354037,12.693234591495461,253,11.854725274725276,2576,44,15,13,0.017080745341614908,0.005822981366459627,0.005046583850931677,2593,0,0,
Microsoft,Microsoft Corporation_Earnings Call_2022-04-26T00_00_00_English.docx,2022-04-26,2022,FQ3,2023-01-18,-267,non_event,0,0,0,,prepared_management,4,5,0,0,0,0,final,0,4932,270,18.266666666666666,1060,0.21492295214922952,15.903584752635846,846,14.167980535279804,4932,83,44,48,0.016828872668288728,0.008921330089213302,0.009732360097323601,5152,0,0,
Microsoft,Microsoft Corporation_Earnings Call_2022-04-26T00_00_00_English.docx,2022-04-26,2022,FQ3,2023-01-18,-267,non_event,0,0,0,,managerial_qa,18,37,0,0,0,0,final,0,2851,147,19.39455782312925,321,0.11259207295685725,12.261506047525991,266,11.489846980531954,2851,37,14,21,0.012977902490354262,0.004910557699052964,0.0073658365485794455,2878,0,0,
Microsoft,Microsoft Corporation_Earnings Call_2022-07-26T00_00_00_English.docx,2022-07-26,2022,FQ4,2023-01-18,-176,pre_2,0,0,0,,prepared_management,4,5,0,0,0,0,final,0,5576,288,19.36111111111111,1208,0.21664275466284075,16.410154630958072,976,14.745879164674001,5576,89,60,47,0.015961262553802008,0.010760401721664276,0.008428981348637015,5806,0,0,
Microsoft,Microsoft Corporation_Earnings Call_2022-07-26T00_00_00_English.docx,2022-07-26,2022,FQ4,2023-01-18,-176,pre_2,0,0,0,,managerial_qa,13,31,0,0,0,0,final,0,2070,110,18.818181818181817,174,0.08405797101449275,10.889591567852438,149,10.406499780412824,2070,22,11,13,0.010628019323671498,0.005314009661835749,0.006280193236714976,2093,0,0,
Microsoft,Microsoft Corporation_Earnings Call_2022-10-25T00_00_00_English.docx,2022-10-25,2023,FQ1,2023-01-18,-85,pre_1,0,0,0,,prepared_management,4,5,0,0,0,0,final,0,5173,265,19.52075471698113,1066,0.2060699787357433,16.051101036222185,853,14.40408769773388,5173,68,44,52,0.013145176879953605,0.008505702687028804,0.010052194084670405,5400,0,0,
Microsoft,Microsoft Corporation_Earnings Call_2022-10-25T00_00_00_English.docx,2022-10-25,2023,FQ1,2023-01-18,-85,pre_1,0,0,0,,managerial_qa,13,30,0,0,0,0,final,0,2694,142,18.971830985915492,261,0.09688195991091314,11.464010790802725,226,10.944337442621581,2694,52,21,19,0.019302152932442463,0.0077951002227171495,0.007052709725315516,2716,0,0,
Microsoft,Microsoft Corporation_Earnings Call_2023-01-24T00_00_00_English.docx,2023-01-24,2023,FQ2,2023-01-18,6,post_1,0,0,0,,prepared_management,4,5,0,0,0,0,final,0,5157,283,18.2226148409894,1116,0.2164048865619546,15.945241398873947,872,14.052668197400221,5157,77,61,53,0.014931161528020168,0.011828582509210782,0.010277292999806089,5392,0,0,
Microsoft,Microsoft Corporation_Earnings Call_2023-01-24T00_00_00_English.docx,2023-01-24,2023,FQ2,2023-01-18,6,post_1,0,0,0,,managerial_qa,13,31,0,0,0,0,final,0,2464,119,20.705882352941178,229,0.0929383116883117,11.999885408708941,198,11.496638655462187,2464,31,11,12,0.012581168831168832,0.004464285714285714,0.00487012987012987,2499,0,0,
Microsoft,Microsoft Corporation_Earnings Call_2023-04-25T00_00_00_English.docx,2023-04-25,2023,FQ3,2023-01-18,97,post_2,0,0,0,,prepared_management,4,5,0,0,0,0,final,0,5014,260,19.284615384615385,1102,0.2197846031112884,16.505230278297688,868,14.638457242797092,5014,79,29,46,0.015755883526126845,0.0057838053450339055,0.009174311926605505,5224,0,0,
Microsoft,Microsoft Corporation_Earnings Call_2023-04-25T00_00_00_English.docx,2023-04-25,2023,FQ3,2023-01-18,97,post_2,0,0,0,,managerial_qa,17,36,0,0,0,0,final,0,2487,107,23.242990654205606,279,0.11218335343787696,13.78453039919732,239,13.141185003137814,2487,53,5,16,0.021310816244471252,0.002010454362685967,0.006433453960595094,2503,0,0,
Microsoft,Microsoft Corporation_Earnings Call_2023-07-25T00_00_00_English.docx,2023-07-25,2023,FQ4,2023-01-18,188,non_event,0,0,0,,prepared_management,4,5,0,0,0,0,final,0,5062,263,19.247148288973385,1072,0.2117740023706045,16.169819410413535,828,14.241727747039375,5062,78,27,39,0.015408929276965626,0.005333860134334255,0.007704464638482813,5291,0,0,
Microsoft,Microsoft Corporation_Earnings Call_2023-07-25T00_00_00_English.docx,2023-07-25,2023,FQ4,2023-01-18,188,non_event,0,0,0,,managerial_qa,16,33,0,0,0,0,final,0,3064,164,18.682926829268293,296,0.09660574412532637,11.337400496720372,232,10.501891358339172,3064,36,16,12,0.01174934725848564,0.005221932114882507,0.0039164490861618795,3093,0,0,
Microsoft,Microsoft Corporation_Earnings Call_2023-10-24T00_00_00_English.docx,2023-10-24,2024,FQ1,2023-01-18,279,non_event,0,0,0,,prepared_management,4,5,0,0,0,0,final,0,4943,270,18.307407407407407,1125,0.22759457819138176,16.426746090618234,867,14.338945160009292,4943,77,19,50,0.015577584462876796,0.0038438195427877805,0.010115314586283633,5159,0,0,
Microsoft,Microsoft Corporation_Earnings Call_2023-10-24T00_00_00_English.docx,2023-10-24,2024,FQ1,2023-01-18,279,non_event,0,0,0,,managerial_qa,15,32,0,0,0,0,final,0,2484,128,19.40625,280,0.11272141706924316,12.271356682769728,234,11.530615942028987,2484,49,14,7,0.019726247987117553,0.005636070853462158,0.002818035426731079,2502,0,0,
Microsoft,Microsoft Corporation_Earnings Call_2024-01-30T00_00_00_English.docx,2024-01-30,2024,FQ2,2023-01-18,377,non_event,0,0,0,,prepared_management,4,5,0,0,0,0,final,0,4965,263,18.878326996197718,1119,0.2253776435045317,16.566436538660355,857,14.455661110664387,4965,68,21,36,0.013695871097683786,0.004229607250755287,0.0072507552870090634,5194,0,0,
Microsoft,Microsoft Corporation_Earnings Call_2024-01-30T00_00_00_English.docx,2024-01-30,2024,FQ2,2023-01-18,377,non_event,0,0,0,,managerial_qa,16,33,0,0,0,0,final,0,2885,172,16.773255813953487,290,0.10051993067590988,10.73009955261779,243,10.078453105477408,2885,33,10,18,0.011438474870017331,0.0034662045060658577,0.006239168110918544,2918,0,0,
Microsoft,Microsoft Corporation_Earnings Call_2024-04-25T00_00_00_English.docx,2024-04-25,2024,FQ3,2023-01-18,463,non_event,0,0,0,,prepared_management,4,5,0,0,0,0,final,0,4764,253,18.8300395256917,1057,0.221872376154492,16.40691085645636,835,14.542931007589864,4764,69,23,40,0.014483627204030227,0.004827875734676742,0.008396305625524769,4969,0,0,
Microsoft,Microsoft Corporation_Earnings Call_2024-04-25T00_00_00_English.docx,2024-04-25,2024,FQ3,2023-01-18,463,non_event,0,0,0,,managerial_qa,13,31,0,0,0,0,final,0,2838,165,17.2,312,0.10993657505285412,11.277463002114166,260,10.544552501761805,2838,50,17,20,0.017618040873854827,0.005990133897110641,0.007047216349541931,2868,0,0,
Microsoft,Microsoft Corporation_Earnings Call_2024-07-30T00_00_00_English.docx,2024-07-30,2024,FQ4,2023-01-18,559,non_event,0,0,0,,prepared_management,3,4,0,0,0,0,final,0,4644,255,18.211764705882352,1033,0.22243755383290267,16.18220803566905,805,14.218383746263363,4644,45,21,47,0.009689922480620155,0.004521963824289405,0.010120585701981051,4862,0,0,
Microsoft,Microsoft Corporation_Earnings Call_2024-07-30T00_00_00_English.docx,2024-07-30,2024,FQ4,2023-01-18,559,non_event,0,0,0,,managerial_qa,16,34,0,0,0,0,final,0,2629,141,18.645390070921987,257,0.09775580068467098,11.368388055755634,208,10.622857435748028,2629,33,10,17,0.012552301255230125,0.003803727653100038,0.006466337010270064,2649,0,0,
PayPal,"PayPal Holdings, Inc._Earnings Call_2021-05-05T00_00_00_English.docx",2021-05-05,2021,FQ1,2024-01-30,-1000,non_event,0,0,0,,prepared_management,3,4,0,0,0,0,final,0,3483,197,17.68020304568528,682,0.19580821131208728,14.904409670757605,568,13.59519347782048,3483,78,32,38,0.02239448751076658,0.00918748205569911,0.010910134941142693,3633,0,0,
PayPal,"PayPal Holdings, Inc._Earnings Call_2021-05-05T00_00_00_English.docx",2021-05-05,2021,FQ1,2024-01-30,-1000,non_event,0,0,0,,managerial_qa,15,32,0,0,0,0,final,0,3480,207,16.81159420289855,376,0.10804597701149425,11.046476761619191,322,10.425787106446776,3480,44,16,23,0.01264367816091954,0.004597701149425287,0.0066091954022988505,3554,0,0,
PayPal,"PayPal Holdings, Inc._Earnings Call_2021-07-28T00_00_00_English.docx",2021-07-28,2021,FQ2,2024-01-30,-916,non_event,0,0,0,,prepared_management,3,4,0,0,0,0,final,0,3565,187,19.06417112299465,628,0.17615708274894812,14.671951759155787,522,13.482610945691551,3565,69,37,43,0.01935483870967742,0.010378681626928472,0.0120617110799439,3721,0,0,
PayPal,"PayPal Holdings, Inc._Earnings Call_2021-07-28T00_00_00_English.docx",2021-07-28,2021,FQ2,2024-01-30,-916,non_event,0,0,0,,managerial_qa,14,33,0,0,0,0,final,0,3940,217,18.15668202764977,408,0.10355329949238579,11.404804790755339,360,10.917495146085288,3940,62,16,21,0.015736040609137057,0.0040609137055837565,0.00532994923857868,4010,0,0,
PayPal,"PayPal Holdings, Inc._Earnings Call_2021-11-08T00_00_00_English.docx",2021-11-08,2021,FQ3,2024-01-30,-813,non_event,0,0,0,,prepared_management,3,4,0,0,0,0,final,0,3755,199,18.86934673366834,693,0.18455392809587218,14.929895817302224,568,13.598337894532584,3755,63,40,42,0.01677762982689747,0.010652463382157125,0.01118508655126498,3882,0,0,
PayPal,"PayPal Holdings, Inc._Earnings Call_2021-11-08T00_00_00_English.docx",2021-11-08,2021,FQ3,2024-01-30,-813,non_event,0,0,0,,managerial_qa,10,25,0,0,0,0,final,0,3750,207,18.115942028985508,373,0.09946666666666666,11.22504347826087,324,10.702376811594204,3750,45,19,22,0.012,0.005066666666666666,0.005866666666666667,3846,0,0,
PayPal,"PayPal Holdings, Inc._Earnings Call_2022-02-01T00_00_00_English.docx",2022-02-01,2021,FQ4,2024-01-30,-728,non_event,0,0,0,,prepared_management,3,4,0,0,0,0,final,0,4010,215,18.651162790697676,706,0.17605985037406482,14.502859131241664,608,13.52530302151598,4010,78,37,46,0.01945137157107232,0.009226932668329177,0.011471321695760598,4164,0,0,
PayPal,"PayPal Holdings, Inc._Earnings Call_2022-02-01T00_00_00_English.docx",2022-02-01,2021,FQ4,2024-01-30,-728,non_event,0,0,0,,managerial_qa,11,26,0,0,0,0,final,0,3541,189,18.735449735449734,373,0.10533747528946626,11.707678905758545,332,11.24453290180486,3541,53,22,18,0.014967523298503248,0.006212934199378707,0.005083309799491669,3609,0,0,
PayPal,"PayPal Holdings, Inc._Earnings Call_2022-04-27T00_00_00_English.docx",2022-04-27,2022,FQ1,2024-01-30,-643,non_event,0,0,0,,prepared_management,2,3,0,0,0,0,final,0,2253,122,18.4672131147541,430,0.1908566355969818,15.021150669780912,345,13.512051690641986,2253,57,16,30,0.02529960053262317,0.007101642254771416,0.013315579227696404,2318,0,0,
PayPal,"PayPal Holdings, Inc._Earnings Call_2022-04-27T00_00_00_English.docx",2022-04-27,2022,FQ1,2024-01-30,-643,non_event,0,0,0,,managerial_qa,16,35,0,0,0,0,final,0,3397,198,17.156565656565657,379,0.11156903149838092,11.325387522561499,333,10.783733121619491,3397,47,28,27,0.0138357374153665,0.008242566970856638,0.00794818957904033,3441,0,0,
PayPal,"PayPal Holdings, Inc._Earnings Call_2022-08-02T00_00_00_English.docx",2022-08-02,2022,FQ2,2024-01-30,-546,non_event,0,0,0,,prepared_management,4,5,0,0,0,0,final,0,4648,233,19.948497854077253,920,0.19793459552495696,15.896782962629182,765,14.562875905830559,4648,128,33,50,0.027538726333907058,0.0070998278829604135,0.010757314974182444,4795,0,0,
PayPal,"PayPal Holdings, Inc._Earnings Call_2022-08-02T00_00_00_English.docx",2022-08-02,2022,FQ2,2024-01-30,-546,non_event,0,0,0,,managerial_qa,13,30,0,0,0,0,final,0,3550,243,14.609053497942387,361,0.10169014084507043,9.911227032979774,326,9.516860835796674,3550,83,28,12,0.023380281690140847,0.007887323943661971,0.0033802816901408453,3612,0,0,
PayPal,"PayPal Holdings, Inc._Earnings Call_2022-11-03T00_00_00_English.docx",2022-11-03,2022,FQ3,2024-01-30,-453,non_event,0,0,0,,prepared_management,3,4,0,0,0,0,final,0,4333,219,19.78538812785388,833,0.19224555735056542,15.603977545164168,698,14.357727833647898,4333,114,30,59,0.026309716132010153,0.006923609508423725,0.013616432033233325,4464,0,0,
PayPal,"PayPal Holdings, Inc._Earnings Call_2022-11-03T00_00_00_English.docx",2022-11-03,2022,FQ3,2024-01-30,-453,non_event,0,0,0,,managerial_qa,9,25,0,0,0,0,final,0,2970,187,15.882352941176471,355,0.11952861952861953,11.134085957615369,311,10.541493365022777,2970,60,17,11,0.020202020202020204,0.005723905723905724,0.003703703703703704,3036,0,0,
PayPal,"PayPal Holdings, Inc._Earnings Call_2023-02-09T00_00_00_English.docx",2023-02-09,2022,FQ4,2024-01-30,-355,non_event,0,0,0,,prepared_management,3,4,0,0,0,0,final,0,3812,201,18.965174129353233,692,0.18153200419727178,14.847349819632166,599,13.871484132328911,3812,90,29,41,0.0236096537250787,0.0076075550891920255,0.010755508919202518,3956,0,0,
PayPal,"PayPal Holdings, Inc._Earnings Call_2023-02-09T00_00_00_English.docx",2023-02-09,2022,FQ4,2024-01-30,-355,non_event,0,0,0,,managerial_qa,12,30,0,0,0,0,final,0,3874,233,16.626609442060087,369,0.09525038719669592,10.460659264691872,302,9.768867834645409,3874,66,30,34,0.017036654620547237,0.007743933918430563,0.008776458440887971,3957,0,0,
PayPal,"PayPal Holdings, Inc._Earnings Call_2023-05-08T00_00_00_English.docx",2023-05-08,2023,FQ1,2024-01-30,-267,non_event,0,0,0,,prepared_management,3,4,0,0,0,0,final,0,3045,160,19.03125,575,0.18883415435139572,15.165866174055829,461,13.668329228243023,3045,86,24,43,0.028243021346469624,0.007881773399014778,0.014121510673234812,3141,0,0,
PayPal,"PayPal Holdings, Inc._Earnings Call_2023-05-08T00_00_00_English.docx",2023-05-08,2023,FQ1,2024-01-30,-267,non_event,0,0,0,,managerial_qa,13,29,0,0,0,0,final,0,4329,278,15.571942446043165,469,0.10833910833910834,10.562341311981601,394,9.869340618980907,4329,84,32,13,0.019404019404019403,0.007392007392007392,0.003003003003003003,4399,0,0,
PayPal,"PayPal Holdings, Inc._Earnings Call_2023-08-02T00_00_00_English.docx",2023-08-02,2023,FQ2,2024-01-30,-181,pre_2,0,0,0,,prepared_management,1,2,0,0,0,0,final,0,3086,155,19.90967741935484,598,0.19377835385612444,15.715005121986913,506,14.522522944410765,3086,75,35,27,0.024303305249513935,0.01134154244977317,0.008749189889825017,3180,0,0,
PayPal,"PayPal Holdings, Inc._Earnings Call_2023-08-02T00_00_00_English.docx",2023-08-02,2023,FQ2,2024-01-30,-181,pre_2,0,0,0,,managerial_qa,5,21,0,0,0,0,final,0,3007,191,15.743455497382199,347,0.11539740605254406,10.913278441054644,294,10.208256824825844,3007,89,22,10,0.02959760558696375,0.007316262055204523,0.0033255736614566014,3077,0,0,
PayPal,"PayPal Holdings, Inc._Earnings Call_2023-11-01T00_00_00_English.docx",2023-11-01,2023,FQ3,2024-01-30,-90,pre_1,0,0,0,,prepared_management,3,4,0,0,0,0,final,0,4886,269,18.1635687732342,867,0.1774457634056488,14.363258045519633,727,13.217126240362042,4886,137,49,39,0.028039295947605403,0.01002865329512894,0.007981989357347523,5006,0,0,
PayPal,"PayPal Holdings, Inc._Earnings Call_2023-11-01T00_00_00_English.docx",2023-11-01,2023,FQ3,2024-01-30,-90,pre_1,0,0,0,,managerial_qa,8,22,0,0,0,0,final,0,1715,106,16.17924528301887,227,0.13236151603498542,11.766158754606964,192,10.949832223994719,1715,58,14,6,0.03381924198250729,0.00816326530612245,0.003498542274052478,1721,0,0,
PayPal,"PayPal Holdings, Inc._Earnings Call_2024-02-07T00_00_00_English.docx",2024-02-07,2023,FQ4,2024-01-30,8,post_1,0,0,0,,prepared_management,3,4,0,0,0,0,final,0,4430,223,19.865470852017935,822,0.1855530474040632,15.368310236969704,669,13.986820394983248,4430,115,24,32,0.025959367945823927,0.005417607223476298,0.007223476297968397,4550,0,0,
PayPal,"PayPal Holdings, Inc._Earnings Call_2024-02-07T00_00_00_English.docx",2024-02-07,2023,FQ4,2024-01-30,8,post_1,0,0,0,,managerial_qa,13,31,0,0,0,0,final,0,2814,144,19.541666666666668,346,0.12295664534470505,12.73493248045487,293,11.981556503198295,2814,87,14,7,0.03091684434968017,0.004975124378109453,0.0024875621890547263,2829,0,0,
PayPal,"PayPal Holdings, Inc._Earnings Call_2024-04-30T00_00_00_English.docx",2024-04-30,2024,FQ1,2024-01-30,91,post_2,0,0,0,,prepared_management,3,4,0,0,0,0,final,0,3885,195,19.923076923076923,729,0.18764478764478765,15.475022275022276,603,14.177724977724978,3885,101,33,32,0.025997425997425997,0.008494208494208495,0.008236808236808236,3959,0,0,
PayPal,"PayPal Holdings, Inc._Earnings Call_2024-04-30T00_00_00_English.docx",2024-04-30,2024,FQ1,2024-01-30,91,post_2,0,0,0,,managerial_qa,18,38,0,0,0,0,final,0,3907,231,16.913419913419915,496,0.1269516252879447,11.843432976885754,421,11.075580404579638,3907,145,22,16,0.037112874328129,0.005630918863578193,0.004095213718965958,3943,0,0,
PayPal,"PayPal Holdings, Inc._Earnings Call_2024-07-30T00_00_00_English.docx",2024-07-30,2024,FQ2,2024-01-30,182,non_event,0,0,0,,prepared_management,5,6,0,0,0,0,final,0,3780,190,19.894736842105264,685,0.18121693121693122,15.206571985519355,571,14.000222779170148,3780,138,19,24,0.03650793650793651,0.0050264550264550265,0.006349206349206349,3851,0,0,
PayPal,"PayPal Holdings, Inc._Earnings Call_2024-07-30T00_00_00_English.docx",2024-07-30,2024,FQ2,2024-01-30,182,non_event,0,0,0,,managerial_qa,17,40,0,0,0,0,final,0,3478,215,16.176744186046513,403,0.11587119033927544,11.105545287989623,355,10.55350388488439,3478,95,24,11,0.027314548591144336,0.006900517538815411,0.0031627372052903968,3502,0,0,
PayPal,"PayPal Holdings, Inc._Earnings Call_2024-10-29T00_00_00_English.docx",2024-10-29,2024,FQ3,2024-01-30,273,non_event,0,0,0,,prepared_management,5,6,0,0,0,0,final,0,3384,182,18.593406593406595,613,0.1811465721040189,14.683225521523395,507,13.430270438781077,3384,98,18,17,0.028959810874704492,0.005319148936170213,0.005023640661938535,3459,0,0,
PayPal,"PayPal Holdings, Inc._Earnings Call_2024-10-29T00_00_00_English.docx",2024-10-29,2024,FQ3,2024-01-30,273,non_event,0,0,0,,managerial_qa,24,47,0,0,0,0,final,0,4609,265,17.39245283018868,567,0.12302017791277935,11.877788248586647,486,11.174815803370764,4609,119,24,11,0.025819049685398134,0.005207203297895422,0.002386634844868735,4668,0,0,
PayPal,"PayPal Holdings, Inc._Earnings Call_2025-02-04T00_00_00_English.docx",2025-02-04,2024,FQ4,2024-01-30,371,non_event,0,0,0,,prepared_management,5,6,0,0,0,0,final,0,3470,213,16.291079812206572,556,0.16023054755043228,12.925653826899921,454,11.74986131969531,3470,91,17,19,0.02622478386167147,0.004899135446685879,0.00547550432276657,3602,0,0,
PayPal,"PayPal Holdings, Inc._Earnings Call_2025-02-04T00_00_00_English.docx",2025-02-04,2024,FQ4,2024-01-30,371,non_event,0,0,0,,managerial_qa,19,41,0,0,0,0,final,0,3648,211,17.28909952606635,451,0.12362938596491228,11.860815249023032,384,11.126166126216015,3648,76,10,16,0.020833333333333332,0.0027412280701754384,0.0043859649122807015,3725,0,0,
SAP,SAP SE_Earnings Call_2021-04-22T00_00_00_English.docx,2021-04-22,2021,FQ1,2024-01-23,-1006,non_event,0,0,0,,prepared_management,4,5,0,0,0,0,preliminary,1,3271,190,17.21578947368421,606,0.18526444512381535,14.296893594426297,485,12.817223768684935,3271,77,25,22,0.023540201773158055,0.007642922653622745,0.006725771935188016,3359,0,1,"preliminary transcript copy; retained for the main analysis, flagged for sensitivity"
SAP,SAP SE_Earnings Call_2021-04-22T00_00_00_English.docx,2021-04-22,2021,FQ1,2024-01-23,-1006,non_event,0,0,0,,managerial_qa,33,60,0,0,0,0,preliminary,1,4802,262,18.328244274809162,679,0.141399416909621,12.987274386308506,608,12.39585414474249,4802,72,36,22,0.014993752603082049,0.007496876301541024,0.004581424406497293,4850,0,1,"preliminary transcript copy; retained for the main analysis, flagged for sensitivity"
SAP,SAP SE_Earnings Call_2021-07-21T00_00_00_English.docx,2021-07-21,2021,FQ2,2024-01-23,-916,non_event,0,0,0,,prepared_management,4,5,0,0,0,0,final,0,2709,164,16.51829268292683,470,0.17349575489110372,13.547147268814882,370,12.070587652720382,2709,69,16,14,0.02547065337763012,0.005906238464377999,0.00516795865633075,2783,0,0,
SAP,SAP SE_Earnings Call_2021-07-21T00_00_00_English.docx,2021-07-21,2021,FQ2,2024-01-23,-916,non_event,0,0,0,,managerial_qa,31,54,0,0,0,0,final,0,5351,274,19.529197080291972,701,0.1310035507381798,13.051820861643982,616,12.416425608420283,5351,70,25,23,0.013081666978134928,0.004672023920762474,0.004298262007101476,5405,0,0,
SAP,SAP SE_Earnings Call_2021-10-21T00_00_00_English.docx,2021-10-21,2021,FQ3,2024-01-23,-824,non_event,0,0,0,,prepared_management,3,4,0,0,0,0,final,0,3184,178,17.8876404494382,557,0.17493718592964824,14.15254361696121,435,12.619880300378297,3184,91,25,16,0.02858040201005025,0.007851758793969849,0.005025125628140704,3248,0,0,
SAP,SAP SE_Earnings Call_2021-10-21T00_00_00_English.docx,2021-10-21,2021,FQ3,2024-01-23,-824,non_event,0,0,0,,managerial_qa,22,41,0,0,0,0,final,0,5537,302,18.334437086092716,709,0.12804767924869062,12.455682004384713,612,11.75494153120429,5537,81,37,33,0.014628860393715009,0.006682318945277226,0.005959906086328337,5583,0,0,
SAP,SAP SE_Earnings Call_2022-01-27T00_00_00_English.docx,2022-01-27,2021,FQ4,2024-01-23,-726,non_event,0,0,0,,prepared_management,2,3,0,0,0,0,final,0,2923,173,16.895953757225435,538,0.1840574751967157,14.120680510758802,454,12.971176576444742,2923,94,15,14,0.03215874101950051,0.005131713992473486,0.004789599726308587,3002,0,0,
SAP,SAP SE_Earnings Call_2022-01-27T00_00_00_English.docx,2022-01-27,2021,FQ4,2024-01-23,-726,non_event,0,0,0,,managerial_qa,20,36,0,0,0,0,final,0,6225,303,20.544554455445546,839,0.13477911646586346,13.608986440812757,738,12.959990456877016,6225,88,36,46,0.014136546184738957,0.005783132530120482,0.007389558232931727,6358,0,0,
SAP,SAP SE_Earnings Call_2022-04-22T00_00_00_English.docx,2022-04-22,2022,FQ1,2024-01-23,-641,non_event,0,0,0,,prepared_management,4,5,0,0,0,0,final,0,3201,176,18.1875,647,0.2021243361449547,15.359973445798188,504,13.573031865042175,3201,72,19,25,0.022492970946579195,0.005935645110902843,0.007810059356451109,3264,0,0,
SAP,SAP SE_Earnings Call_2022-04-22T00_00_00_English.docx,2022-04-22,2022,FQ1,2024-01-23,-641,non_event,0,0,0,,managerial_qa,25,44,0,0,0,0,final,0,5264,297,17.723905723905723,634,0.12044072948328267,11.907191468893597,546,11.238498459775057,5264,87,48,39,0.016527355623100305,0.00911854103343465,0.007408814589665654,5333,0,0,
SAP,SAP SE_Earnings Call_2022-07-21T00_00_00_English.docx,2022-07-21,2022,FQ2,2024-01-23,-551,non_event,0,0,0,,prepared_management,4,6,0,0,0,0,final,0,3036,160,18.975,653,0.21508563899868247,16.193425559947297,515,14.375243741765482,3036,90,20,15,0.029644268774703556,0.006587615283267457,0.004940711462450593,3105,0,0,
SAP,SAP SE_Earnings Call_2022-07-21T00_00_00_English.docx,2022-07-21,2022,FQ2,2024-01-23,-551,non_event,0,0,0,,managerial_qa,24,40,0,0,0,0,final,0,5305,309,17.168284789644012,651,0.12271442035815269,11.775890730183713,566,11.134985923397663,5305,86,54,27,0.016211121583411876,0.010179076343072573,0.005089538171536286,5365,0,0,
SAP,SAP SE_Earnings Call_2022-10-25T00_00_00_English.docx,2022-10-25,2022,FQ3,2024-01-23,-455,non_event,0,0,0,,prepared_management,4,5,0,0,0,0,final,0,2517,131,19.213740458015266,546,0.2169249106078665,16.362492607520768,417,14.312433012765107,2517,70,23,24,0.027810885975367503,0.009137862534763607,0.009535160905840286,2584,0,0,
SAP,SAP SE_Earnings Call_2022-10-25T00_00_00_English.docx,2022-10-25,2022,FQ3,2024-01-23,-455,non_event,0,0,0,,managerial_qa,25,42,0,0,0,0,final,0,4616,265,17.418867924528303,610,0.13214904679376083,12.253509041561756,530,11.560268140348583,4616,78,42,25,0.016897746967071057,0.009098786828422877,0.005415944540727903,4650,0,0,
SAP,SAP SE_Earnings Call_2023-01-26T00_00_00_English.docx,2023-01-26,2022,FQ4,2024-01-23,-362,non_event,0,0,0,,prepared_management,4,5,0,0,0,0,final,0,3166,162,19.54320987654321,565,0.1784586228679722,14.955628865336173,466,13.704839225411977,3166,103,23,23,0.03253316487681617,0.007264687302590019,0.007264687302590019,3255,0,0,
SAP,SAP SE_Earnings Call_2023-01-26T00_00_00_English.docx,2023-01-26,2022,FQ4,2024-01-23,-362,non_event,0,0,0,,managerial_qa,19,34,0,0,0,0,final,0,4492,236,19.033898305084747,542,0.12065894924309885,12.439917291757855,480,11.887824682675038,4492,78,33,34,0.017364203027604632,0.007346393588601959,0.007569011576135352,4569,0,0,
SAP,SAP SE_Earnings Call_2023-04-21T00_00_00_English.docx,2023-04-21,2023,FQ1,2024-01-23,-277,non_event,0,0,0,,prepared_management,4,5,0,0,0,0,final,0,2598,142,18.295774647887324,522,0.20092378752886836,15.355261360309663,398,13.446100467315052,2598,65,21,15,0.02501924557351809,0.008083140877598153,0.005773672055427252,2649,0,0,
SAP,SAP SE_Earnings Call_2023-04-21T00_00_00_English.docx,2023-04-21,2023,FQ1,2024-01-23,-277,non_event,0,0,0,,managerial_qa,21,45,0,0,0,0,final,0,4339,229,18.94759825327511,534,0.1230698317584697,12.501832571648833,476,11.967147160263721,4339,88,17,25,0.020281170776676655,0.003917953445494353,0.005761696243374049,4358,0,0,
SAP,SAP SE_Earnings Call_2023-07-20T00_00_00_English.docx,2023-07-20,2023,FQ2,2024-01-23,-187,pre_2,0,0,0,,prepared_management,4,5,0,0,0,0,final,0,2622,146,17.958904109589042,513,0.1956521739130435,15.009648600357355,431,13.758695129724254,2622,68,9,20,0.02593440122044241,0.003432494279176201,0.007627765064836003,2672,0,0,
SAP,SAP SE_Earnings Call_2023-07-20T00_00_00_English.docx,2023-07-20,2023,FQ2,2024-01-23,-187,pre_2,0,0,0,,managerial_qa,17,39,0,0,0,0,final,0,2847,151,18.85430463576159,327,0.1148577449947313,12.136031654093888,279,11.461637555042255,2847,48,9,20,0.01685985247629083,0.003161222339304531,0.007024938531787847,2874,0,0,
SAP,SAP SE_Earnings Call_2023-10-18T00_00_00_English.docx,2023-10-18,2023,FQ3,2024-01-23,-97,pre_1,0,0,0,,prepared_management,4,5,0,0,0,0,final,0,2392,137,17.45985401459854,450,0.18812709030100336,14.509025217879552,363,13.054175719551791,2392,69,13,16,0.028846153846153848,0.005434782608695652,0.006688963210702341,2442,0,0,
SAP,SAP SE_Earnings Call_2023-10-18T00_00_00_English.docx,2023-10-18,2023,FQ3,2024-01-23,-97,pre_1,0,0,0,,managerial_qa,25,48,0,0,0,0,final,0,4661,262,17.790076335877863,582,0.12486590860330402,12.110666878483308,496,11.372627831068588,4661,60,42,34,0.012872774082814847,0.009010941857970392,0.0072945719802617465,4724,0,0,
SAP,SAP SE_Earnings Call_2024-01-24T00_00_00_English.docx,2024-01-24,2023,FQ4,2024-01-23,1,post_1,0,0,0,,prepared_management,4,5,0,0,0,0,final,0,3368,187,18.010695187165776,629,0.18675771971496438,14.674586863464885,505,13.201902777954198,3368,107,21,31,0.03176959619952494,0.006235154394299287,0.009204275534441805,3502,0,0,
SAP,SAP SE_Earnings Call_2024-01-24T00_00_00_English.docx,2024-01-24,2023,FQ4,2024-01-23,1,post_1,0,0,0,,managerial_qa,28,48,0,0,0,0,final,0,3841,216,17.78240740740741,519,0.13512106222337933,12.517805451898136,438,11.674275121255075,3841,58,41,20,0.015100234313980734,0.010674303566779484,0.005206977349648529,3925,0,0,
SAP,SAP SE_Earnings Call_2024-04-22T00_00_00_English.docx,2024-04-22,2024,FQ1,2024-01-23,90,post_2,0,0,0,,prepared_management,4,6,0,0,0,0,final,0,2773,146,18.993150684931507,516,0.18608005769924268,15.040462581942311,410,13.511432650460163,2773,81,9,15,0.029210241615578794,0.0032455824017309774,0.005409304002884962,2842,0,0,
SAP,SAP SE_Earnings Call_2024-04-22T00_00_00_English.docx,2024-04-22,2024,FQ1,2024-01-23,90,post_2,0,0,0,,managerial_qa,26,44,0,0,0,0,final,0,5379,277,19.418772563176894,642,0.11935303959843838,12.541630609208292,547,11.835179596008814,5379,69,42,26,0.012827663134411601,0.007808142777467931,0.004833612195575386,5439,0,0,
SAP,SAP SE_Earnings Call_2024-07-22T00_00_00_English.docx,2024-07-22,2024,FQ2,2024-01-23,181,non_event,0,0,0,,prepared_management,4,5,0,0,0,0,final,0,2619,157,16.681528662420384,505,0.1928216876670485,14.385478971650095,408,12.903997490168614,2619,84,15,22,0.032073310423825885,0.0057273768613974796,0.008400152730049638,2694,0,0,
SAP,SAP SE_Earnings Call_2024-07-22T00_00_00_English.docx,2024-07-22,2024,FQ2,2024-01-23,181,non_event,0,0,0,,managerial_qa,21,47,0,0,0,0,final,0,4738,275,17.22909090909091,545,0.11502743773744196,11.492733873134043,469,10.851112936029779,4738,85,35,23,0.01794005909666526,0.007387083157450401,0.0048543689320388345,4831,0,0,
SAP,SAP SE_Earnings Call_2024-10-21T00_00_00_English.docx,2024-10-21,2024,FQ3,2024-01-23,272,non_event,0,0,0,,prepared_management,3,4,0,0,0,0,final,0,2495,149,16.74496644295302,432,0.17314629258517034,13.623838280588025,359,12.4534975992253,2495,76,9,21,0.030460921843687375,0.0036072144288577155,0.008416833667334669,2564,0,0,
SAP,SAP SE_Earnings Call_2024-10-21T00_00_00_English.docx,2024-10-21,2024,FQ3,2024-01-23,272,non_event,0,0,0,,managerial_qa,20,37,0,0,0,0,final,0,5388,305,17.665573770491804,617,0.11451373422420193,11.646778877164799,506,10.822725425048986,5388,82,45,23,0.015219005196733483,0.008351893095768375,0.004268745360059391,5451,0,0,
SAP,SAP SE_Earnings Call_2025-01-28T00_00_00_English.docx,2025-01-28,2024,FQ4,2024-01-23,371,non_event,0,0,0,,prepared_management,4,5,0,0,0,0,final,0,3637,210,17.31904761904762,665,0.18284300247456695,14.241339146601726,522,12.66861437343703,3637,114,13,23,0.03134451470992576,0.0035743744844652188,0.006323893318669233,3755,0,0,
SAP,SAP SE_Earnings Call_2025-01-28T00_00_00_English.docx,2025-01-28,2024,FQ4,2024-01-23,371,non_event,0,0,0,,managerial_qa,17,36,0,0,0,0,final,0,4002,210,19.057142857142857,475,0.11869065467266367,12.37048332976369,399,11.610863139858644,4002,53,27,23,0.013243378310844578,0.006746626686656672,0.005747126436781609,4090,0,0,
Salesforce,"Salesforce, Inc._Earnings Call_2020-05-28T00_00_00_English.docx",2020-05-28,2021,FQ1,2023-01-04,-951,non_event,0,0,0,,prepared_management,3,4,0,0,0,0,final,0,5822,289,20.14532871972318,1057,0.18155273102026795,15.320240728699993,820,13.691934304790681,5822,90,50,64,0.015458605290278255,0.008588114050154586,0.01099278598419787,5910,0,0,
Salesforce,"Salesforce, Inc._Earnings Call_2020-05-28T00_00_00_English.docx",2020-05-28,2021,FQ1,2023-01-04,-951,non_event,0,0,0,,managerial_qa,21,35,0,0,0,0,final,0,3588,199,18.030150753768844,459,0.12792642140468227,12.32911715769483,392,11.582182932499734,3588,75,29,20,0.020903010033444816,0.008082497212931996,0.005574136008918618,3628,0,0,
Salesforce,"Salesforce, Inc._Earnings Call_2020-08-25T00_00_00_English.docx",2020-08-25,2021,FQ2,2023-01-04,-862,non_event,0,0,0,,prepared_management,3,4,0,0,0,0,final,0,2172,110,19.745454545454546,378,0.17403314917127072,14.859507785032648,321,13.80978402812657,2172,63,12,29,0.029005524861878452,0.0055248618784530384,0.013351749539594844,2235,0,0,
Salesforce,"Salesforce, Inc._Earnings Call_2020-08-25T00_00_00_English.docx",2020-08-25,2021,FQ2,2023-01-04,-862,non_event,0,0,0,,managerial_qa,21,39,0,0,0,0,final,0,5692,402,14.159203980099502,723,0.12702037947997188,10.744496771238676,607,9.929317572363061,5692,95,33,25,0.01669009135628953,0.005797610681658468,0.004392129304286718,5751,0,0,
Salesforce,"Salesforce, Inc._Earnings Call_2020-12-01T00_00_00_English.docx",2020-12-01,2021,FQ3,2023-01-04,-764,non_event,0,0,0,,prepared_management,4,5,0,0,0,0,final,0,5136,299,17.17725752508361,773,0.15050623052959503,12.891152231217246,578,11.3724606424322,5136,112,16,48,0.021806853582554516,0.003115264797507788,0.009345794392523364,5271,0,0,
Salesforce,"Salesforce, Inc._Earnings Call_2020-12-01T00_00_00_English.docx",2020-12-01,2021,FQ3,2023-01-04,-764,non_event,0,0,0,,managerial_qa,18,32,0,0,0,0,final,0,4121,233,17.686695278969957,613,0.1487503033244358,13.024690244565415,548,12.393775418066994,4121,87,20,20,0.021111380732831836,0.0048531909730647905,0.0048531909730647905,4166,0,0,
Salesforce,"Salesforce, Inc._Earnings Call_2021-02-25T00_00_00_English.docx",2021-02-25,2021,FQ4,2023-01-04,-678,non_event,0,0,0,,prepared_management,3,4,0,0,0,0,final,0,3787,193,19.621761658031087,665,0.1756007393715342,14.872734238073804,526,13.40455362017045,3787,89,25,38,0.02350145233694217,0.006601531555320834,0.010034327964087668,3896,0,0,
Salesforce,"Salesforce, Inc._Earnings Call_2021-02-25T00_00_00_English.docx",2021-02-25,2021,FQ4,2023-01-04,-678,non_event,0,0,0,,managerial_qa,19,35,0,0,0,0,final,0,3125,178,17.5561797752809,476,0.15232,13.115271910112362,406,12.219271910112361,3125,56,14,13,0.01792,0.00448,0.00416,3141,0,0,
Salesforce,"Salesforce, Inc._Earnings Call_2021-05-27T00_00_00_English.docx",2021-05-27,2022,FQ1,2023-01-04,-587,non_event,0,0,0,,prepared_management,3,4,0,0,0,0,final,0,4653,301,15.458471760797343,738,0.15860735009671179,12.527682708187408,587,11.229595452653346,4653,125,17,39,0.026864388566516226,0.0036535568450462067,0.008381689232753063,4792,0,0,
Salesforce,"Salesforce, Inc._Earnings Call_2021-05-27T00_00_00_English.docx",2021-05-27,2022,FQ1,2023-01-04,-587,non_event,0,0,0,,managerial_qa,19,31,0,0,0,0,final,0,3784,226,16.743362831858406,480,0.12684989429175475,11.771340904413552,424,11.17937473105203,3784,79,23,11,0.02087737843551797,0.006078224101479916,0.0029069767441860465,3837,0,0,
Salesforce,"Salesforce, Inc._Earnings Call_2021-08-25T00_00_00_English.docx",2021-08-25,2022,FQ2,2023-01-04,-497,non_event,0,0,0,,prepared_management,11,14,0,0,0,0,final,0,4917,299,16.444816053511705,847,0.17225950782997762,13.46830673460379,665,11.98772914664365,4917,132,17,40,0.026845637583892617,0.0034573927191376857,0.008135041692088672,5102,0,0,
Salesforce,"Salesforce, Inc._Earnings Call_2021-08-25T00_00_00_English.docx",2021-08-25,2022,FQ2,2023-01-04,-497,non_event,0,0,0,,managerial_qa,20,31,0,0,0,0,final,0,3455,232,14.892241379310345,471,0.13632416787264834,11.409863266630072,396,10.541556464893459,3455,66,17,19,0.019102749638205498,0.004920405209840811,0.005499276410998553,3498,0,0,
Salesforce,"Salesforce, Inc._Earnings Call_2021-11-30T00_00_00_English.docx",2021-11-30,2022,FQ3,2023-01-04,-400,non_event,0,0,0,,prepared_management,39,40,0,0,0,0,final,0,4939,339,14.569321533923304,796,0.16116622798137276,12.274377732824233,602,10.703209480141503,4939,126,17,37,0.025511237092528852,0.003441992306134845,0.007491395019234663,5147,0,0,
Salesforce,"Salesforce, Inc._Earnings Call_2021-11-30T00_00_00_English.docx",2021-11-30,2022,FQ3,2023-01-04,-400,non_event,0,0,0,,managerial_qa,26,40,0,0,0,0,final,0,3713,220,16.87727272727273,471,0.12685160247778077,11.824973190020323,404,11.103184878681782,3713,109,24,25,0.029356315647724212,0.006463775922434689,0.006733099919202801,3794,0,0,
Salesforce,"Salesforce, Inc._Earnings Call_2022-03-01T00_00_00_English.docx",2022-03-01,2022,FQ4,2023-01-04,-309,non_event,0,0,0,,prepared_management,11,12,0,0,0,0,final,0,5619,329,17.0790273556231,897,0.1596369460758142,13.21708878528181,721,11.964196811621015,5619,110,32,54,0.019576437088449902,0.005694963516639971,0.009610250934329953,5808,0,0,
Salesforce,"Salesforce, Inc._Earnings Call_2022-03-01T00_00_00_English.docx",2022-03-01,2022,FQ4,2023-01-04,-309,non_event,0,0,0,,managerial_qa,31,40,0,0,0,0,final,0,3301,192,17.192708333333332,426,0.12905180248409573,12.039155432697164,360,11.23939778349995,3301,45,22,10,0.013632232656770675,0.006664647076643442,0.003029385034837928,3357,0,0,
Salesforce,"Salesforce, Inc._Earnings Call_2022-05-31T00_00_00_English.docx",2022-05-31,2023,FQ1,2023-01-04,-218,non_event,0,0,0,,prepared_management,5,5,0,0,0,0,final,0,4117,218,18.88532110091743,766,0.18605780908428468,14.99644080373836,613,13.509921493561047,4117,111,22,47,0.026961379645372846,0.005343696866650474,0.011416079669662375,4252,0,0,
Salesforce,"Salesforce, Inc._Earnings Call_2022-05-31T00_00_00_English.docx",2022-05-31,2023,FQ1,2023-01-04,-218,non_event,0,0,0,,managerial_qa,27,49,0,0,0,0,final,0,3751,218,17.206422018348626,561,0.1495601173020528,12.864973499421565,467,11.862574139250942,3751,92,24,8,0.024526792855238604,0.006398293788323114,0.0021327645961077045,3787,0,0,
Salesforce,"Salesforce, Inc._Earnings Call_2022-08-24T00_00_00_English.docx",2022-08-24,2023,FQ2,2023-01-04,-133,pre_2,0,0,0,,prepared_management,5,6,0,0,0,0,final,0,3339,190,17.573684210526316,639,0.19137466307277629,14.684460207121578,499,13.00731136016141,3339,71,14,24,0.021263851452530697,0.0041928721174004195,0.0071877807726864335,3493,0,0,
Salesforce,"Salesforce, Inc._Earnings Call_2022-08-24T00_00_00_English.docx",2022-08-24,2023,FQ2,2023-01-04,-133,pre_2,0,0,0,,managerial_qa,34,51,0,0,0,0,final,0,4688,260,18.03076923076923,649,0.13843856655290102,12.749850354423735,561,11.998997112102915,4688,87,24,19,0.018558020477815698,0.005119453924914676,0.0040529010238907846,4743,0,0,
Salesforce,"Salesforce, Inc._Earnings Call_2022-11-30T00_00_00_English.docx",2022-11-30,2023,FQ3,2023-01-04,-35,pre_1,0,0,0,,prepared_management,4,5,0,0,0,0,final,0,4871,268,18.175373134328357,858,0.17614452884417983,14.315930407498536,721,13.190904745416828,4871,126,41,36,0.025867378361732703,0.008417162800246356,0.00739067953192363,5035,0,0,
Salesforce,"Salesforce, Inc._Earnings Call_2022-11-30T00_00_00_English.docx",2022-11-30,2023,FQ3,2023-01-04,-35,pre_1,0,0,0,,managerial_qa,26,40,0,0,0,0,final,0,3817,210,18.176190476190477,442,0.11579774692166624,11.90238606734284,385,11.305058323041033,3817,82,30,19,0.02148283992664396,0.007859575582918523,0.004977731202515065,3854,0,0,
Salesforce,"Salesforce, Inc._Earnings Call_2023-03-01T00_00_00_English.docx",2023-03-01,2023,FQ4,2023-01-04,56,post_1,0,0,0,,prepared_management,4,5,0,0,0,0,final,0,4231,223,18.973094170403588,831,0.19640746868352635,15.445536415502488,664,13.866713442210125,4231,142,30,18,0.03356180571968802,0.007090522335145356,0.004254313401087214,4382,0,0,
Salesforce,"Salesforce, Inc._Earnings Call_2023-03-01T00_00_00_English.docx",2023-03-01,2023,FQ4,2023-01-04,56,post_1,0,0,0,,managerial_qa,12,29,0,0,0,0,final,0,3894,246,15.829268292682928,468,0.12018489984591679,11.139103310909844,391,10.348142858932443,3894,98,28,19,0.025166923472008218,0.007190549563430919,0.004879301489470981,4000,0,0,
Salesforce,"Salesforce, Inc._Earnings Call_2023-05-31T00_00_00_English.docx",2023-05-31,2024,FQ1,2023-01-04,147,post_2,0,0,0,,prepared_management,5,6,0,0,0,0,final,0,3702,201,18.417910447761194,718,0.19394921663965425,15.125132844690649,569,13.515192272027225,3702,98,31,29,0.026472177201512695,0.008373851971907077,0.007833603457590491,3799,0,0,
Salesforce,"Salesforce, Inc._Earnings Call_2023-05-31T00_00_00_English.docx",2023-05-31,2024,FQ1,2023-01-04,147,post_2,0,0,0,,managerial_qa,27,46,0,0,0,0,final,0,5332,288,18.51388888888889,682,0.12790697674418605,12.521834625322999,561,11.614107693590064,5332,81,27,17,0.015191297824456114,0.005063765941485371,0.003188297074268567,5399,0,0,
Salesforce,"Salesforce, Inc._Earnings Call_2023-08-30T00_00_00_English.docx",2023-08-30,2024,FQ2,2023-01-04,238,non_event,0,0,0,,prepared_management,13,14,0,0,0,0,final,0,5973,331,18.045317220543808,972,0.16273229532898043,13.727418701376742,742,12.187154177686802,5973,145,20,27,0.024275908253808806,0.003348401138456387,0.0045203415369161224,6121,0,0,
Salesforce,"Salesforce, Inc._Earnings Call_2023-08-30T00_00_00_English.docx",2023-08-30,2024,FQ2,2023-01-04,238,non_event,0,0,0,,managerial_qa,22,37,0,0,0,0,final,0,3607,176,20.494318181818183,486,0.13473800942611588,13.587247649771909,399,12.622456964992315,3607,84,14,11,0.023288051011921263,0.0038813418353202105,0.003049625727751594,3646,0,0,
Salesforce,"Salesforce, Inc._Earnings Call_2023-11-29T00_00_00_English.docx",2023-11-29,2024,FQ3,2023-01-04,329,non_event,0,0,0,,prepared_management,5,6,0,0,0,0,final,0,4749,304,15.62171052631579,733,0.1543482838492314,12.422615564495572,582,11.15076885992619,4749,133,15,35,0.028005895978100652,0.003158559696778269,0.007369972625815961,4925,0,0,
Salesforce,"Salesforce, Inc._Earnings Call_2023-11-29T00_00_00_English.docx",2023-11-29,2024,FQ3,2023-01-04,329,non_event,0,0,0,,managerial_qa,17,32,0,0,0,0,final,0,4130,248,16.653225806451612,561,0.13583535108958839,12.09470436616418,464,11.155237053815512,4130,86,17,20,0.020823244552058112,0.004116222760290557,0.004842615012106538,4175,0,0,
Salesforce,"Salesforce, Inc._Earnings Call_2024-02-28T00_00_00_English.docx",2024-02-28,2024,FQ4,2023-01-04,420,non_event,0,0,0,,prepared_management,5,6,0,0,0,0,final,0,7500,440,17.045454545454547,1174,0.15653333333333333,13.079515151515153,986,12.076848484848487,7500,154,34,42,0.020533333333333334,0.004533333333333334,0.0056,7745,0,0,
Salesforce,"Salesforce, Inc._Earnings Call_2024-02-28T00_00_00_English.docx",2024-02-28,2024,FQ4,2023-01-04,420,non_event,0,0,0,,managerial_qa,19,34,0,0,0,0,final,0,3840,250,15.36,426,0.1109375,10.5815,357,9.86275,3840,86,12,12,0.022395833333333334,0.003125,0.003125,3905,0,0,
Shopify,Shopify Inc._Earnings Call_2021-04-28T00_00_00_English.docx,2021-04-28,2021,FQ1,2023-05-04,-736,non_event,0,0,0,,prepared_management,4,5,0,0,0,0,final,0,3915,177,22.11864406779661,715,0.1826309067688378,16.152693897872155,557,14.538389938740611,3915,92,13,20,0.023499361430395913,0.0033205619412515963,0.005108556832694764,4000,0,0,
Shopify,Shopify Inc._Earnings Call_2021-04-28T00_00_00_English.docx,2021-04-28,2021,FQ1,2023-05-04,-736,non_event,0,0,0,,managerial_qa,16,44,0,0,0,0,final,0,3445,182,18.928571428571427,466,0.13526850507982582,12.982168774621606,367,11.832676757205059,3445,58,18,23,0.01683599419448476,0.0052249637155297535,0.006676342525399129,3492,0,0,
Shopify,Shopify Inc._Earnings Call_2021-07-28T00_00_00_English.docx,2021-07-28,2021,FQ2,2023-05-04,-645,non_event,0,0,0,,prepared_management,4,5,0,0,0,0,final,0,3307,139,23.79136690647482,607,0.1835500453583308,16.858548576923162,473,15.237744222523403,3307,66,9,20,0.01995766555790747,0.002721499848805564,0.0060477774417901425,3377,0,0,
Shopify,Shopify Inc._Earnings Call_2021-07-28T00_00_00_English.docx,2021-07-28,2021,FQ2,2023-05-04,-645,non_event,0,0,0,,managerial_qa,19,50,0,0,0,0,final,0,3995,215,18.58139534883721,536,0.1341677096370463,12.799266525016737,428,11.717914835404722,3995,74,17,15,0.018523153942428035,0.00425531914893617,0.0037546933667083854,4051,0,0,
Shopify,Shopify Inc._Earnings Call_2021-10-28T00_00_00_English.docx,2021-10-28,2021,FQ3,2023-05-04,-553,non_event,0,0,0,,prepared_management,4,5,0,0,0,0,final,0,3978,166,23.96385542168675,745,0.1872800402212167,17.07674377752337,567,15.286899634738047,3978,74,15,24,0.01860231271995978,0.003770739064856712,0.006033182503770739,4050,0,0,
Shopify,Shopify Inc._Earnings Call_2021-10-28T00_00_00_English.docx,2021-10-28,2021,FQ3,2023-05-04,-553,non_event,0,0,0,,managerial_qa,17,41,0,0,0,0,final,0,3687,191,19.30366492146597,487,0.13208570653647952,13.004894230045569,358,11.605382431835643,3687,61,10,13,0.01654461621914836,0.0027122321670735015,0.003525901817195552,3713,0,0,
Shopify,Shopify Inc._Earnings Call_2022-02-16T00_00_00_English.docx,2022-02-16,2021,FQ4,2023-05-04,-442,non_event,0,0,0,,prepared_management,3,4,0,0,0,0,final,0,5313,217,24.483870967741936,966,0.18181818181818182,17.06627565982405,768,15.575592430010383,5313,137,18,34,0.025785808394504048,0.0033879164313946925,0.00639939770374553,5474,0,0,
Shopify,Shopify Inc._Earnings Call_2022-02-16T00_00_00_English.docx,2022-02-16,2021,FQ4,2023-05-04,-442,non_event,0,0,0,,managerial_qa,11,28,0,0,0,0,final,0,2067,97,21.309278350515463,276,0.13352685050798258,13.864785360525488,229,12.955254639674013,2067,47,10,2,0.022738268021286888,0.004837929366231253,0.0009675858732462506,2099,0,0,
Shopify,Shopify Inc._Earnings Call_2022-05-05T00_00_00_English.docx,2022-05-05,2022,FQ1,2023-05-04,-364,non_event,0,0,0,,prepared_management,4,4,0,0,0,0,final,0,4110,153,26.862745098039216,729,0.17737226277372262,17.83998855016459,560,16.195219693716904,4110,70,21,23,0.0170316301703163,0.0051094890510948905,0.00559610705596107,4187,0,0,
Shopify,Shopify Inc._Earnings Call_2022-05-05T00_00_00_English.docx,2022-05-05,2022,FQ1,2023-05-04,-364,non_event,0,0,0,,managerial_qa,31,46,0,0,0,0,final,0,4069,228,17.846491228070175,530,0.13025313344802164,12.348721829148936,421,11.277205486067098,4069,59,31,23,0.014499877119685426,0.007618579503563529,0.005652494470385844,4132,0,0,
Shopify,Shopify Inc._Earnings Call_2022-07-27T00_00_00_English.docx,2022-07-27,2022,FQ2,2023-05-04,-281,non_event,0,0,0,,prepared_management,3,3,0,0,0,0,final,0,4896,206,23.766990291262136,958,0.19566993464052287,17.33359350212577,770,15.797645789707468,4896,102,42,36,0.020833333333333332,0.00857843137254902,0.007352941176470588,4978,0,0,
Shopify,Shopify Inc._Earnings Call_2022-07-27T00_00_00_English.docx,2022-07-27,2022,FQ2,2023-05-04,-281,non_event,0,0,0,,managerial_qa,26,37,0,0,0,0,final,0,2731,165,16.55151515151515,356,0.13035518125228854,11.834813310697603,299,10.9999542846998,2731,41,27,16,0.015012815818381545,0.009886488465763456,0.005858659831563529,2773,0,0,
Shopify,Shopify Inc._Earnings Call_2022-10-27T00_00_00_English.docx,2022-10-27,2022,FQ3,2023-05-04,-189,pre_2,0,0,0,,prepared_management,4,4,0,0,0,0,final,0,5254,239,21.98326359832636,1067,0.20308336505519603,16.916640041538386,831,15.11991373776983,5254,105,38,34,0.019984773505900267,0.00723258469737343,0.006471259992386753,5370,0,0,
Shopify,Shopify Inc._Earnings Call_2022-10-27T00_00_00_English.docx,2022-10-27,2022,FQ3,2023-05-04,-189,pre_2,0,0,0,,managerial_qa,23,33,0,0,0,0,final,0,3427,184,18.625,466,0.13597899037058653,12.889159614823463,371,11.78031806244529,3427,63,27,19,0.018383425736796032,0.007878611030055441,0.005544207761890867,3469,0,0,
Shopify,Shopify Inc._Earnings Call_2023-02-15T00_00_00_English.docx,2023-02-15,2022,FQ4,2023-05-04,-78,pre_1,0,0,0,,prepared_management,3,3,0,0,0,0,final,0,4964,224,22.160714285714285,944,0.19016921837228043,16.471054449176933,745,14.867508921376771,4964,121,24,28,0.024375503626107978,0.004834810636583401,0.0056406124093473006,5102,0,0,
Shopify,Shopify Inc._Earnings Call_2023-02-15T00_00_00_English.docx,2023-02-15,2022,FQ4,2023-05-04,-78,pre_1,0,0,0,,managerial_qa,23,33,0,0,0,0,final,0,3179,172,18.482558139534884,367,0.1154451085246933,12.010827596801686,300,11.167795196675861,3179,74,25,20,0.023277760301981754,0.007864108210128971,0.0062912865681031774,3235,0,0,
Shopify,Shopify Inc._Earnings Call_2023-05-04T00_00_00_English.docx,2023-05-04,2023,FQ1,2023-05-04,0,same_day,1,0,0,,prepared_management,3,3,0,0,0,0,final,0,4421,197,22.441624365482234,850,0.19226419362135264,16.667217491047,675,15.083865308282919,4421,111,20,34,0.025107441755258992,0.004523863379325944,0.007690567744854105,4489,0,0,
Shopify,Shopify Inc._Earnings Call_2023-05-04T00_00_00_English.docx,2023-05-04,2023,FQ1,2023-05-04,0,same_day,1,0,0,,managerial_qa,29,41,0,0,0,0,final,0,3793,211,17.976303317535546,441,0.11626680727656209,11.841193618076701,339,10.765527918103068,3793,80,27,9,0.021091484313208543,0.007118375955707883,0.002372791985235961,3830,0,0,
Shopify,Shopify Inc._Earnings Call_2023-08-02T00_00_00_English.docx,2023-08-02,2023,FQ2,2023-05-04,90,post_1,0,0,0,,prepared_management,3,3,0,0,0,0,final,0,5350,226,23.672566371681416,1002,0.18728971962616822,16.960615333719296,713,14.799867670167894,5350,145,17,31,0.027102803738317756,0.003177570093457944,0.005794392523364486,5465,0,0,
Shopify,Shopify Inc._Earnings Call_2023-08-02T00_00_00_English.docx,2023-08-02,2023,FQ2,2023-05-04,90,post_1,0,0,0,,managerial_qa,27,40,0,0,0,0,final,0,2913,160,18.20625,360,0.12358393408856849,12.22585736354274,250,10.715387058015793,2913,65,22,4,0.022313765877102643,0.007552351527634741,0.0013731548232063166,2948,0,0,
Shopify,Shopify Inc._Earnings Call_2023-11-02T00_00_00_English.docx,2023-11-02,2023,FQ3,2023-05-04,182,post_2,0,0,0,,prepared_management,4,4,0,0,0,0,final,0,5159,219,23.557077625570777,937,0.18162434580345027,16.687804882366322,752,15.253418373352947,5159,125,16,22,0.02422950184144214,0.0031013762357045937,0.0042643923240938165,5245,0,0,
Shopify,Shopify Inc._Earnings Call_2023-11-02T00_00_00_English.docx,2023-11-02,2023,FQ3,2023-05-04,182,post_2,0,0,0,,managerial_qa,27,39,0,0,0,0,final,0,3891,237,16.417721518987342,496,0.12747365715754305,11.66603489389666,365,10.31933738682907,3891,66,35,8,0.016962220508866616,0.008995116936520175,0.0020560267283474686,3935,0,0,
Shopify,Shopify Inc._Earnings Call_2024-02-13T00_00_00_English.docx,2024-02-13,2023,FQ4,2023-05-04,285,non_event,0,0,0,,prepared_management,3,3,0,0,0,0,final,0,6129,264,23.21590909090909,1093,0.178332517539566,16.419664337946276,872,14.977340957296907,6129,151,21,27,0.02463697177353565,0.0034263338228095936,0.004405286343612335,6281,0,0,
Shopify,Shopify Inc._Earnings Call_2024-02-13T00_00_00_English.docx,2024-02-13,2023,FQ4,2023-05-04,285,non_event,0,0,0,,managerial_qa,24,34,0,0,0,0,final,0,3717,203,18.310344827586206,408,0.10976594027441484,11.714775542011077,302,10.574070672492647,3717,75,23,9,0.020177562550443905,0.006187785848802798,0.002421307506053269,3761,0,0,
Shopify,Shopify Inc._Earnings Call_2024-05-08T00_00_00_English.docx,2024-05-08,2024,FQ1,2023-05-04,370,non_event,0,0,0,,prepared_management,3,3,0,0,0,0,final,0,5540,258,21.472868217054263,1008,0.18194945848375452,15.867125626171884,791,14.300338622561776,5540,138,17,34,0.024909747292418773,0.0030685920577617327,0.006137184115523465,5663,0,0,
Shopify,Shopify Inc._Earnings Call_2024-05-08T00_00_00_English.docx,2024-05-08,2024,FQ1,2023-05-04,370,non_event,0,0,0,,managerial_qa,22,32,0,0,0,0,final,0,3567,224,15.924107142857142,391,0.10961592374544435,10.754279806960632,307,9.812311766590573,3567,83,19,11,0.023268853378188955,0.005326604990187833,0.0030838239416876925,3621,0,0,
Shopify,Shopify Inc._Earnings Call_2024-08-07T00_00_00_English.docx,2024-08-07,2024,FQ2,2023-05-04,461,non_event,0,0,0,,prepared_management,3,3,0,0,0,0,final,0,4977,234,21.26923076923077,883,0.17741611412497488,15.604336872691304,700,14.13357135129287,4977,128,26,11,0.02571830419931686,0.005224030540486237,0.0022101667671287923,5070,0,0,
Shopify,Shopify Inc._Earnings Call_2024-08-07T00_00_00_English.docx,2024-08-07,2024,FQ2,2023-05-04,461,non_event,0,0,0,,managerial_qa,30,43,0,0,0,0,final,0,3893,205,18.990243902439026,427,0.10968404829180581,11.983459492647844,306,10.740202364469061,3893,48,20,13,0.012329822758797843,0.005137426149499101,0.0033393269971744156,3931,0,0,
Shopify,Shopify Inc._Earnings Call_2024-11-12T00_00_00_English.docx,2024-11-12,2024,FQ3,2023-05-04,558,non_event,0,0,0,,prepared_management,3,3,0,0,0,0,final,0,4544,233,19.50214592274678,806,0.17737676056338028,14.895928791633924,635,13.39064710149308,4544,101,16,20,0.02222711267605634,0.0035211267605633804,0.0044014084507042256,4628,0,0,
Shopify,Shopify Inc._Earnings Call_2024-11-12T00_00_00_English.docx,2024-11-12,2024,FQ3,2023-05-04,558,non_event,0,0,0,,managerial_qa,31,44,0,0,0,0,final,0,4821,241,20.00414937759336,585,0.12134411947728686,12.855424530128818,458,11.801701236206398,4821,85,41,15,0.01763119684712715,0.008504459655673096,0.0031113876789047915,4873,0,0,
Shopify,Shopify Inc._Earnings Call_2025-02-11T00_00_00_English.docx,2025-02-11,2024,FQ4,2023-05-04,649,non_event,0,0,0,,prepared_management,3,3,0,0,0,0,final,0,5436,275,19.767272727272726,916,0.16850625459896984,14.647159274867887,713,13.153413873837714,5436,144,12,32,0.026490066225165563,0.002207505518763797,0.005886681383370125,5591,0,0,
Shopify,Shopify Inc._Earnings Call_2025-02-11T00_00_00_English.docx,2025-02-11,2024,FQ4,2023-05-04,649,non_event,0,0,0,,managerial_qa,23,33,0,0,0,0,final,0,3794,199,19.065326633165828,474,0.12493410648392199,12.623494912623212,388,11.716800131389684,3794,67,21,12,0.017659462308908802,0.005535055350553505,0.0031628887717448603,3846,0,0,
Snap,Snap Inc._Earnings Call_2021-04-22T00_00_00_English.docx,2021-04-22,2021,FQ1,2022-08-31,-496,non_event,0,0,0,,prepared_management,3,4,0,0,0,0,final,0,4888,183,26.7103825136612,997,0.20396890343698854,18.842909142944023,786,17.116231565202618,4888,155,18,36,0.031710310965630116,0.0036824877250409165,0.007364975450081833,4998,0,0,
Snap,Snap Inc._Earnings Call_2021-04-22T00_00_00_English.docx,2021-04-22,2021,FQ1,2022-08-31,-496,non_event,0,0,0,,managerial_qa,14,31,0,0,0,0,final,0,3920,191,20.523560209424083,609,0.15535714285714286,14.423709798055349,503,13.342077144994125,3920,113,16,14,0.028826530612244897,0.004081632653061225,0.0035714285714285713,3952,0,0,
Snap,Snap Inc._Earnings Call_2021-07-22T00_00_00_English.docx,2021-07-22,2021,FQ2,2022-08-31,-405,non_event,0,0,0,,prepared_management,4,5,0,0,0,0,final,0,5524,197,28.04060913705584,1085,0.19641564083997104,19.072869288421177,847,17.349480439760786,5524,136,19,46,0.024619840695148443,0.0034395365677045617,0.00832729905865315,5619,0,0,
Snap,Snap Inc._Earnings Call_2021-07-22T00_00_00_English.docx,2021-07-22,2021,FQ2,2022-08-31,-405,non_event,0,0,0,,managerial_qa,10,25,0,0,0,0,final,0,3577,173,20.67630057803468,550,0.15376013419066256,14.420925598840377,448,13.280304967026007,3577,97,29,20,0.027117696393625945,0.008107352530053118,0.005591277606933185,3597,0,0,
Snap,Snap Inc._Earnings Call_2021-10-21T00_00_00_English.docx,2021-10-21,2021,FQ3,2022-08-31,-314,non_event,0,0,0,,prepared_management,3,4,0,0,0,0,final,0,5408,198,27.31313131313131,1120,0.20710059171597633,19.20927619389158,897,17.55986790986791,5408,108,48,30,0.019970414201183433,0.008875739644970414,0.005547337278106509,5510,0,0,
Snap,Snap Inc._Earnings Call_2021-10-21T00_00_00_English.docx,2021-10-21,2021,FQ3,2022-08-31,-314,non_event,0,0,0,,managerial_qa,10,24,0,0,0,0,final,0,3600,175,20.571428571428573,570,0.15833333333333333,14.561904761904763,478,13.53968253968254,3600,77,49,16,0.021388888888888888,0.01361111111111111,0.0044444444444444444,3618,0,0,
Snap,Snap Inc._Earnings Call_2022-02-03T00_00_00_English.docx,2022-02-03,2021,FQ4,2022-08-31,-209,non_event,0,0,0,,prepared_management,3,4,0,0,0,0,final,0,5393,223,24.183856502242154,1116,0.206934915631374,17.95093922615182,867,16.104100731807304,5393,153,30,22,0.02837010940107547,0.005562766549230484,0.004079362136102355,5544,0,0,
Snap,Snap Inc._Earnings Call_2022-02-03T00_00_00_English.docx,2022-02-03,2021,FQ4,2022-08-31,-209,non_event,0,0,0,,managerial_qa,10,27,0,0,0,0,final,0,3970,167,23.772455089820358,660,0.16624685138539042,16.15885609134376,529,14.838956847011268,3970,74,37,24,0.018639798488664986,0.009319899244332493,0.006045340050377834,4003,0,0,
Snap,Snap Inc._Earnings Call_2022-04-21T00_00_00_English.docx,2022-04-21,2022,FQ1,2022-08-31,-132,pre_2,0,0,0,,prepared_management,3,4,0,0,0,0,final,0,5126,201,25.502487562189053,1139,0.222200546234881,19.089016874270865,875,17.02893103736099,5126,129,52,41,0.02516582130316036,0.010144362075692548,0.007998439328911432,5259,0,0,
Snap,Snap Inc._Earnings Call_2022-04-21T00_00_00_English.docx,2022-04-21,2022,FQ1,2022-08-31,-132,pre_2,0,0,0,,managerial_qa,12,31,0,0,0,0,final,0,3274,161,20.335403726708076,496,0.15149664019547954,14.194027098502412,411,13.155542064904367,3274,66,36,22,0.020158827122785584,0.010995723885155772,0.006719609040928528,3298,0,0,
Snap,Snap Inc._Earnings Call_2022-07-21T00_00_00_English.docx,2022-07-21,2022,FQ2,2022-08-31,-41,pre_1,0,0,0,,prepared_management,1,2,0,0,0,0,final,0,269,14,19.214285714285715,46,0.17100371747211895,14.525862984599044,30,12.146680828465216,269,1,0,7,0.0037174721189591076,0.0,0.026022304832713755,269,0,0,
Snap,Snap Inc._Earnings Call_2022-07-21T00_00_00_English.docx,2022-07-21,2022,FQ2,2022-08-31,-41,pre_1,0,0,0,,managerial_qa,11,32,0,0,0,0,final,0,4395,191,23.01047120418848,689,0.15676905574516495,15.47495071148199,596,14.628534329229431,4395,81,39,23,0.018430034129692834,0.008873720136518772,0.005233219567690558,4420,0,0,
Snap,Snap Inc._Earnings Call_2022-10-20T00_00_00_English.docx,2022-10-20,2022,FQ3,2022-08-31,50,post_1,0,0,0,,prepared_management,3,4,0,0,0,0,final,0,1085,48,22.604166666666668,251,0.2313364055299539,18.295122887864824,192,16.12000768049155,1085,42,6,11,0.03870967741935484,0.005529953917050691,0.010138248847926268,1094,0,0,
Snap,Snap Inc._Earnings Call_2022-10-20T00_00_00_English.docx,2022-10-20,2022,FQ3,2022-08-31,50,post_1,0,0,0,,managerial_qa,11,28,0,0,0,0,final,0,3221,144,22.368055555555557,501,0.1555417572182552,15.16889251095243,432,14.312015764600368,3221,82,28,12,0.02545793231915554,0.008692952499223843,0.003725551071095933,3242,0,0,
Snap,Snap Inc._Earnings Call_2023-01-31T00_00_00_English.docx,2023-01-31,2022,FQ4,2022-08-31,153,post_2,0,0,0,,prepared_management,3,4,0,0,0,0,final,0,773,34,22.735294117647058,179,0.2315653298835705,18.356730842401642,126,15.614169393501255,773,27,5,9,0.03492884864165589,0.00646830530401035,0.01164294954721863,789,0,0,
Snap,Snap Inc._Earnings Call_2023-01-31T00_00_00_English.docx,2023-01-31,2022,FQ4,2022-08-31,153,post_2,0,0,0,,managerial_qa,9,28,0,0,0,0,final,0,3358,157,21.388535031847134,483,0.14383561643835616,14.308838670273099,398,13.29633122536542,3358,80,19,11,0.023823704586063133,0.005658129839189994,0.003275759380583681,3384,0,0,
Snap,Snap Inc._Earnings Call_2023-04-27T00_00_00_English.docx,2023-04-27,2023,FQ1,2022-08-31,239,non_event,0,0,0,,prepared_management,2,3,0,0,0,0,final,0,1005,40,25.125,202,0.2009950248756219,18.089800995024877,158,16.338557213930347,1005,41,5,13,0.04079601990049751,0.004975124378109453,0.012935323383084577,1011,0,0,
Snap,Snap Inc._Earnings Call_2023-04-27T00_00_00_English.docx,2023-04-27,2023,FQ1,2022-08-31,239,non_event,0,0,0,,managerial_qa,10,25,0,0,0,0,final,0,3002,133,22.571428571428573,455,0.15156562291805464,15.091196345293618,382,14.11851146854478,3002,68,27,13,0.022651565622918056,0.00899400399733511,0.0043304463690872754,3032,0,0,
Snap,Snap Inc._Earnings Call_2023-07-25T00_00_00_English.docx,2023-07-25,2023,FQ2,2022-08-31,328,non_event,0,0,0,,prepared_management,2,3,0,0,0,0,final,0,855,33,25.90909090909091,183,0.21403508771929824,18.925039872408295,148,17.287612971823503,855,30,3,9,0.03508771929824561,0.0035087719298245615,0.010526315789473684,863,0,0,
Snap,Snap Inc._Earnings Call_2023-07-25T00_00_00_English.docx,2023-07-25,2023,FQ2,2022-08-31,328,non_event,0,0,0,,managerial_qa,10,25,0,0,0,0,final,0,4068,178,22.853932584269664,613,0.15068829891838742,15.169104990443362,541,14.461140388673451,4068,99,29,13,0.024336283185840708,0.0071288102261553585,0.0031956735496558504,4095,0,0,
Snap,Snap Inc._Earnings Call_2023-10-24T00_00_00_English.docx,2023-10-24,2023,FQ3,2022-08-31,419,non_event,0,0,0,,prepared_management,2,3,0,0,0,0,final,0,706,31,22.774193548387096,133,0.18838526912181303,16.645088184227358,101,14.83205702275427,706,20,0,10,0.028328611898016998,0.0,0.014164305949008499,716,0,0,
Snap,Snap Inc._Earnings Call_2023-10-24T00_00_00_English.docx,2023-10-24,2023,FQ3,2022-08-31,419,non_event,0,0,0,,managerial_qa,10,27,0,0,0,0,final,0,3128,152,20.57894736842105,388,0.12404092071611253,13.19321577601292,337,12.541041862969443,3128,83,12,10,0.026534526854219948,0.0038363171355498722,0.00319693094629156,3169,0,0,
Snap,Snap Inc._Earnings Call_2024-02-06T00_00_00_English.docx,2024-02-06,2023,FQ4,2022-08-31,524,non_event,0,0,0,,prepared_management,2,3,0,0,0,0,final,0,709,31,22.870967741935484,139,0.19605077574047955,16.990418126393376,106,15.128640975476593,709,18,4,10,0.02538787023977433,0.005641748942172073,0.014104372355430184,723,0,0,
Snap,Snap Inc._Earnings Call_2024-02-06T00_00_00_English.docx,2024-02-06,2023,FQ4,2022-08-31,524,non_event,0,0,0,,managerial_qa,10,29,0,0,0,0,final,0,2703,133,20.32330827067669,367,0.1357750647428783,13.560325897985809,310,12.716818683779373,2703,58,33,4,0.02145763965963744,0.01220865704772475,0.0014798372179060304,2741,0,0,
Snap,Snap Inc._Earnings Call_2024-04-25T00_00_00_English.docx,2024-04-25,2024,FQ1,2022-08-31,603,non_event,0,0,0,,prepared_management,4,5,0,0,0,0,final,0,2647,112,23.633928571428573,558,0.21080468454854553,17.88575881051325,456,16.3443912245669,2647,72,19,21,0.02720060445787684,0.007177937287495277,0.007933509633547412,2755,0,0,
Snap,Snap Inc._Earnings Call_2024-04-25T00_00_00_English.docx,2024-04-25,2024,FQ1,2022-08-31,603,non_event,0,0,0,,managerial_qa,11,31,0,0,0,0,final,0,2925,139,21.0431654676259,406,0.13880341880341882,13.969402939187114,354,13.258291828076,2925,76,10,9,0.025982905982905983,0.003418803418803419,0.003076923076923077,2950,0,0,
Snap,Snap Inc._Earnings Call_2024-08-01T00_00_00_English.docx,2024-08-01,2024,FQ2,2022-08-31,701,non_event,0,0,0,,prepared_management,3,4,0,0,0,0,final,0,3532,142,24.87323943661972,784,0.22197055492638731,18.82811797170338,600,16.744312762190358,3532,106,23,21,0.03001132502831257,0.0065118912797281995,0.00594563986409966,3660,0,0,
Snap,Snap Inc._Earnings Call_2024-08-01T00_00_00_English.docx,2024-08-01,2024,FQ2,2022-08-31,701,non_event,0,0,0,,managerial_qa,9,26,0,0,0,0,final,0,3601,149,24.16778523489933,498,0.13829491807831157,15.198910817092196,436,14.510213233087752,3601,75,16,24,0.020827547903360177,0.004443210219383505,0.006664815329075257,3639,0,0,
Snap,Snap Inc._Earnings Call_2024-10-29T00_00_00_English.docx,2024-10-29,2024,FQ3,2022-08-31,790,non_event,0,0,0,,prepared_management,3,4,0,0,0,0,final,0,3555,146,24.34931506849315,762,0.21434599156118145,18.31356568984452,583,16.29950099223552,3555,87,19,36,0.024472573839662448,0.005344585091420534,0.010126582278481013,3666,0,0,
Snap,Snap Inc._Earnings Call_2024-10-29T00_00_00_English.docx,2024-10-29,2024,FQ3,2022-08-31,790,non_event,0,0,0,,managerial_qa,8,25,0,0,0,0,final,0,2334,110,21.21818181818182,352,0.15081405312767782,14.519834852379843,294,13.525833138583781,2334,51,13,3,0.021850899742930592,0.005569837189374464,0.0012853470437017994,2348,0,0,
Snap,Snap Inc._Earnings Call_2025-02-04T00_00_00_English.docx,2025-02-04,2024,FQ4,2022-08-31,888,non_event,0,0,0,,prepared_management,3,4,0,0,0,0,final,0,3740,152,24.605263157894736,818,0.21871657754010695,18.590768364762173,630,16.5800731775964,3740,110,12,23,0.029411764705882353,0.0032085561497326204,0.006149732620320855,3886,0,0,
Snap,Snap Inc._Earnings Call_2025-02-04T00_00_00_English.docx,2025-02-04,2024,FQ4,2022-08-31,888,non_event,0,0,0,,managerial_qa,8,25,0,0,0,0,final,0,2480,108,22.962962962962962,341,0.1375,14.685185185185185,317,14.298088410991637,2480,69,11,7,0.027822580645161292,0.004435483870967742,0.00282258064516129,2493,0,0,
Spotify,Spotify Technology S.A._Earnings Call_2021-04-28T00_00_00_English.docx,2021-04-28,2021,FQ1,2023-12-04,-950,non_event,0,0,0,,prepared_management,3,4,0,0,0,0,final,0,1485,72,20.625,237,0.1595959595959596,14.633838383838384,183,13.17929292929293,1485,43,13,14,0.028956228956228958,0.008754208754208754,0.009427609427609427,1495,0,0,
Spotify,Spotify Technology S.A._Earnings Call_2021-04-28T00_00_00_English.docx,2021-04-28,2021,FQ1,2023-12-04,-950,non_event,0,0,0,,managerial_qa,26,49,21,0,2,0,final,0,4443,234,18.987179487179485,564,0.12694125590817015,12.6725220311986,461,11.745220658252393,4443,108,13,20,0.024307900067521943,0.002925950934053567,0.004501462975467027,4487,0,0,
Spotify,Spotify Technology S.A._Earnings Call_2021-07-28T00_00_00_English.docx,2021-07-28,2021,FQ2,2023-12-04,-859,non_event,0,0,0,,prepared_management,2,3,0,0,0,0,final,0,1081,56,19.303571428571427,169,0.15633672525439407,13.974897581604333,131,12.56879212369499,1081,29,16,10,0.02682701202590194,0.014801110083256245,0.009250693802035153,1094,0,0,
Spotify,Spotify Technology S.A._Earnings Call_2021-07-28T00_00_00_English.docx,2021-07-28,2021,FQ2,2023-12-04,-859,non_event,0,0,0,,managerial_qa,27,48,19,0,2,0,final,0,5707,286,19.954545454545453,702,0.12300683371298406,12.902091530337543,585,12.082045972250985,5707,141,19,40,0.024706500788505344,0.003329244787103557,0.007008936393902225,5752,0,0,
Spotify,Spotify Technology S.A._Earnings Call_2021-10-27T00_00_00_English.docx,2021-10-27,2021,FQ3,2023-12-04,-768,non_event,0,0,0,,prepared_management,2,3,0,0,0,0,final,0,1262,67,18.83582089552239,204,0.16164817749603805,14.000255458050479,163,12.700730893866641,1262,45,8,8,0.03565768621236133,0.006339144215530904,0.006339144215530904,1266,0,0,
Spotify,Spotify Technology S.A._Earnings Call_2021-10-27T00_00_00_English.docx,2021-10-27,2021,FQ3,2023-12-04,-768,non_event,0,0,0,,managerial_qa,27,47,18,0,2,0,final,0,4876,278,17.53956834532374,583,0.11956521739130435,11.79843603378167,485,10.99449837996707,4876,99,16,25,0.02030352748154225,0.003281378178835111,0.005127153404429861,4921,0,0,
Spotify,Spotify Technology S.A._Earnings Call_2022-02-02T00_00_00_English.docx,2022-02-02,2021,FQ4,2023-12-04,-670,non_event,0,0,0,,prepared_management,3,4,0,0,0,0,final,0,1872,98,19.102040816326532,304,0.1623931623931624,14.13654282225711,245,12.87585906157335,1872,41,15,19,0.0219017094017094,0.008012820512820512,0.01014957264957265,1912,0,0,
Spotify,Spotify Technology S.A._Earnings Call_2022-02-02T00_00_00_English.docx,2022-02-02,2021,FQ4,2023-12-04,-670,non_event,0,0,0,,managerial_qa,27,48,19,0,2,0,final,0,5472,308,17.766233766233768,679,0.12408625730994152,12.069943798891169,544,11.08310169362801,5472,75,18,25,0.013706140350877192,0.003289473684210526,0.004568713450292397,5530,0,0,
Spotify,Spotify Technology S.A._Earnings Call_2022-04-27T00_00_00_English.docx,2022-04-27,2022,FQ1,2023-12-04,-586,non_event,0,0,0,,prepared_management,3,4,0,0,0,0,final,0,1759,87,20.2183908045977,273,0.15520181921546333,14.295429090457615,216,12.999238072833965,1759,40,12,13,0.02274019329164298,0.006822057987492893,0.007390562819783968,1795,0,0,
Spotify,Spotify Technology S.A._Earnings Call_2022-04-27T00_00_00_English.docx,2022-04-27,2022,FQ1,2023-12-04,-586,non_event,0,0,0,,managerial_qa,28,51,21,0,2,0,final,0,5023,292,17.20205479452055,567,0.11288074855663946,11.396051860073799,458,10.528044693042144,5023,97,13,19,0.01931116862432809,0.002588094764085208,0.0037826000398168426,5078,0,0,
Spotify,Spotify Technology S.A._Earnings Call_2022-07-27T00_00_00_English.docx,2022-07-27,2022,FQ2,2023-12-04,-495,non_event,0,0,0,,prepared_management,3,4,0,0,0,0,final,0,1526,80,19.075,246,0.16120576671035386,14.078230668414154,200,12.872463958060289,1526,30,16,18,0.019659239842726082,0.010484927916120577,0.011795543905635648,1542,0,0,
Spotify,Spotify Technology S.A._Earnings Call_2022-07-27T00_00_00_English.docx,2022-07-27,2022,FQ2,2023-12-04,-495,non_event,0,0,0,,managerial_qa,24,43,16,0,2,0,final,0,4811,282,17.06028368794326,580,0.12055705674495946,11.646395744975685,492,10.914739124730412,4811,79,21,40,0.01642070255664103,0.004364996882145084,0.008314279775514447,4849,0,0,
Spotify,Spotify Technology S.A._Earnings Call_2022-10-25T00_00_00_English.docx,2022-10-25,2022,FQ3,2023-12-04,-405,non_event,0,0,0,,prepared_management,3,4,0,0,0,0,final,0,2051,112,18.3125,303,0.1477328132618235,13.234312530472941,250,12.200670404680645,2051,43,27,29,0.020965382740126767,0.013164310092637738,0.014139444173573866,2072,0,0,
Spotify,Spotify Technology S.A._Earnings Call_2022-10-25T00_00_00_English.docx,2022-10-25,2022,FQ3,2023-12-04,-405,non_event,0,0,0,,managerial_qa,28,48,18,0,2,0,final,0,5051,262,19.278625954198475,587,0.11621461096812512,12.360034820404394,481,11.520597085302436,5051,78,29,34,0.015442486636309642,0.005741437339140764,0.006731340328647793,5107,0,0,
Spotify,Spotify Technology S.A._Earnings Call_2023-01-31T00_00_00_English.docx,2023-01-31,2022,FQ4,2023-12-04,-307,non_event,0,0,0,,prepared_management,3,4,0,0,0,0,final,0,1268,69,18.3768115942029,187,0.1474763406940063,13.249778265441414,150,12.08258583641933,1268,37,8,14,0.02917981072555205,0.006309148264984227,0.011041009463722398,1305,0,0,
Spotify,Spotify Technology S.A._Earnings Call_2023-01-31T00_00_00_English.docx,2023-01-31,2022,FQ4,2023-12-04,-307,non_event,0,0,0,,managerial_qa,27,51,21,0,2,0,final,0,4658,267,17.44569288389513,573,0.12301416917131816,11.898843920410778,455,10.885533486748264,4658,111,14,35,0.02382996994418205,0.0030055817947617003,0.007513954486904251,4732,0,0,
Spotify,Spotify Technology S.A._Earnings Call_2023-04-25T00_00_00_English.docx,2023-04-25,2023,FQ1,2023-12-04,-223,non_event,0,0,0,,prepared_management,3,4,0,0,0,0,final,0,1471,80,18.3875,219,0.14887831407205981,13.310132562882394,174,12.086475186947656,1471,42,8,16,0.028552005438477225,0.005438477226376614,0.010876954452753228,1508,0,0,
Spotify,Spotify Technology S.A._Earnings Call_2023-04-25T00_00_00_English.docx,2023-04-25,2023,FQ1,2023-12-04,-223,non_event,0,0,0,,managerial_qa,27,52,23,0,2,0,final,0,4799,263,18.247148288973385,553,0.1152323400708481,11.908152918423278,470,11.216342124507879,4799,119,33,46,0.02479683267347364,0.006876432590122942,0.009585330277141072,4857,0,0,
Spotify,Spotify Technology S.A._Earnings Call_2023-07-25T00_00_00_English.docx,2023-07-25,2023,FQ2,2023-12-04,-132,pre_2,0,0,0,,prepared_management,3,4,0,0,0,0,final,0,1366,72,18.97222222222222,207,0.15153733528550511,13.650382300309094,160,12.274101187571175,1366,38,6,14,0.027818448023426062,0.004392386530014641,0.010248901903367497,1401,0,0,
Spotify,Spotify Technology S.A._Earnings Call_2023-07-25T00_00_00_English.docx,2023-07-25,2023,FQ2,2023-12-04,-132,pre_2,0,0,0,,managerial_qa,26,52,23,0,2,0,final,0,5476,313,17.49520766773163,642,0.11723886048210373,11.6876374863768,536,10.913349685061974,5476,118,13,47,0.02154857560262966,0.0023739956172388606,0.00858290723155588,5520,0,0,
Spotify,Spotify Technology S.A._Earnings Call_2023-10-24T00_00_00_English.docx,2023-10-24,2023,FQ3,2023-12-04,-41,pre_1,0,0,0,,prepared_management,3,4,0,0,0,0,final,0,1271,63,20.174603174603174,182,0.14319433516915814,13.797614676607594,141,12.507292095962434,1271,32,6,8,0.025177025963808025,0.004720692368214005,0.006294256490952006,1306,0,0,
Spotify,Spotify Technology S.A._Earnings Call_2023-10-24T00_00_00_English.docx,2023-10-24,2023,FQ3,2023-12-04,-41,pre_1,0,0,0,,managerial_qa,27,49,19,0,2,0,final,0,5824,326,17.865030674846626,674,0.11572802197802198,11.775133149059531,547,10.902880401806783,5824,165,21,26,0.028331043956043956,0.003605769230769231,0.004464285714285714,5896,0,0,
Spotify,Spotify Technology S.A._Earnings Call_2024-02-06T00_00_00_English.docx,2024-02-06,2023,FQ4,2023-12-04,64,post_1,0,0,0,,prepared_management,4,5,0,0,0,0,final,0,1552,80,19.4,239,0.15399484536082475,13.91979381443299,185,12.528041237113403,1552,41,19,12,0.026417525773195876,0.012242268041237113,0.007731958762886598,1584,0,0,
Spotify,Spotify Technology S.A._Earnings Call_2024-02-06T00_00_00_English.docx,2024-02-06,2023,FQ4,2023-12-04,64,post_1,0,0,0,,managerial_qa,25,50,22,0,2,0,final,0,5416,283,19.137809187279153,606,0.11189069423929099,12.130751444483302,494,11.303572714793493,5416,141,29,38,0.02603397341211226,0.00535450516986706,0.007016248153618907,5481,0,0,
Spotify,Spotify Technology S.A._Earnings Call_2024-04-23T00_00_00_English.docx,2024-04-23,2024,FQ1,2023-12-04,141,post_2,0,0,0,,prepared_management,3,4,0,0,0,0,final,0,1442,71,20.309859154929576,226,0.15672676837725383,14.393014397061984,174,12.950573342970443,1442,42,13,13,0.02912621359223301,0.009015256588072122,0.009015256588072122,1473,0,0,
Spotify,Spotify Technology S.A._Earnings Call_2024-04-23T00_00_00_English.docx,2024-04-23,2024,FQ1,2023-12-04,141,post_2,0,0,0,,managerial_qa,19,36,15,0,2,0,final,0,4660,245,19.020408163265305,585,0.1255364806866953,12.629622492773933,464,11.590995883331875,4660,106,16,31,0.022746781115879827,0.0034334763948497852,0.006652360515021459,4701,0,0,
Spotify,Spotify Technology S.A._Earnings Call_2024-07-23T00_00_00_English.docx,2024-07-23,2024,FQ2,2023-12-04,232,non_event,0,0,0,,prepared_management,3,4,0,0,0,0,final,0,1805,88,20.511363636363637,303,0.16786703601108033,14.919226894988668,244,13.611747670611937,1805,39,15,18,0.021606648199445983,0.008310249307479225,0.009972299168975069,1828,0,0,
Spotify,Spotify Technology S.A._Earnings Call_2024-07-23T00_00_00_English.docx,2024-07-23,2024,FQ2,2023-12-04,232,non_event,0,0,0,,managerial_qa,17,32,12,0,2,0,final,0,3951,208,18.995192307692307,461,0.11667932169071121,12.265249790705372,373,11.374336097969355,3951,80,20,33,0.020248038471273096,0.005062009617818274,0.008352315869400152,3978,0,0,
Spotify,Spotify Technology S.A._Earnings Call_2024-11-12T00_00_00_English.docx,2024-11-12,2024,FQ3,2023-12-04,344,non_event,0,0,0,,prepared_management,3,4,0,0,0,0,final,0,1670,86,19.41860465116279,264,0.15808383233532936,14.090795153878293,211,12.821334076033981,1670,48,11,11,0.02874251497005988,0.006586826347305389,0.006586826347305389,1709,0,0,
Spotify,Spotify Technology S.A._Earnings Call_2024-11-12T00_00_00_English.docx,2024-11-12,2024,FQ3,2023-12-04,344,non_event,0,0,0,,managerial_qa,25,51,24,0,2,0,final,0,4104,234,17.53846153846154,489,0.11915204678362573,11.781466486729645,399,10.904273504273505,4104,99,10,17,0.02412280701754386,0.0024366471734892786,0.004142300194931774,4122,0,0,
Spotify,Spotify Technology S.A._Earnings Call_2025-02-04T00_00_00_English.docx,2025-02-04,2024,FQ4,2023-12-04,428,non_event,0,0,0,,prepared_management,7,8,0,0,0,0,final,0,1865,115,16.217391304347824,313,0.167828418230563,13.20009325096165,248,11.805991374286046,1865,56,4,14,0.030026809651474532,0.0021447721179624667,0.007506702412868633,1920,0,0,
Spotify,Spotify Technology S.A._Earnings Call_2025-02-04T00_00_00_English.docx,2025-02-04,2024,FQ4,2023-12-04,428,non_event,0,0,0,,managerial_qa,31,60,26,0,2,0,final,0,5140,310,16.580645161290324,598,0.11634241245136187,11.285954562570604,493,10.468833940002511,5140,101,19,31,0.019649805447470817,0.003696498054474708,0.006031128404669261,5201,0,0,
Twilio,Twilio Inc._Earnings Call_2021-05-05T00_00_00_English.docx,2021-05-05,2021,FQ1,2023-02-13,-649,non_event,0,0,0,,prepared_management,2,3,0,0,0,0,final,0,630,24,26.25,96,0.1523809523809524,16.5952380952381,79,15.515873015873016,630,4,5,14,0.006349206349206349,0.007936507936507936,0.022222222222222223,625,0,0,
Twilio,Twilio Inc._Earnings Call_2021-05-05T00_00_00_English.docx,2021-05-05,2021,FQ1,2023-02-13,-649,non_event,0,0,0,,managerial_qa,24,51,0,0,0,0,final,0,3878,205,18.917073170731708,510,0.13151108818978854,12.827272795884227,449,12.19808249160367,3878,67,23,17,0.017276946879834967,0.00593089221248066,0.004383702939659618,3896,0,0,
Twilio,Twilio Inc._Earnings Call_2021-07-29T00_00_00_English.docx,2021-07-29,2021,FQ2,2023-02-13,-564,non_event,0,0,0,,prepared_management,2,3,0,0,0,0,final,0,699,27,25.88888888888889,115,0.16452074391988555,16.93638531235098,95,15.791893180734384,699,5,6,15,0.00715307582260372,0.008583690987124463,0.02145922746781116,708,0,0,
Twilio,Twilio Inc._Earnings Call_2021-07-29T00_00_00_English.docx,2021-07-29,2021,FQ2,2023-02-13,-564,non_event,0,0,0,,managerial_qa,28,67,0,0,0,0,final,0,5797,312,18.580128205128204,748,0.12903225806451613,12.593341604631927,639,11.841228442651593,5797,116,34,22,0.02001035018112817,0.005865102639296188,0.003795066413662239,5848,0,0,
Twilio,Twilio Inc._Earnings Call_2021-10-27T00_00_00_English.docx,2021-10-27,2021,FQ3,2023-02-13,-474,non_event,0,0,0,,prepared_management,2,3,0,0,0,0,final,0,570,21,27.142857142857142,99,0.1736842105263158,17.804511278195488,82,16.61152882205514,570,10,4,15,0.017543859649122806,0.007017543859649123,0.02631578947368421,570,0,0,
Twilio,Twilio Inc._Earnings Call_2021-10-27T00_00_00_English.docx,2021-10-27,2021,FQ3,2023-02-13,-474,non_event,0,0,0,,managerial_qa,25,59,0,0,0,0,final,0,4923,281,17.519572953736656,709,0.14401787527930124,12.768544192666713,621,12.05353302061715,4923,114,36,18,0.02315661182205972,0.007312614259597806,0.003656307129798903,4991,0,0,
Twilio,Twilio Inc._Earnings Call_2022-02-09T00_00_00_English.docx,2022-02-09,2021,FQ4,2023-02-13,-369,non_event,0,0,0,,prepared_management,2,3,0,0,0,0,final,0,547,21,26.047619047619047,107,0.1956124314442413,18.24354487681727,90,17.000400452685646,547,9,3,14,0.016453382084095063,0.005484460694698354,0.025594149908592323,550,0,0,
Twilio,Twilio Inc._Earnings Call_2022-02-09T00_00_00_English.docx,2022-02-09,2021,FQ4,2023-02-13,-369,non_event,0,0,0,,managerial_qa,22,50,0,0,0,0,final,0,7171,391,18.34015345268542,954,0.13303583879514713,12.657494932880054,832,11.97697617677909,7171,144,39,25,0.020080881327569376,0.005438572026216706,0.0034862641193696836,7231,0,0,
Twilio,Twilio Inc._Earnings Call_2022-05-04T00_00_00_English.docx,2022-05-04,2022,FQ1,2023-02-13,-285,pre_2,0,0,0,,prepared_management,1,2,0,0,0,0,final,0,223,11,20.272727272727273,45,0.20179372197309417,16.180839788014676,38,14.925234406848757,223,8,4,1,0.03587443946188341,0.017937219730941704,0.004484304932735426,231,0,0,
Twilio,Twilio Inc._Earnings Call_2022-05-04T00_00_00_English.docx,2022-05-04,2022,FQ1,2023-02-13,-285,pre_2,0,0,0,,managerial_qa,27,71,0,0,0,3,final,0,6077,331,18.3595166163142,794,0.13065657396741814,12.570069605222407,673,11.773623990609932,6077,93,46,31,0.015303603751851242,0.007569524436399539,0.0051012012506170806,6947,0,0,
Twilio,Twilio Inc._Earnings Call_2022-08-04T00_00_00_English.docx,2022-08-04,2022,FQ2,2023-02-13,-193,pre_1,0,1,0,,prepared_management,1,2,0,0,0,0,final,0,124,7,17.714285714285715,29,0.23387096774193547,16.440552995391705,21,13.859907834101381,124,3,2,0,0.024193548387096774,0.016129032258064516,0.0,131,1,1,"short context: 124 measured words (< 200); retained, no minimum threshold imposed; pre_1 more than 120 days from the focal layoff (robustness flag only)"
Twilio,Twilio Inc._Earnings Call_2022-08-04T00_00_00_English.docx,2022-08-04,2022,FQ2,2023-02-13,-193,pre_1,0,1,0,,managerial_qa,29,61,0,0,0,0,final,0,5410,311,17.39549839228296,711,0.13142329020332716,12.21513096504627,601,11.401822277430746,5410,127,39,26,0.023475046210720888,0.007208872458410351,0.004805914972273568,5438,0,1,pre_1 more than 120 days from the focal layoff (robustness flag only)
Twilio,Twilio Inc._Earnings Call_2023-02-15T00_00_00_English.docx,2023-02-15,2022,FQ4,2023-02-13,2,post_1,0,0,0,,prepared_management,2,3,0,0,0,0,final,0,388,14,27.714285714285715,53,0.13659793814432988,16.549631811487483,37,14.900147275405008,388,4,1,10,0.010309278350515464,0.002577319587628866,0.02577319587628866,384,0,0,
Twilio,Twilio Inc._Earnings Call_2023-02-15T00_00_00_English.docx,2023-02-15,2022,FQ4,2023-02-13,2,post_1,0,0,0,,managerial_qa,31,70,0,0,0,0,final,0,7514,389,19.31619537275064,857,0.11405376630290125,12.288628801216307,721,11.564646900763819,7514,141,50,36,0.018764972052169284,0.006654245408570668,0.004791056694170881,7589,0,0,
Twilio,Twilio Inc._Earnings Call_2023-05-09T00_00_00_English.docx,2023-05-09,2023,FQ1,2023-02-13,85,post_2,0,0,0,,prepared_management,2,3,0,0,0,0,final,0,627,32,19.59375,81,0.1291866028708134,13.004964114832536,62,11.792842902711323,627,4,2,8,0.006379585326953748,0.003189792663476874,0.012759170653907496,625,0,0,
Twilio,Twilio Inc._Earnings Call_2023-05-09T00_00_00_English.docx,2023-05-09,2023,FQ1,2023-02-13,85,post_2,0,0,0,,managerial_qa,24,57,0,0,0,0,final,0,6741,339,19.884955752212388,816,0.12105028927458834,12.79599387186849,706,12.143271723819238,6741,83,44,24,0.012312713247292686,0.006527221480492508,0.0035603026257231864,6799,0,0,
Twilio,Twilio Inc._Earnings Call_2023-08-08T00_00_00_English.docx,2023-08-08,2023,FQ2,2023-02-13,176,non_event,0,0,0,,prepared_management,6,7,0,0,0,0,final,0,3508,158,22.20253164556962,721,0.2055302166476625,17.102221324134348,577,15.460260092663425,3508,113,36,22,0.03221208665906499,0.010262257696693273,0.006271379703534778,3590,0,0,
Twilio,Twilio Inc._Earnings Call_2023-08-08T00_00_00_English.docx,2023-08-08,2023,FQ2,2023-02-13,176,non_event,0,0,0,,managerial_qa,25,58,0,0,0,0,final,0,4393,256,17.16015625,550,0.1251991805144548,11.872029720578192,478,11.216441284429775,4393,83,28,14,0.018893694513999543,0.006373776462554063,0.0031868882312770315,4431,0,0,
Twilio,Twilio Inc._Earnings Call_2023-11-08T00_00_00_English.docx,2023-11-08,2023,FQ3,2023-02-13,268,non_event,0,0,0,,prepared_management,5,6,0,0,0,0,final,0,3472,163,21.300613496932517,728,0.20967741935483872,16.907342172966555,603,15.467250007067939,3472,109,24,25,0.031394009216589865,0.0069124423963133645,0.007200460829493088,3543,0,0,
Twilio,Twilio Inc._Earnings Call_2023-11-08T00_00_00_English.docx,2023-11-08,2023,FQ3,2023-02-13,268,non_event,0,0,0,,managerial_qa,23,55,0,0,0,0,final,0,4755,248,19.173387096774192,591,0.12429022082018927,12.640963671517248,502,11.892278077405786,4755,95,32,27,0.019978969505783387,0.0067297581493165086,0.0056782334384858045,4793,0,0,
Twilio,Twilio Inc._Earnings Call_2024-02-14T00_00_00_English.docx,2024-02-14,2023,FQ4,2023-02-13,366,non_event,0,0,0,,prepared_management,3,4,0,0,0,0,final,0,2936,138,21.27536231884058,623,0.21219346049046323,16.99788334715476,510,15.45837381037002,2936,90,26,21,0.030653950953678476,0.008855585831062671,0.00715258855585831,3032,0,0,
Twilio,Twilio Inc._Earnings Call_2024-02-14T00_00_00_English.docx,2024-02-14,2023,FQ4,2023-02-13,366,non_event,0,0,0,,managerial_qa,24,60,0,0,0,0,final,0,4238,240,17.658333333333335,603,0.14228409627182634,12.754697184206387,516,11.933555136070474,4238,97,24,22,0.022888154789995282,0.005663048607833884,0.005191127890514393,4282,0,0,
Twilio,Twilio Inc._Earnings Call_2024-05-07T00_00_00_English.docx,2024-05-07,2024,FQ1,2023-02-13,449,non_event,0,0,0,,prepared_management,3,4,0,0,0,0,final,0,2779,129,21.54263565891473,586,0.2108672184238935,17.051743000521633,438,14.921480316102777,2779,66,22,23,0.02374955019791292,0.00791651673263764,0.008276358402302987,2883,0,0,
Twilio,Twilio Inc._Earnings Call_2024-05-07T00_00_00_English.docx,2024-05-07,2024,FQ1,2023-02-13,449,non_event,0,0,0,,managerial_qa,25,61,0,0,0,0,final,0,4331,223,19.42152466367713,520,0.12006465019625952,12.571195873321233,442,11.850807972143677,4331,70,34,12,0.01616254906488109,0.007850380974370815,0.002770722696836758,4365,0,0,
Twilio,Twilio Inc._Earnings Call_2024-08-01T00_00_00_English.docx,2024-08-01,2024,FQ2,2023-02-13,535,non_event,0,0,0,,prepared_management,3,4,0,0,0,0,final,0,2415,121,19.958677685950413,517,0.21407867494824018,16.546618072309773,423,14.989682254504391,2415,95,16,17,0.039337474120082816,0.006625258799171843,0.007039337474120083,2498,0,0,
Twilio,Twilio Inc._Earnings Call_2024-08-01T00_00_00_English.docx,2024-08-01,2024,FQ2,2023-02-13,535,non_event,0,0,0,,managerial_qa,23,59,0,0,0,0,final,0,4228,246,17.1869918699187,497,0.11754966887417219,11.576783502934369,426,10.905071109367668,4228,72,25,22,0.017029328287606435,0.005912961210974456,0.005203405865657522,4275,0,0,
Twilio,Twilio Inc._Earnings Call_2024-10-30T00_00_00_English.docx,2024-10-30,2024,FQ3,2023-02-13,625,non_event,0,0,0,,prepared_management,3,4,0,0,0,0,final,0,2937,130,22.592307692307692,637,0.21688798093292475,17.712442314240068,512,16.010024881485556,2937,111,19,16,0.03779366700715015,0.006469186244467144,0.005447735784814436,3011,0,0,
Twilio,Twilio Inc._Earnings Call_2024-10-30T00_00_00_English.docx,2024-10-30,2024,FQ3,2023-02-13,625,non_event,0,0,0,,managerial_qa,16,44,0,0,0,0,final,0,4394,215,20.43720930232558,564,0.12835685025034138,13.30915773094389,502,12.744751722750898,4394,74,26,30,0.016841147018661812,0.005917159763313609,0.006827492034592627,4424,0,0,
Twilio,Twilio Inc._Earnings Call_2025-02-13T00_00_00_English.docx,2025-02-13,2024,FQ4,2023-02-13,731,non_event,0,0,0,,prepared_management,3,4,0,0,0,0,final,0,2915,140,20.821428571428573,597,0.20480274442538593,16.520681205586868,473,14.81913746630728,2915,69,15,20,0.023670668953687822,0.005145797598627788,0.00686106346483705,3053,0,0,
Twilio,Twilio Inc._Earnings Call_2025-02-13T00_00_00_English.docx,2025-02-13,2024,FQ4,2023-02-13,731,non_event,0,0,0,,managerial_qa,25,58,0,0,0,0,final,0,4577,279,16.405017921146953,476,0.1039982521302163,10.721937253667434,410,10.145140225046067,4577,76,23,24,0.016604762945160584,0.005025125628140704,0.005243609351103343,4632,0,0,
Zoom,"Zoom Communications, Inc._Earnings Call_2020-06-02T00_00_00_English.docx",2020-06-02,2021,FQ1,2023-02-07,-980,non_event,0,0,0,,prepared_management,6,6,0,0,0,0,final,0,3212,165,19.466666666666665,587,0.1827521793275218,15.096753839767539,463,13.552544624325447,3212,60,28,44,0.0186799501867995,0.008717310087173101,0.0136986301369863,3328,0,0,
Zoom,"Zoom Communications, Inc._Earnings Call_2020-06-02T00_00_00_English.docx",2020-06-02,2021,FQ1,2023-02-07,-980,non_event,0,0,0,,managerial_qa,56,86,0,0,0,0,final,0,4373,314,13.926751592356688,534,0.12211296592728105,10.455219274033917,468,9.85151472338219,4373,74,63,23,0.01692202149554082,0.014406585867825292,0.005259547221587012,4462,0,0,
Zoom,"Zoom Communications, Inc._Earnings Call_2020-08-31T00_00_00_English.docx",2020-08-31,2021,FQ2,2023-02-07,-890,non_event,0,0,0,,prepared_management,6,6,0,0,0,0,final,0,2936,157,18.70063694267516,556,0.1893732970027248,15.055186657179057,451,13.624668946007393,2936,52,12,34,0.017711171662125342,0.004087193460490463,0.011580381471389645,3041,0,0,
Zoom,"Zoom Communications, Inc._Earnings Call_2020-08-31T00_00_00_English.docx",2020-08-31,2021,FQ2,2023-02-07,-890,non_event,0,0,0,,managerial_qa,69,101,0,0,0,0,final,0,4336,291,14.900343642611684,538,0.12407749077490775,10.923237088040985,438,10.000727862948734,4336,62,50,28,0.01429889298892989,0.011531365313653136,0.006457564575645757,4387,0,0,
Zoom,"Zoom Communications, Inc._Earnings Call_2020-11-30T00_00_00_English.docx",2020-11-30,2021,FQ3,2023-02-07,-799,non_event,0,0,0,,prepared_management,4,4,0,0,0,0,final,0,2272,128,17.75,412,0.1813380281690141,14.353521126760564,316,12.663380281690142,2272,45,8,36,0.019806338028169015,0.0035211267605633804,0.01584507042253521,2369,0,0,
Zoom,"Zoom Communications, Inc._Earnings Call_2020-11-30T00_00_00_English.docx",2020-11-30,2021,FQ3,2023-02-07,-799,non_event,0,0,0,,managerial_qa,64,102,0,0,0,0,final,0,3816,225,16.96,527,0.13810272536687632,12.308109014675054,434,11.333266247379456,3816,72,35,27,0.018867924528301886,0.009171907756813417,0.007075471698113208,3862,0,0,
Zoom,"Zoom Communications, Inc._Earnings Call_2021-03-01T00_00_00_English.docx",2021-03-01,2021,FQ4,2023-02-07,-708,non_event,0,0,0,,prepared_management,4,4,0,0,0,0,final,0,2804,150,18.69333333333333,543,0.19365192582025678,15.223410366143606,442,13.782611507370422,2804,79,11,38,0.028174037089871613,0.0039229671897289585,0.01355206847360913,2936,0,0,
Zoom,"Zoom Communications, Inc._Earnings Call_2021-03-01T00_00_00_English.docx",2021-03-01,2021,FQ4,2023-02-07,-708,non_event,0,0,0,,managerial_qa,53,83,0,0,0,0,final,0,4072,275,14.807272727272727,516,0.12671905697445973,10.99167136988748,456,10.402280407215574,4072,73,32,21,0.01792730844793713,0.007858546168958742,0.005157170923379175,4139,0,0,
Zoom,"Zoom Communications, Inc._Earnings Call_2021-06-01T00_00_00_English.docx",2021-06-01,2022,FQ1,2023-02-07,-616,non_event,0,0,0,,prepared_management,5,5,0,0,0,0,final,0,2709,146,18.554794520547944,500,0.18456995201181248,14.804715888691675,393,13.224797099470562,2709,69,9,37,0.02547065337763012,0.0033222591362126247,0.013658176448874123,2807,0,0,
Zoom,"Zoom Communications, Inc._Earnings Call_2021-06-01T00_00_00_English.docx",2021-06-01,2022,FQ1,2023-02-07,-616,non_event,0,0,0,,managerial_qa,59,89,0,0,0,0,final,0,5003,333,15.024024024024024,667,0.13332000799520288,11.342409929417727,568,10.550884844468696,5003,87,48,34,0.017389566260243853,0.009594243453927643,0.006795922446532081,5081,0,0,
Zoom,"Zoom Communications, Inc._Earnings Call_2021-08-30T00_00_00_English.docx",2021-08-30,2022,FQ2,2023-02-07,-526,non_event,0,0,0,,prepared_management,4,4,0,0,0,0,final,0,2742,133,20.616541353383457,512,0.18672501823486506,15.715617270747988,419,14.358943310135295,2742,65,12,33,0.023705324580598104,0.00437636761487965,0.012035010940919038,2845,0,0,
Zoom,"Zoom Communications, Inc._Earnings Call_2021-08-30T00_00_00_English.docx",2021-08-30,2022,FQ2,2023-02-07,-526,non_event,0,0,0,,managerial_qa,55,82,0,0,0,0,final,0,4600,281,16.370106761565836,519,0.11282608695652174,11.061086182887204,422,10.21760792201764,4600,71,45,36,0.015434782608695652,0.009782608695652175,0.00782608695652174,4691,0,0,
Zoom,"Zoom Communications, Inc._Earnings Call_2021-11-22T00_00_00_English.docx",2021-11-22,2022,FQ3,2023-02-07,-442,non_event,0,0,0,,prepared_management,4,4,0,0,0,0,final,0,2200,105,20.952380952380953,427,0.1940909090909091,16.144588744588745,326,14.30822510822511,2200,44,6,31,0.02,0.0027272727272727275,0.014090909090909091,2296,0,0,
Zoom,"Zoom Communications, Inc._Earnings Call_2021-11-22T00_00_00_English.docx",2021-11-22,2022,FQ3,2023-02-07,-442,non_event,0,0,0,,managerial_qa,65,93,0,0,0,0,final,0,5055,343,14.737609329446064,670,0.13254203758654798,11.196725235240345,563,10.350038786180008,5055,94,42,24,0.018595450049455984,0.00830860534124629,0.004747774480712166,5123,0,0,
Zoom,"Zoom Communications, Inc._Earnings Call_2022-02-28T00_00_00_English.docx",2022-02-28,2022,FQ4,2023-02-07,-344,non_event,0,0,0,,prepared_management,3,4,0,0,0,0,final,0,2863,146,19.60958904109589,532,0.18581907090464547,15.276598452624178,428,13.823577146302137,2863,63,9,32,0.022004889975550123,0.0031435557107928748,0.011177086971707998,2985,0,0,
Zoom,"Zoom Communications, Inc._Earnings Call_2022-02-28T00_00_00_English.docx",2022-02-28,2022,FQ4,2023-02-07,-344,non_event,0,0,0,,managerial_qa,35,85,0,0,0,0,final,0,4918,319,15.41692789968652,594,0.12078080520536803,10.998003368089329,479,10.06266379915887,4918,83,21,27,0.016876779178527857,0.004270028466856445,0.005490036600244001,4985,0,0,
Zoom,"Zoom Communications, Inc._Earnings Call_2022-05-23T00_00_00_English.docx",2022-05-23,2023,FQ1,2023-02-07,-260,non_event,0,0,0,,prepared_management,3,4,0,0,0,0,final,0,2557,127,20.133858267716537,499,0.19515056707078607,15.85956598991806,403,14.357806115064717,2557,58,10,39,0.02268283144309738,0.003910833007430583,0.015252248728979272,2655,0,0,
Zoom,"Zoom Communications, Inc._Earnings Call_2022-05-23T00_00_00_English.docx",2022-05-23,2023,FQ1,2023-02-07,-260,non_event,0,0,0,,managerial_qa,35,84,0,0,0,0,final,0,4508,271,16.634686346863468,571,0.12666370896184562,11.720422897219212,482,10.930715709996498,4508,93,16,26,0.020629991126885537,0.00354924578527063,0.005767524401064774,4575,0,0,
Zoom,"Zoom Communications, Inc._Earnings Call_2022-08-22T00_00_00_English.docx",2022-08-22,2023,FQ2,2023-02-07,-169,pre_2,0,0,0,,prepared_management,7,8,0,0,0,0,final,0,2535,146,17.363013698630137,445,0.1755424063116371,13.96690173191754,348,12.436329739807086,2535,47,13,40,0.01854043392504931,0.005128205128205128,0.015779092702169626,2630,0,0,
Zoom,"Zoom Communications, Inc._Earnings Call_2022-08-22T00_00_00_English.docx",2022-08-22,2023,FQ2,2023-02-07,-169,pre_2,0,0,0,,managerial_qa,47,94,0,0,0,0,final,0,5245,309,16.97411003236246,572,0.10905624404194471,11.151893774622772,484,10.480778426672344,5245,85,32,21,0.016205910390848427,0.006101048617731172,0.004003813155386082,5365,0,0,
Zoom,"Zoom Communications, Inc._Earnings Call_2022-11-21T00_00_00_English.docx",2022-11-21,2023,FQ3,2023-02-07,-78,pre_1,0,0,0,,prepared_management,3,4,0,0,0,0,final,0,2171,111,19.55855855855856,422,0.19438046982957163,15.598642216606288,346,14.19836584627004,2171,50,12,32,0.023030861354214647,0.0055274067250115156,0.014739751266697375,2275,0,0,
Zoom,"Zoom Communications, Inc._Earnings Call_2022-11-21T00_00_00_English.docx",2022-11-21,2023,FQ3,2023-02-07,-78,pre_1,0,0,0,,managerial_qa,37,86,0,0,0,0,final,0,5006,274,18.27007299270073,586,0.11705952856572113,11.990410339709138,508,11.367158242226118,5006,101,22,19,0.020175789053136238,0.0043947263284059125,0.0037954454654414702,5067,0,0,
Zoom,"Zoom Communications, Inc._Earnings Call_2023-02-27T00_00_00_English.docx",2023-02-27,2023,FQ4,2023-02-07,20,post_1,0,0,0,,prepared_management,3,3,0,0,0,0,final,0,2368,123,19.252032520325205,468,0.19763513513513514,15.606218413535487,366,13.883245440562513,2368,63,18,27,0.02660472972972973,0.007601351351351352,0.011402027027027027,2479,0,0,
Zoom,"Zoom Communications, Inc._Earnings Call_2023-02-27T00_00_00_English.docx",2023-02-27,2023,FQ4,2023-02-07,20,post_1,0,0,0,,managerial_qa,58,90,0,0,0,0,final,0,4435,276,16.068840579710145,525,0.11837655016910936,11.162598238648433,451,10.495179974837834,4435,94,45,30,0.021195039458850057,0.010146561443066516,0.006764374295377677,4512,0,0,
Zoom,"Zoom Communications, Inc._Earnings Call_2023-05-22T00_00_00_English.docx",2023-05-22,2024,FQ1,2023-02-07,104,post_2,0,0,0,,prepared_management,3,4,0,0,0,0,final,0,2316,117,19.794871794871796,472,0.20379965457685664,16.069934901022986,373,14.360090341437493,2316,52,17,28,0.022452504317789293,0.007340241796200345,0.012089810017271158,2419,0,0,
Zoom,"Zoom Communications, Inc._Earnings Call_2023-05-22T00_00_00_English.docx",2023-05-22,2024,FQ1,2023-02-07,104,post_2,0,0,0,,managerial_qa,30,77,0,0,0,0,final,0,4403,292,15.07876712328767,578,0.13127413127413126,11.28247210028032,490,10.483017183178344,4403,89,17,29,0.020213490801726096,0.003861003861003861,0.006586418351124233,4472,0,0,
Zoom,"Zoom Communications, Inc._Earnings Call_2023-08-21T00_00_00_English.docx",2023-08-21,2024,FQ2,2023-02-07,195,non_event,0,0,0,,prepared_management,3,4,0,0,0,0,final,0,2156,119,18.11764705882353,393,0.18228200371057515,14.53833897195242,302,12.850027283640731,2156,50,8,33,0.023191094619666047,0.0037105751391465678,0.015306122448979591,2260,0,0,
Zoom,"Zoom Communications, Inc._Earnings Call_2023-08-21T00_00_00_English.docx",2023-08-21,2024,FQ2,2023-02-07,195,non_event,0,0,0,,managerial_qa,33,72,0,0,0,0,final,0,4791,305,15.708196721311475,579,0.1208515967438948,11.117342558280383,487,10.349235691238013,4791,100,22,22,0.02087246921310791,0.00459194322688374,0.00459194322688374,4846,0,0,
Zoom,"Zoom Communications, Inc._Earnings Call_2023-11-20T00_00_00_English.docx",2023-11-20,2024,FQ3,2023-02-07,286,non_event,0,0,0,,prepared_management,3,4,0,0,0,0,final,0,1587,89,17.831460674157302,287,0.1808443604284814,14.366358686802176,211,12.450794729650319,1587,29,6,29,0.018273471959672338,0.003780718336483932,0.018273471959672338,1677,0,0,
Zoom,"Zoom Communications, Inc._Earnings Call_2023-11-20T00_00_00_English.docx",2023-11-20,2024,FQ3,2023-02-07,286,non_event,0,0,0,,managerial_qa,43,94,0,0,0,0,final,0,4704,267,17.617977528089888,539,0.11458333333333333,11.630524344569288,452,10.890728426201942,4704,88,19,29,0.01870748299319728,0.0040391156462585035,0.006164965986394558,4767,0,0,
Zoom,"Zoom Communications, Inc._Earnings Call_2024-02-26T00_00_00_English.docx",2024-02-26,2024,FQ4,2023-02-07,384,non_event,0,0,0,,prepared_management,3,4,0,0,0,0,final,0,2320,124,18.70967741935484,414,0.17844827586206896,14.621802002224696,327,13.121802002224696,2320,63,8,30,0.027155172413793102,0.0034482758620689655,0.01293103448275862,2427,0,0,
Zoom,"Zoom Communications, Inc._Earnings Call_2024-02-26T00_00_00_English.docx",2024-02-26,2024,FQ4,2023-02-07,384,non_event,0,0,0,,managerial_qa,40,84,0,0,0,0,final,0,4178,291,14.357388316151203,518,0.12398276687410244,10.70226600142458,438,9.936349294866417,4178,67,14,24,0.016036381043561514,0.003350885591191958,0.0057443752991862135,4273,0,0,
eBay,eBay Inc._Earnings Call_2021-04-28T00_00_00_English.docx,2021-04-28,2021,FQ1,2024-01-23,-1000,non_event,0,0,0,,prepared_management,3,4,0,0,0,0,final,0,4304,232,18.551724137931036,801,0.18610594795539034,14.864927573388028,662,13.573106012049738,4304,94,14,34,0.02184014869888476,0.0032527881040892194,0.007899628252788104,4454,0,0,
eBay,eBay Inc._Earnings Call_2021-04-28T00_00_00_English.docx,2021-04-28,2021,FQ1,2024-01-23,-1000,non_event,0,0,0,,managerial_qa,11,30,0,0,0,0,final,0,3326,177,18.7909604519774,396,0.1190619362597715,12.27886163118182,357,11.80982976106757,3326,71,15,14,0.021346963319302466,0.004509921828021648,0.004209260372820205,3368,0,0,
eBay,eBay Inc._Earnings Call_2021-08-11T00_00_00_English.docx,2021-08-11,2021,FQ2,2024-01-23,-895,non_event,0,0,0,,prepared_management,4,7,0,0,0,0,final,0,4452,265,16.8,828,0.18598382749326145,14.15935309973046,673,12.766720575022461,4452,120,17,40,0.026954177897574125,0.0038185085354896678,0.008984725965858042,4637,0,0,
eBay,eBay Inc._Earnings Call_2021-08-11T00_00_00_English.docx,2021-08-11,2021,FQ2,2024-01-23,-895,non_event,0,0,0,,managerial_qa,11,30,0,0,0,0,final,0,3635,194,18.737113402061855,402,0.11059147180192572,11.918504232901771,333,11.159219501127357,3635,76,21,8,0.02090784044016506,0.005777166437414031,0.002200825309491059,3697,0,0,
eBay,eBay Inc._Earnings Call_2021-10-27T00_00_00_English.docx,2021-10-27,2021,FQ3,2024-01-23,-818,non_event,0,0,0,,prepared_management,3,4,0,0,0,0,final,0,4509,245,18.40408163265306,905,0.2007096917276558,15.390020322167457,747,13.988379160047254,4509,114,35,54,0.025282767797737856,0.007762253271235307,0.011976047904191617,4643,0,0,
eBay,eBay Inc._Earnings Call_2021-10-27T00_00_00_English.docx,2021-10-27,2021,FQ3,2024-01-23,-818,non_event,0,0,0,,managerial_qa,15,34,0,0,0,0,final,0,3850,191,20.157068062827225,456,0.11844155844155844,12.80048956279323,382,12.03165839396206,3850,68,18,5,0.017662337662337664,0.004675324675324675,0.0012987012987012987,3875,0,0,
eBay,eBay Inc._Earnings Call_2022-02-23T00_00_00_English.docx,2022-02-23,2021,FQ4,2024-01-23,-699,non_event,0,0,0,,prepared_management,3,4,0,0,0,0,final,0,4502,252,17.865079365079364,885,0.1965792980897379,15.009203669621265,725,13.587613265356493,4502,103,32,42,0.02287872056863616,0.007107952021323856,0.009329187027987561,4632,0,0,
eBay,eBay Inc._Earnings Call_2022-02-23T00_00_00_English.docx,2022-02-23,2021,FQ4,2024-01-23,-699,non_event,0,0,0,,managerial_qa,13,32,0,0,0,0,final,0,3318,183,18.131147540983605,384,0.11573236889692586,11.881753772270478,329,11.21870374213184,3318,63,16,5,0.0189873417721519,0.004822182037371911,0.0015069318866787222,3366,0,0,
eBay,eBay Inc._Earnings Call_2022-05-04T00_00_00_English.docx,2022-05-04,2022,FQ1,2024-01-23,-629,non_event,0,0,0,,prepared_management,3,4,0,0,0,0,final,0,4279,238,17.978991596638654,810,0.18929656461790137,14.76345922337152,664,13.398654362422697,4279,91,38,37,0.0212666510867025,0.008880579574666978,0.008646880112175742,4407,0,0,
eBay,eBay Inc._Earnings Call_2022-05-04T00_00_00_English.docx,2022-05-04,2022,FQ1,2024-01-23,-629,non_event,0,0,0,,managerial_qa,16,39,0,0,0,0,final,0,3416,200,17.08,415,0.1214871194379391,11.691484777517566,376,11.234810304449647,3416,69,25,14,0.02019906323185012,0.007318501170960188,0.004098360655737705,3459,0,0,
eBay,eBay Inc._Earnings Call_2022-08-03T00_00_00_English.docx,2022-08-03,2022,FQ2,2024-01-23,-538,non_event,0,0,0,,prepared_management,3,4,0,0,0,0,final,0,3874,215,18.01860465116279,782,0.20185854414042334,15.281783626082053,652,13.93950174688742,3874,90,33,43,0.023231801755291687,0.008518327310273618,0.01109963861641714,3990,0,0,
eBay,eBay Inc._Earnings Call_2022-08-03T00_00_00_English.docx,2022-08-03,2022,FQ2,2024-01-23,-538,non_event,0,0,0,,managerial_qa,20,47,0,0,0,0,final,0,3491,193,18.088082901554404,437,0.12517903179604697,12.242394432463641,377,11.554912335643246,3491,62,12,15,0.017759954167860213,0.0034374104841019765,0.00429676310512747,3538,0,0,
eBay,eBay Inc._Earnings Call_2022-11-02T00_00_00_English.docx,2022-11-02,2022,FQ3,2024-01-23,-447,non_event,0,0,0,,prepared_management,3,4,0,0,0,0,final,0,4421,241,18.34439834024896,914,0.20674055643519565,15.60738159350741,765,14.259270306468279,4421,120,47,56,0.027143180275955667,0.01063107894141597,0.012666817462112644,4536,0,0,
eBay,eBay Inc._Earnings Call_2022-11-02T00_00_00_English.docx,2022-11-02,2022,FQ3,2024-01-23,-447,non_event,0,0,0,,managerial_qa,15,37,0,0,0,0,final,0,2947,164,17.96951219512195,389,0.1319986426874788,12.467750585547932,343,11.84338682579225,2947,40,14,4,0.013573125212080081,0.004750593824228029,0.0013573125212080082,2982,0,0,
eBay,eBay Inc._Earnings Call_2023-02-22T00_00_00_English.docx,2023-02-22,2022,FQ4,2024-01-23,-335,non_event,0,0,0,,prepared_management,3,4,0,0,0,0,final,0,5229,263,19.88212927756654,1166,0.22298718684260854,16.872339184730958,987,15.503052514239469,5229,146,33,61,0.02792120864410021,0.006310958118187034,0.011665710460891184,5382,0,0,
eBay,eBay Inc._Earnings Call_2023-02-22T00_00_00_English.docx,2023-02-22,2022,FQ4,2024-01-23,-335,non_event,0,0,0,,managerial_qa,12,30,0,0,0,0,final,0,2756,139,19.827338129496404,392,0.14223512336719885,13.620340186486516,333,12.764026688663584,2756,50,12,5,0.018142235123367198,0.0043541364296081275,0.00181422351233672,2788,0,0,
eBay,eBay Inc._Earnings Call_2023-04-26T00_00_00_English.docx,2023-04-26,2023,FQ1,2024-01-23,-272,non_event,0,0,0,,prepared_management,4,5,0,0,0,0,final,0,4481,210,21.33809523809524,969,0.21624637357732648,17.185093038331157,822,15.872885941700941,4481,115,27,47,0.025663914304842668,0.0060254407498326265,0.010488730194153091,4599,0,0,
eBay,eBay Inc._Earnings Call_2023-04-26T00_00_00_English.docx,2023-04-26,2023,FQ1,2024-01-23,-272,non_event,0,0,0,,managerial_qa,18,41,0,0,0,0,final,0,3444,172,20.023255813953487,422,0.12253193960511034,12.91057990978581,353,12.109186181562812,3444,74,15,15,0.02148664343786295,0.004355400696864111,0.004355400696864111,3470,0,0,
eBay,eBay Inc._Earnings Call_2023-07-26T00_00_00_English.docx,2023-07-26,2023,FQ2,2024-01-23,-181,pre_2,0,0,0,,prepared_management,3,4,0,0,0,0,final,0,4802,222,21.63063063063063,1000,0.20824656393169513,16.982114809520056,853,15.75762501360169,4802,108,26,59,0.022490628904623073,0.005414410662224073,0.012286547271970013,4926,0,0,
eBay,eBay Inc._Earnings Call_2023-07-26T00_00_00_English.docx,2023-07-26,2023,FQ2,2024-01-23,-181,pre_2,0,0,0,,managerial_qa,14,30,0,0,0,0,final,0,3223,161,20.018633540372672,433,0.13434688178715481,13.38132868763526,377,12.68632403358624,3223,72,12,6,0.022339435308718587,0.003723239218119764,0.001861619609059882,3260,0,0,
eBay,eBay Inc._Earnings Call_2023-11-07T00_00_00_English.docx,2023-11-07,2023,FQ3,2024-01-23,-77,pre_1,0,0,0,,prepared_management,3,4,0,0,0,0,final,0,4556,221,20.615384615384617,900,0.19754170324846357,16.147821976092388,744,14.778199500236378,4556,100,32,60,0.021949078138718173,0.007023705004389816,0.013169446883230905,4669,0,0,
eBay,eBay Inc._Earnings Call_2023-11-07T00_00_00_English.docx,2023-11-07,2023,FQ3,2024-01-23,-77,pre_1,0,0,0,,managerial_qa,16,33,0,0,0,0,final,0,3510,180,19.5,433,0.12336182336182336,12.734472934472935,370,12.016524216524218,3510,46,17,6,0.013105413105413105,0.004843304843304843,0.0017094017094017094,3523,0,0,
eBay,eBay Inc._Earnings Call_2024-02-27T00_00_00_English.docx,2024-02-27,2023,FQ4,2024-01-23,35,post_1,0,0,0,,prepared_management,3,4,0,0,0,0,final,0,4590,220,20.863636363636363,956,0.20827886710239651,16.676609229550404,783,15.168983957219252,4590,108,31,65,0.023529411764705882,0.006753812636165577,0.014161220043572984,4750,0,0,
eBay,eBay Inc._Earnings Call_2024-02-27T00_00_00_English.docx,2024-02-27,2023,FQ4,2024-01-23,35,post_1,0,0,0,,managerial_qa,13,33,0,0,0,0,final,0,3013,146,20.636986301369863,416,0.1380683703949552,13.777529336346152,350,12.901326216532016,3013,76,14,7,0.02522402920677066,0.004646531695984069,0.0023232658479920344,3032,0,0,
eBay,eBay Inc._Earnings Call_2024-05-01T00_00_00_English.docx,2024-05-01,2024,FQ1,2024-01-23,99,post_2,0,0,0,,prepared_management,3,4,0,0,0,0,final,0,4710,229,20.56768558951965,953,0.20233545647558387,16.320492494831218,800,15.021129437506374,4710,116,21,46,0.024628450106157114,0.0044585987261146496,0.009766454352441613,4816,0,0,
eBay,eBay Inc._Earnings Call_2024-05-01T00_00_00_English.docx,2024-05-01,2024,FQ1,2024-01-23,99,post_2,0,0,0,,managerial_qa,10,27,0,0,0,0,final,0,2631,133,19.781954887218046,351,0.13340935005701254,13.249155957167723,311,12.641022167734045,2631,68,13,9,0.025845686050931203,0.0049410870391486126,0.0034207525655644243,2671,0,0,
eBay,eBay Inc._Earnings Call_2024-07-31T00_00_00_English.docx,2024-07-31,2024,FQ2,2024-01-23,190,non_event,0,0,0,,prepared_management,3,4,0,0,0,0,final,0,4726,226,20.911504424778762,953,0.20165044435040202,16.430619543927588,794,15.084872612061316,4726,104,19,56,0.022005924672027083,0.004020313161235718,0.01184934405416843,4864,0,0,
eBay,eBay Inc._Earnings Call_2024-07-31T00_00_00_English.docx,2024-07-31,2024,FQ2,2024-01-23,190,non_event,0,0,0,,managerial_qa,15,34,0,0,0,0,final,0,3149,162,19.438271604938272,448,0.14226738647189585,13.466004100851144,400,12.856286730257304,3149,85,5,8,0.026992696093998094,0.0015878056525881232,0.0025404890441409972,3194,0,0,
eBay,eBay Inc._Earnings Call_2024-10-30T00_00_00_English.docx,2024-10-30,2024,FQ3,2024-01-23,281,non_event,0,0,0,,prepared_management,3,4,0,0,0,0,final,0,4351,217,20.05069124423963,857,0.1969662146632958,15.898925084227685,723,14.667024371747795,4351,75,19,56,0.01723741668581935,0.004366812227074236,0.012870604458745116,4425,0,0,
eBay,eBay Inc._Earnings Call_2024-10-30T00_00_00_English.docx,2024-10-30,2024,FQ3,2024-01-23,281,non_event,0,0,0,,managerial_qa,14,34,0,0,0,0,final,0,4163,200,20.815,517,0.12418928657218352,13.293571462887343,449,12.640196492913766,4163,100,15,16,0.024021138601969732,0.00360317079029546,0.003843382176315157,4169,0,0,
eBay,eBay Inc._Earnings Call_2025-02-26T00_00_00_English.docx,2025-02-26,2024,FQ4,2024-01-23,400,non_event,0,0,0,,prepared_management,3,4,0,0,0,0,final,0,4903,232,21.13362068965517,982,0.2002855394656333,16.4648698544874,794,14.931115010514322,4903,122,18,57,0.024882724862329186,0.003671221700999388,0.011625535386498062,5019,0,0,
eBay,eBay Inc._Earnings Call_2025-02-26T00_00_00_English.docx,2025-02-26,2024,FQ4,2024-01-23,400,non_event,0,0,0,,managerial_qa,17,42,0,0,0,0,final,0,3711,198,18.742424242424242,493,0.13284828887092429,12.81090125180667,428,12.11028147277137,3711,105,11,13,0.028294260307194827,0.0029641606036108865,0.0035030988951765024,3748,0,0,
