research_company,file_name,call_date,fiscal_year,fiscal_quarter,layoff_date,days_from_layoff,event_position,same_day_flag,pre1_distance_gt_120_flag,missing_post2_flag,missing_post2_reason,communication_context,word_count_measure,sentence_count_measure,complex_word_count,complex_word_share,fog_index_primary_task10,short_context_flag,preliminary_transcript_flag,fathom_word_count,fathom_sentence_count,fathom_complex_word_count,fathom_percent_complex_words,fathom_words_per_sentence,fog_index_fathom_robustness,fog_primary_minus_fathom,fog_percent_difference,fog_implementation_primary,fog_implementation_robustness
Alphabet,Alphabet Inc._Earnings Call_2021-04-27T00_00_00_English.docx,2021-04-27,2021,FQ1,2023-01-20,-633,non_event,0,0,0,,prepared_management,3533,202,612,0.1732238890461364,13.924995165805854,0,0,3500,201,627,17.914286,17.412935,14.130888,-0.20589283419414706,-1.4570410167722443,task10_li2008_formula_custom_implementation,Lingua::EN::Fathom 1.27 / Syllable 0.251 / Sentence 0.33 under perl 5.34
Alphabet,Alphabet Inc._Earnings Call_2021-04-27T00_00_00_English.docx,2021-04-27,2021,FQ1,2023-01-20,-633,non_event,0,0,0,,managerial_qa,2500,152,365,0.146,12.418947368421051,0,0,2481,152,329,13.260782,16.322368,11.83326,0.5856873684210537,4.949501392017532,task10_li2008_formula_custom_implementation,Lingua::EN::Fathom 1.27 / Syllable 0.251 / Sentence 0.33 under perl 5.34
Alphabet,Alphabet Inc._Earnings Call_2021-07-27T00_00_00_English.docx,2021-07-27,2021,FQ2,2023-01-20,-542,non_event,0,0,0,,prepared_management,3438,196,584,0.1698662012798138,13.8109745818048,0,0,3401,195,600,17.64187,17.441026,14.033158,-0.2221834181952005,-1.583274543015909,task10_li2008_formula_custom_implementation,Lingua::EN::Fathom 1.27 / Syllable 0.251 / Sentence 0.33 under perl 5.34
Alphabet,Alphabet Inc._Earnings Call_2021-07-27T00_00_00_English.docx,2021-07-27,2021,FQ2,2023-01-20,-542,non_event,0,0,0,,managerial_qa,3185,196,460,0.1444270015698587,12.277080062794347,0,0,3159,197,425,13.453625,16.035533,11.795663,0.4814170627943497,4.081305669671554,task10_li2008_formula_custom_implementation,Lingua::EN::Fathom 1.27 / Syllable 0.251 / Sentence 0.33 under perl 5.34
Alphabet,Alphabet Inc._Earnings Call_2021-10-26T00_00_00_English.docx,2021-10-26,2021,FQ3,2023-01-20,-451,non_event,0,0,0,,prepared_management,3602,211,633,0.1757357023875624,13.857864114459847,0,0,3559,207,632,17.757797,17.193237,13.980414,-0.12254988554015256,-0.8765826644343476,task10_li2008_formula_custom_implementation,Lingua::EN::Fathom 1.27 / Syllable 0.251 / Sentence 0.33 under perl 5.34
Alphabet,Alphabet Inc._Earnings Call_2021-10-26T00_00_00_English.docx,2021-10-26,2021,FQ3,2023-01-20,-451,non_event,0,0,0,,managerial_qa,3073,172,424,0.1379759192971038,12.66554839979113,0,0,3064,166,411,13.413838,18.457831,12.748668,-0.08311960020887099,-0.6519865464287797,task10_li2008_formula_custom_implementation,Lingua::EN::Fathom 1.27 / Syllable 0.251 / Sentence 0.33 under perl 5.34
Alphabet,Alphabet Inc._Earnings Call_2022-02-01T00_00_00_English.docx,2022-02-01,2021,FQ4,2023-01-20,-353,non_event,0,0,0,,prepared_management,3914,221,687,0.1755237608584568,14.105113330265874,0,0,3873,221,688,17.764007,17.524887,14.115558,-0.010444669734125611,-0.0739940265494684,task10_li2008_formula_custom_implementation,Lingua::EN::Fathom 1.27 / Syllable 0.251 / Sentence 0.33 under perl 5.34
Alphabet,Alphabet Inc._Earnings Call_2022-02-01T00_00_00_English.docx,2022-02-01,2021,FQ4,2023-01-20,-353,non_event,0,0,0,,managerial_qa,3379,185,496,0.146788990825688,13.17750557897347,0,0,3356,184,488,14.54112,18.23913,13.1121,0.06540557897347021,0.4988184880642324,task10_li2008_formula_custom_implementation,Lingua::EN::Fathom 1.27 / Syllable 0.251 / Sentence 0.33 under perl 5.34
Alphabet,Alphabet Inc._Earnings Call_2022-04-26T00_00_00_English.docx,2022-04-26,2022,FQ1,2023-01-20,-269,non_event,0,0,0,,prepared_management,3999,212,676,0.1690422605651413,14.306973441473575,0,0,3955,210,670,16.940582,18.833333,14.309566,-0.002592558526423261,-0.01811766007734449,task10_li2008_formula_custom_implementation,Lingua::EN::Fathom 1.27 / Syllable 0.251 / Sentence 0.33 under perl 5.34
Alphabet,Alphabet Inc._Earnings Call_2022-04-26T00_00_00_English.docx,2022-04-26,2022,FQ1,2023-01-20,-269,non_event,0,0,0,,managerial_qa,2313,132,289,0.1249459576307825,12.006929214322213,0,0,2300,132,280,12.173913,17.424242,11.839262,0.16766721432221132,1.416196502131732,task10_li2008_formula_custom_implementation,Lingua::EN::Fathom 1.27 / Syllable 0.251 / Sentence 0.33 under perl 5.34
Alphabet,Alphabet Inc._Earnings Call_2022-07-26T00_00_00_English.docx,2022-07-26,2022,FQ2,2023-01-20,-178,pre_2,0,0,0,,prepared_management,3722,215,608,0.1633530360021493,13.458772602876673,0,0,3668,215,625,17.039258,17.060465,13.639889,-0.1811163971233274,-1.3278436292504094,task10_li2008_formula_custom_implementation,Lingua::EN::Fathom 1.27 / Syllable 0.251 / Sentence 0.33 under perl 5.34
Alphabet,Alphabet Inc._Earnings Call_2022-07-26T00_00_00_English.docx,2022-07-26,2022,FQ2,2023-01-20,-178,pre_2,0,0,0,,managerial_qa,2627,137,366,0.1393224210125618,13.242969833203205,0,0,2621,137,345,13.162915,19.131387,12.917721,0.3252488332032044,2.5178499613299,task10_li2008_formula_custom_implementation,Lingua::EN::Fathom 1.27 / Syllable 0.251 / Sentence 0.33 under perl 5.34
Alphabet,Alphabet Inc._Earnings Call_2022-10-25T00_00_00_English.docx,2022-10-25,2022,FQ3,2023-01-20,-87,pre_1,0,0,0,,prepared_management,4029,224,710,0.1762223876892529,14.243538364712975,0,0,3986,224,709,17.787255,17.794643,14.232759,0.010779364712975692,0.07573629760031553,task10_li2008_formula_custom_implementation,Lingua::EN::Fathom 1.27 / Syllable 0.251 / Sentence 0.33 under perl 5.34
Alphabet,Alphabet Inc._Earnings Call_2022-10-25T00_00_00_English.docx,2022-10-25,2022,FQ3,2023-01-20,-87,pre_1,0,0,0,,managerial_qa,2636,135,359,0.1361911987860394,13.25801832181195,0,0,2628,132,339,12.899543,19.909091,13.123454,0.13456432181194877,1.025372754855153,task10_li2008_formula_custom_implementation,Lingua::EN::Fathom 1.27 / Syllable 0.251 / Sentence 0.33 under perl 5.34
Alphabet,Alphabet Inc._Earnings Call_2023-02-02T00_00_00_English.docx,2023-02-02,2022,FQ4,2023-01-20,13,post_1,0,0,0,,prepared_management,4200,244,830,0.1976190476190476,14.790007806401247,0,0,4162,241,826,19.846228,17.26971,14.846375,-0.056367193598751086,-0.37966974159517786,task10_li2008_formula_custom_implementation,Lingua::EN::Fathom 1.27 / Syllable 0.251 / Sentence 0.33 under perl 5.34
Alphabet,Alphabet Inc._Earnings Call_2023-02-02T00_00_00_English.docx,2023-02-02,2022,FQ4,2023-01-20,13,post_1,0,0,0,,managerial_qa,2372,116,357,0.1505059021922428,14.199546432517298,0,0,2362,116,342,14.479255,20.362069,13.93653,0.2630164325172988,1.8872447626295699,task10_li2008_formula_custom_implementation,Lingua::EN::Fathom 1.27 / Syllable 0.251 / Sentence 0.33 under perl 5.34
Alphabet,Alphabet Inc._Earnings Call_2023-04-25T00_00_00_English.docx,2023-04-25,2023,FQ1,2023-01-20,95,post_2,0,0,0,,prepared_management,4155,227,783,0.1884476534296029,14.859492040267815,0,0,4123,223,783,18.991026,18.488789,14.991926,-0.13243395973218242,-0.8833685527275309,task10_li2008_formula_custom_implementation,Lingua::EN::Fathom 1.27 / Syllable 0.251 / Sentence 0.33 under perl 5.34
Alphabet,Alphabet Inc._Earnings Call_2023-04-25T00_00_00_English.docx,2023-04-25,2023,FQ1,2023-01-20,95,post_2,0,0,0,,managerial_qa,2993,159,424,0.1416638823922485,13.196115044117615,0,0,2986,159,397,13.295378,18.779874,12.830101,0.36601404411761607,2.852776015696338,task10_li2008_formula_custom_implementation,Lingua::EN::Fathom 1.27 / Syllable 0.251 / Sentence 0.33 under perl 5.34
Alphabet,Alphabet Inc._Earnings Call_2023-07-25T00_00_00_English.docx,2023-07-25,2023,FQ2,2023-01-20,186,non_event,0,0,0,,prepared_management,4448,262,811,0.1823291366906475,14.08400516228239,0,0,4409,262,808,18.326151,16.828244,14.061758,0.02224716228239032,0.15821039078037272,task10_li2008_formula_custom_implementation,Lingua::EN::Fathom 1.27 / Syllable 0.251 / Sentence 0.33 under perl 5.34
Alphabet,Alphabet Inc._Earnings Call_2023-07-25T00_00_00_English.docx,2023-07-25,2023,FQ2,2023-01-20,186,non_event,0,0,0,,managerial_qa,2587,141,360,0.1391573250869733,12.905300095677513,0,0,2581,141,352,13.638125,18.304965,12.777236,0.1280640956775123,1.0022832455901443,task10_li2008_formula_custom_implementation,Lingua::EN::Fathom 1.27 / Syllable 0.251 / Sentence 0.33 under perl 5.34
Alphabet,Alphabet Inc._Earnings Call_2023-10-24T00_00_00_English.docx,2023-10-24,2023,FQ3,2023-01-20,277,non_event,0,0,0,,prepared_management,4055,221,765,0.18865598027127,14.885605726687906,0,0,4010,221,771,19.226933,18.144796,14.948692,-0.06308627331209316,-0.422018684391204,task10_li2008_formula_custom_implementation,Lingua::EN::Fathom 1.27 / Syllable 0.251 / Sentence 0.33 under perl 5.34
Alphabet,Alphabet Inc._Earnings Call_2023-10-24T00_00_00_English.docx,2023-10-24,2023,FQ3,2023-01-20,277,non_event,0,0,0,,managerial_qa,2334,127,323,0.138389031705227,12.886742370571287,0,0,2329,127,295,12.66638,18.338583,12.401985,0.48475737057128754,3.9087079251530104,task10_li2008_formula_custom_implementation,Lingua::EN::Fathom 1.27 / Syllable 0.251 / Sentence 0.33 under perl 5.34
Alphabet,Alphabet Inc._Earnings Call_2024-01-30T00_00_00_English.docx,2024-01-30,2023,FQ4,2023-01-20,375,non_event,0,0,0,,prepared_management,4345,256,825,0.189873417721519,14.38399920886076,0,0,4301,256,819,19.042083,16.800781,14.337146,0.046853208860760276,0.3267959248009351,task10_li2008_formula_custom_implementation,Lingua::EN::Fathom 1.27 / Syllable 0.251 / Sentence 0.33 under perl 5.34
Alphabet,Alphabet Inc._Earnings Call_2024-01-30T00_00_00_English.docx,2024-01-30,2023,FQ4,2023-01-20,375,non_event,0,0,0,,managerial_qa,2522,141,390,0.1546391752577319,13.340176939387296,0,0,2492,141,360,14.446228,17.673759,12.847995,0.4921819393872955,3.8308073702339978,task10_li2008_formula_custom_implementation,Lingua::EN::Fathom 1.27 / Syllable 0.251 / Sentence 0.33 under perl 5.34
Alphabet,Alphabet Inc._Earnings Call_2024-04-25T00_00_00_English.docx,2024-04-25,2024,FQ1,2023-01-20,461,non_event,0,0,0,,prepared_management,4546,254,847,0.186317641882974,14.611760793429198,0,0,4493,253,851,18.940574,17.758893,14.679787,-0.06802620657080105,-0.4634005014568744,task10_li2008_formula_custom_implementation,Lingua::EN::Fathom 1.27 / Syllable 0.251 / Sentence 0.33 under perl 5.34
Alphabet,Alphabet Inc._Earnings Call_2024-04-25T00_00_00_English.docx,2024-04-25,2024,FQ1,2023-01-20,461,non_event,0,0,0,,managerial_qa,2336,112,294,0.1258561643835616,13.37710371819961,0,0,2326,112,276,11.865864,20.767857,13.053489,0.3236147181996092,2.4791434550533515,task10_li2008_formula_custom_implementation,Lingua::EN::Fathom 1.27 / Syllable 0.251 / Sentence 0.33 under perl 5.34
Alphabet,Alphabet Inc._Earnings Call_2024-07-23T00_00_00_English.docx,2024-07-23,2024,FQ2,2023-01-20,550,non_event,0,0,0,,prepared_management,4406,249,793,0.1799818429414434,14.277185364244083,0,0,4356,248,790,18.135904,17.564516,14.280168,-0.002982635755914842,-0.020886559289182326,task10_li2008_formula_custom_implementation,Lingua::EN::Fathom 1.27 / Syllable 0.251 / Sentence 0.33 under perl 5.34
Alphabet,Alphabet Inc._Earnings Call_2024-07-23T00_00_00_English.docx,2024-07-23,2024,FQ2,2023-01-20,550,non_event,0,0,0,,managerial_qa,2733,153,379,0.1386754482253933,12.69211596823142,0,0,2721,151,367,13.487688,18.019868,12.603022,0.08909396823142046,0.7069254360693845,task10_li2008_formula_custom_implementation,Lingua::EN::Fathom 1.27 / Syllable 0.251 / Sentence 0.33 under perl 5.34
Alphabet,Alphabet Inc._Earnings Call_2024-10-29T00_00_00_English.docx,2024-10-29,2024,FQ3,2023-01-20,648,non_event,0,0,0,,prepared_management,4696,255,899,0.1914395229982964,15.02385542973578,0,0,4652,255,904,19.432502,18.243137,15.070256,-0.04640057026422184,-0.3078950368475614,task10_li2008_formula_custom_implementation,Lingua::EN::Fathom 1.27 / Syllable 0.251 / Sentence 0.33 under perl 5.34
Alphabet,Alphabet Inc._Earnings Call_2024-10-29T00_00_00_English.docx,2024-10-29,2024,FQ3,2023-01-20,648,non_event,0,0,0,,managerial_qa,3149,193,430,0.1365512861225786,11.988476315369468,0,0,3138,189,435,13.862333,16.603175,12.186203,-0.197726684630533,-1.6225454690893708,task10_li2008_formula_custom_implementation,Lingua::EN::Fathom 1.27 / Syllable 0.251 / Sentence 0.33 under perl 5.34
Alphabet,Alphabet Inc._Earnings Call_2025-02-04T00_00_00_English.docx,2025-02-04,2024,FQ4,2023-01-20,746,non_event,0,0,0,,prepared_management,4628,267,890,0.1923076923076923,14.625641025641029,0,0,4571,265,901,19.711223,17.249057,14.784112,-0.15847097435897162,-1.0719005264500947,task10_li2008_formula_custom_implementation,Lingua::EN::Fathom 1.27 / Syllable 0.251 / Sentence 0.33 under perl 5.34
Alphabet,Alphabet Inc._Earnings Call_2025-02-04T00_00_00_English.docx,2025-02-04,2024,FQ4,2023-01-20,746,non_event,0,0,0,,managerial_qa,2652,152,348,0.1312217194570135,12.227816146701596,0,0,2638,152,347,13.153904,17.355263,12.203667,0.024149146701597957,0.19788434657876158,task10_li2008_formula_custom_implementation,Lingua::EN::Fathom 1.27 / Syllable 0.251 / Sentence 0.33 under perl 5.34
Amazon,"Amazon.com, Inc._Earnings Call_2021-04-29T00_00_00_English.docx",2021-04-29,2021,FQ1,2022-11-16,-566,non_event,0,0,0,,prepared_management,1255,58,247,0.196812749003984,16.52768237395247,0,0,1238,58,251,20.274637,21.344828,16.647786,-0.12010362604753055,-0.7214390312773756,task10_li2008_formula_custom_implementation,Lingua::EN::Fathom 1.27 / Syllable 0.251 / Sentence 0.33 under perl 5.34
Amazon,"Amazon.com, Inc._Earnings Call_2021-04-29T00_00_00_English.docx",2021-04-29,2021,FQ1,2022-11-16,-566,non_event,0,0,0,,managerial_qa,3066,165,402,0.1311154598825831,12.6773456680306,0,0,3053,165,385,12.610547,18.50303,12.445431,0.23191466803060123,1.8634522824529038,task10_li2008_formula_custom_implementation,Lingua::EN::Fathom 1.27 / Syllable 0.251 / Sentence 0.33 under perl 5.34
Amazon,"Amazon.com, Inc._Earnings Call_2021-07-29T00_00_00_English.docx",2021-07-29,2021,FQ2,2022-11-16,-475,non_event,0,0,0,,prepared_management,1623,72,268,0.1651263093037584,15.621719038817004,0,0,1598,72,278,17.396746,22.194444,15.836476,-0.21475696118299403,-1.3560905922693536,task10_li2008_formula_custom_implementation,Lingua::EN::Fathom 1.27 / Syllable 0.251 / Sentence 0.33 under perl 5.34
Amazon,"Amazon.com, Inc._Earnings Call_2021-07-29T00_00_00_English.docx",2021-07-29,2021,FQ2,2022-11-16,-475,non_event,0,0,0,,managerial_qa,3110,184,346,0.1112540192926045,11.21103033692157,0,0,3086,183,344,11.147116,16.863388,11.204202,0.006828336921570255,0.06094442889882077,task10_li2008_formula_custom_implementation,Lingua::EN::Fathom 1.27 / Syllable 0.251 / Sentence 0.33 under perl 5.34
Amazon,"Amazon.com, Inc._Earnings Call_2021-10-28T00_00_00_English.docx",2021-10-28,2021,FQ3,2022-11-16,-384,non_event,0,0,0,,prepared_management,1978,85,392,0.198179979777553,17.23543448521977,0,0,1938,85,397,20.485036,22.8,17.314014,-0.0785795147802304,-0.4538492043510557,task10_li2008_formula_custom_implementation,Lingua::EN::Fathom 1.27 / Syllable 0.251 / Sentence 0.33 under perl 5.34
Amazon,"Amazon.com, Inc._Earnings Call_2021-10-28T00_00_00_English.docx",2021-10-28,2021,FQ3,2022-11-16,-384,non_event,0,0,0,,managerial_qa,3602,231,445,0.1235424764019988,11.178928493309392,0,0,3586,231,434,12.102621,15.52381,11.050572,0.1283564933093917,1.1615370978931379,task10_li2008_formula_custom_implementation,Lingua::EN::Fathom 1.27 / Syllable 0.251 / Sentence 0.33 under perl 5.34
Amazon,"Amazon.com, Inc._Earnings Call_2022-02-03T00_00_00_English.docx",2022-02-03,2021,FQ4,2022-11-16,-286,non_event,0,0,0,,prepared_management,1787,84,372,0.2081701175153889,16.836328510139367,0,0,1772,84,391,22.065463,21.095238,17.26428,-0.42795148986063225,-2.4788261651261,task10_li2008_formula_custom_implementation,Lingua::EN::Fathom 1.27 / Syllable 0.251 / Sentence 0.33 under perl 5.34
Amazon,"Amazon.com, Inc._Earnings Call_2022-02-03T00_00_00_English.docx",2022-02-03,2021,FQ4,2022-11-16,-286,non_event,0,0,0,,managerial_qa,3317,189,421,0.1269219173952366,12.096982515915286,0,0,3286,189,423,12.872794,17.386243,12.103615,-0.006632484084713397,-0.05479754672230897,task10_li2008_formula_custom_implementation,Lingua::EN::Fathom 1.27 / Syllable 0.251 / Sentence 0.33 under perl 5.34
Amazon,"Amazon.com, Inc._Earnings Call_2022-04-28T00_00_00_English.docx",2022-04-28,2022,FQ1,2022-11-16,-202,non_event,0,0,0,,prepared_management,1890,97,358,0.1894179894179894,15.370534009709267,0,0,1872,97,370,19.764957,19.298969,15.625571,-0.2550369902907317,-1.6321770915810478,task10_li2008_formula_custom_implementation,Lingua::EN::Fathom 1.27 / Syllable 0.251 / Sentence 0.33 under perl 5.34
Amazon,"Amazon.com, Inc._Earnings Call_2022-04-28T00_00_00_English.docx",2022-04-28,2022,FQ1,2022-11-16,-202,non_event,0,0,0,,managerial_qa,2610,137,304,0.1164750957854406,12.279441787622003,0,0,2596,137,284,10.939908,18.948905,11.955525,0.3239167876220055,2.709348084856211,task10_li2008_formula_custom_implementation,Lingua::EN::Fathom 1.27 / Syllable 0.251 / Sentence 0.33 under perl 5.34
Amazon,"Amazon.com, Inc._Earnings Call_2022-07-28T00_00_00_English.docx",2022-07-28,2022,FQ2,2022-11-16,-111,pre_2,0,0,0,,prepared_management,1864,98,350,0.1877682403433476,15.118892879040027,0,0,1827,98,381,20.853859,18.642857,15.798686,-0.6797931209599728,-4.302845951618842,task10_li2008_formula_custom_implementation,Lingua::EN::Fathom 1.27 / Syllable 0.251 / Sentence 0.33 under perl 5.34
Amazon,"Amazon.com, Inc._Earnings Call_2022-07-28T00_00_00_English.docx",2022-07-28,2022,FQ2,2022-11-16,-111,pre_2,0,0,0,,managerial_qa,3021,168,400,0.132406487917908,12.489116659573464,0,0,2999,166,389,12.97099,18.066265,12.414902,0.07421465957346385,0.5977869142540461,task10_li2008_formula_custom_implementation,Lingua::EN::Fathom 1.27 / Syllable 0.251 / Sentence 0.33 under perl 5.34
Amazon,"Amazon.com, Inc._Earnings Call_2022-10-27T00_00_00_English.docx",2022-10-27,2022,FQ3,2022-11-16,-20,pre_1,0,0,0,,prepared_management,1755,76,332,0.1891737891737892,16.803793672214727,0,0,1734,76,347,20.011534,22.815789,17.130929,-0.3271353277852711,-1.9096181402962509,task10_li2008_formula_custom_implementation,Lingua::EN::Fathom 1.27 / Syllable 0.251 / Sentence 0.33 under perl 5.34
Amazon,"Amazon.com, Inc._Earnings Call_2022-10-27T00_00_00_English.docx",2022-10-27,2022,FQ3,2022-11-16,-20,pre_1,0,0,0,,managerial_qa,2453,157,296,0.1206685690990623,11.076424292624916,0,0,2436,157,293,12.027915,15.515924,11.017535,0.05888929262491516,0.5345051558712104,task10_li2008_formula_custom_implementation,Lingua::EN::Fathom 1.27 / Syllable 0.251 / Sentence 0.33 under perl 5.34
Amazon,"Amazon.com, Inc._Earnings Call_2023-02-02T00_00_00_English.docx",2023-02-02,2022,FQ4,2022-11-16,78,post_1,0,0,0,,prepared_management,1901,87,377,0.1983166754339821,16.672896902416756,0,0,1888,87,398,21.080508,21.701149,17.112663,-0.43976609758324514,-2.5698285391539883,task10_li2008_formula_custom_implementation,Lingua::EN::Fathom 1.27 / Syllable 0.251 / Sentence 0.33 under perl 5.34
Amazon,"Amazon.com, Inc._Earnings Call_2023-02-02T00_00_00_English.docx",2023-02-02,2022,FQ4,2022-11-16,78,post_1,0,0,0,,managerial_qa,4399,207,537,0.1220731984541941,13.383411029955203,0,0,4388,207,548,12.488605,21.198068,13.474669,-0.0912579700447953,-0.6772557459095678,task10_li2008_formula_custom_implementation,Lingua::EN::Fathom 1.27 / Syllable 0.251 / Sentence 0.33 under perl 5.34
Amazon,"Amazon.com, Inc._Earnings Call_2023-04-27T00_00_00_English.docx",2023-04-27,2023,FQ1,2022-11-16,162,post_2,0,0,0,,prepared_management,2362,103,462,0.1955969517358171,16.996693603413267,0,0,2349,103,477,20.306513,22.805825,17.244935,-0.24824139658673516,-1.4395032314516416,task10_li2008_formula_custom_implementation,Lingua::EN::Fathom 1.27 / Syllable 0.251 / Sentence 0.33 under perl 5.34
Amazon,"Amazon.com, Inc._Earnings Call_2023-04-27T00_00_00_English.docx",2023-04-27,2023,FQ1,2022-11-16,162,post_2,0,0,0,,managerial_qa,4252,200,563,0.1324082784571966,13.800331138287866,0,0,4245,199,587,13.828033,21.331658,14.063877,-0.26354586171213334,-1.873920411221837,task10_li2008_formula_custom_implementation,Lingua::EN::Fathom 1.27 / Syllable 0.251 / Sentence 0.33 under perl 5.34
Amazon,"Amazon.com, Inc._Earnings Call_2023-08-03T00_00_00_English.docx",2023-08-03,2023,FQ2,2022-11-16,260,non_event,0,0,0,,prepared_management,3646,162,688,0.1886999451453647,16.55046694161706,0,0,3622,161,733,20.237438,22.496894,17.093733,-0.5432660583829403,-3.1781592609580382,task10_li2008_formula_custom_implementation,Lingua::EN::Fathom 1.27 / Syllable 0.251 / Sentence 0.33 under perl 5.34
Amazon,"Amazon.com, Inc._Earnings Call_2023-08-03T00_00_00_English.docx",2023-08-03,2023,FQ2,2022-11-16,260,non_event,0,0,0,,managerial_qa,2714,128,297,0.1094325718496683,12.858552873986737,0,0,2707,127,325,12.005911,21.314961,13.328348,-0.46979512601326334,-3.524781360850297,task10_li2008_formula_custom_implementation,Lingua::EN::Fathom 1.27 / Syllable 0.251 / Sentence 0.33 under perl 5.34
Amazon,"Amazon.com, Inc._Earnings Call_2023-10-26T00_00_00_English.docx",2023-10-26,2023,FQ3,2022-11-16,344,non_event,0,0,0,,prepared_management,3743,157,772,0.206251669783596,17.786372523827918,0,0,3721,157,786,21.123354,23.700637,17.929596,-0.1432234761720821,-0.7988103924487874,task10_li2008_formula_custom_implementation,Lingua::EN::Fathom 1.27 / Syllable 0.251 / Sentence 0.33 under perl 5.34
Amazon,"Amazon.com, Inc._Earnings Call_2023-10-26T00_00_00_English.docx",2023-10-26,2023,FQ3,2022-11-16,344,non_event,0,0,0,,managerial_qa,3816,177,512,0.1341719077568134,13.99060512383186,0,0,3806,177,510,13.399895,21.502825,13.961088,0.029517123831858783,0.21142423736501612,task10_li2008_formula_custom_implementation,Lingua::EN::Fathom 1.27 / Syllable 0.251 / Sentence 0.33 under perl 5.34
Amazon,"Amazon.com, Inc._Earnings Call_2024-02-01T00_00_00_English.docx",2024-02-01,2023,FQ4,2022-11-16,442,non_event,0,0,0,,prepared_management,3705,162,729,0.1967611336032388,17.018593492277706,0,0,3668,162,748,20.392585,22.641975,17.213824,-0.1952305077222931,-1.1341495516759852,task10_li2008_formula_custom_implementation,Lingua::EN::Fathom 1.27 / Syllable 0.251 / Sentence 0.33 under perl 5.34
Amazon,"Amazon.com, Inc._Earnings Call_2024-02-01T00_00_00_English.docx",2024-02-01,2023,FQ4,2022-11-16,442,non_event,0,0,0,,managerial_qa,3973,199,540,0.1359174427384847,13.422627357780597,0,0,3956,197,548,13.852376,20.081218,13.573438,-0.15081064221940288,-1.111071802290642,task10_li2008_formula_custom_implementation,Lingua::EN::Fathom 1.27 / Syllable 0.251 / Sentence 0.33 under perl 5.34
Amazon,"Amazon.com, Inc._Earnings Call_2024-04-30T00_00_00_English.docx",2024-04-30,2024,FQ1,2022-11-16,531,non_event,0,0,0,,prepared_management,3849,179,779,0.2023902312288906,16.69672656759138,0,0,3803,179,767,20.168288,21.24581,16.565639,0.13108756759137918,0.7913221312584391,task10_li2008_formula_custom_implementation,Lingua::EN::Fathom 1.27 / Syllable 0.251 / Sentence 0.33 under perl 5.34
Amazon,"Amazon.com, Inc._Earnings Call_2024-04-30T00_00_00_English.docx",2024-04-30,2024,FQ1,2022-11-16,531,non_event,0,0,0,,managerial_qa,3765,192,461,0.1224435590969455,12.741492363877825,0,0,3756,192,464,12.353568,19.5625,12.766427,-0.024934636122177167,-0.19531413231107786,task10_li2008_formula_custom_implementation,Lingua::EN::Fathom 1.27 / Syllable 0.251 / Sentence 0.33 under perl 5.34
Amazon,"Amazon.com, Inc._Earnings Call_2024-08-01T00_00_00_English.docx",2024-08-01,2024,FQ2,2022-11-16,624,non_event,0,0,0,,prepared_management,3525,164,690,0.1957446808510638,16.42734820965231,0,0,3497,164,696,19.902774,21.323171,16.490378,-0.06302979034769152,-0.3822216224982321,task10_li2008_formula_custom_implementation,Lingua::EN::Fathom 1.27 / Syllable 0.251 / Sentence 0.33 under perl 5.34
Amazon,"Amazon.com, Inc._Earnings Call_2024-08-01T00_00_00_English.docx",2024-08-01,2024,FQ2,2022-11-16,624,non_event,0,0,0,,managerial_qa,3402,149,402,0.1181657848324514,13.859517299338329,0,0,3375,149,408,12.088889,22.651007,13.895958,-0.0364407006616716,-0.26223957111608714,task10_li2008_formula_custom_implementation,Lingua::EN::Fathom 1.27 / Syllable 0.251 / Sentence 0.33 under perl 5.34
Amazon,"Amazon.com, Inc._Earnings Call_2024-10-31T00_00_00_English.docx",2024-10-31,2024,FQ3,2022-11-16,715,non_event,0,0,0,,prepared_management,3460,150,697,0.2014450867052023,17.284470134874763,0,0,3428,150,698,20.361727,22.853333,17.286024,-0.0015538651252384739,-0.008989141315773216,task10_li2008_formula_custom_implementation,Lingua::EN::Fathom 1.27 / Syllable 0.251 / Sentence 0.33 under perl 5.34
Amazon,"Amazon.com, Inc._Earnings Call_2024-10-31T00_00_00_English.docx",2024-10-31,2024,FQ3,2022-11-16,715,non_event,0,0,0,,managerial_qa,3218,163,397,0.1233685518955873,12.831674591160915,0,0,3207,162,391,12.19208,19.796296,12.79535,0.03632459116091802,0.28388899999545164,task10_li2008_formula_custom_implementation,Lingua::EN::Fathom 1.27 / Syllable 0.251 / Sentence 0.33 under perl 5.34
Amazon,"Amazon.com, Inc._Earnings Call_2025-02-06T00_00_00_English.docx",2025-02-06,2024,FQ4,2022-11-16,813,non_event,0,0,0,,prepared_management,3823,170,763,0.1995814805126863,16.978553338154512,0,0,3776,170,777,20.577331,22.211765,17.115638,-0.1370846618454884,-0.8009322342847424,task10_li2008_formula_custom_implementation,Lingua::EN::Fathom 1.27 / Syllable 0.251 / Sentence 0.33 under perl 5.34
Amazon,"Amazon.com, Inc._Earnings Call_2025-02-06T00_00_00_English.docx",2025-02-06,2024,FQ4,2022-11-16,813,non_event,0,0,0,,managerial_qa,3350,122,399,0.1191044776119403,15.747785661854662,0,0,3346,120,398,11.8948,27.883333,15.911253,-0.1634673381453382,-1.0273693601964484,task10_li2008_formula_custom_implementation,Lingua::EN::Fathom 1.27 / Syllable 0.251 / Sentence 0.33 under perl 5.34
Block,"Block, Inc._Earnings Call_2021-05-06T00_00_00_English.docx",2021-05-06,2021,FQ1,2024-01-30,-999,non_event,0,0,0,,prepared_management,1785,93,294,0.1647058823529411,14.265654648956357,0,0,1771,93,294,16.600791,19.043011,14.257521,0.008133648956356154,0.057048128888298,task10_li2008_formula_custom_implementation,Lingua::EN::Fathom 1.27 / Syllable 0.251 / Sentence 0.33 under perl 5.34
Block,"Block, Inc._Earnings Call_2021-05-06T00_00_00_English.docx",2021-05-06,2021,FQ1,2024-01-30,-999,non_event,0,0,0,,managerial_qa,5069,234,585,0.1154073781811008,13.2812523922013,0,0,5046,230,567,11.236623,21.93913,13.270301,0.01095139220129937,0.08252557497602632,task10_li2008_formula_custom_implementation,Lingua::EN::Fathom 1.27 / Syllable 0.251 / Sentence 0.33 under perl 5.34
Block,"Block, Inc._Earnings Call_2021-08-02T00_00_00_English.docx",2021-08-02,2021,FQ2,2024-01-30,-911,non_event,0,0,0,,prepared_management,2029,100,384,0.189255791030064,15.686231641202562,0,0,2016,100,398,19.742063,20.16,15.960825,-0.2745933587974374,-1.7204208353730925,task10_li2008_formula_custom_implementation,Lingua::EN::Fathom 1.27 / Syllable 0.251 / Sentence 0.33 under perl 5.34
Block,"Block, Inc._Earnings Call_2021-08-02T00_00_00_English.docx",2021-08-02,2021,FQ2,2024-01-30,-911,non_event,0,0,0,,managerial_qa,2221,100,314,0.1413777577667717,14.539110310670871,0,0,2208,97,329,14.900362,22.762887,15.0653,-0.5261896893291294,-3.4927262605399783,task10_li2008_formula_custom_implementation,Lingua::EN::Fathom 1.27 / Syllable 0.251 / Sentence 0.33 under perl 5.34
Block,"Block, Inc._Earnings Call_2021-11-04T00_00_00_English.docx",2021-11-04,2021,FQ3,2024-01-30,-817,non_event,0,0,0,,prepared_management,1950,91,324,0.1661538461538461,15.21758241758242,0,0,1930,91,338,17.512953,21.208791,15.488698,-0.2711155824175808,-1.750409120363641,task10_li2008_formula_custom_implementation,Lingua::EN::Fathom 1.27 / Syllable 0.251 / Sentence 0.33 under perl 5.34
Block,"Block, Inc._Earnings Call_2021-11-04T00_00_00_English.docx",2021-11-04,2021,FQ3,2024-01-30,-817,non_event,0,0,0,,managerial_qa,4120,173,583,0.141504854368932,15.186205735450924,0,0,4107,173,561,13.659606,23.739884,14.959796,0.22640973545092358,1.5134546985194421,task10_li2008_formula_custom_implementation,Lingua::EN::Fathom 1.27 / Syllable 0.251 / Sentence 0.33 under perl 5.34
Block,"Block, Inc._Earnings Call_2022-02-24T00_00_00_English.docx",2022-02-24,2021,FQ4,2024-01-30,-705,non_event,0,0,0,,prepared_management,3042,148,550,0.1808021038790269,15.453705776782698,0,0,3023,148,563,18.623884,20.425676,15.619824,-0.16611822321730152,-1.0635089308131866,task10_li2008_formula_custom_implementation,Lingua::EN::Fathom 1.27 / Syllable 0.251 / Sentence 0.33 under perl 5.34
Block,"Block, Inc._Earnings Call_2022-02-24T00_00_00_English.docx",2022-02-24,2021,FQ4,2024-01-30,-705,non_event,0,0,0,,managerial_qa,4095,181,579,0.1413919413919414,14.705401412583734,0,0,4077,181,559,13.711062,22.524862,14.49437,0.21103141258373448,1.4559543642375246,task10_li2008_formula_custom_implementation,Lingua::EN::Fathom 1.27 / Syllable 0.251 / Sentence 0.33 under perl 5.34
Block,"Block, Inc._Earnings Call_2022-05-05T00_00_00_English.docx",2022-05-05,2022,FQ1,2024-01-30,-635,non_event,0,0,0,,prepared_management,2416,127,396,0.1639072847682119,14.165740209626115,0,0,2399,127,393,16.381826,18.889764,14.108636,0.05710420962611451,0.40474649445995,task10_li2008_formula_custom_implementation,Lingua::EN::Fathom 1.27 / Syllable 0.251 / Sentence 0.33 under perl 5.34
Block,"Block, Inc._Earnings Call_2022-05-05T00_00_00_English.docx",2022-05-05,2022,FQ1,2024-01-30,-635,non_event,0,0,0,,managerial_qa,4019,189,482,0.1199303309280915,13.30303334294377,0,0,4000,185,474,11.85,21.621622,13.388649,-0.08561565705622876,-0.6394644975473535,task10_li2008_formula_custom_implementation,Lingua::EN::Fathom 1.27 / Syllable 0.251 / Sentence 0.33 under perl 5.34
Block,"Block, Inc._Earnings Call_2022-08-04T00_00_00_English.docx",2022-08-04,2022,FQ2,2024-01-30,-544,non_event,0,0,0,,prepared_management,3106,152,508,0.163554410817772,14.7158606432372,0,0,3076,152,524,17.035111,20.236842,14.908781,-0.19292035676279973,-1.2940049006206458,task10_li2008_formula_custom_implementation,Lingua::EN::Fathom 1.27 / Syllable 0.251 / Sentence 0.33 under perl 5.34
Block,"Block, Inc._Earnings Call_2022-08-04T00_00_00_English.docx",2022-08-04,2022,FQ2,2024-01-30,-544,non_event,0,0,0,,managerial_qa,4449,177,631,0.1418296246347493,15.727422273525567,0,0,4431,173,639,14.421124,25.612717,16.013536,-0.28611372647442934,-1.7866992429056854,task10_li2008_formula_custom_implementation,Lingua::EN::Fathom 1.27 / Syllable 0.251 / Sentence 0.33 under perl 5.34
Block,"Block, Inc._Earnings Call_2022-11-03T00_00_00_English.docx",2022-11-03,2022,FQ3,2024-01-30,-453,non_event,0,0,0,,prepared_management,3027,142,506,0.1671622068054179,15.213248835597,0,0,2988,142,521,17.436412,21.042254,15.391466,-0.17821716440299973,-1.1578959691234074,task10_li2008_formula_custom_implementation,Lingua::EN::Fathom 1.27 / Syllable 0.251 / Sentence 0.33 under perl 5.34
Block,"Block, Inc._Earnings Call_2022-11-03T00_00_00_English.docx",2022-11-03,2022,FQ3,2024-01-30,-453,non_event,0,0,0,,managerial_qa,4464,173,641,0.1435931899641577,16.065114881803304,0,0,4446,173,660,14.844804,25.699422,16.217691,-0.15257611819669492,-0.9408005011113785,task10_li2008_formula_custom_implementation,Lingua::EN::Fathom 1.27 / Syllable 0.251 / Sentence 0.33 under perl 5.34
Block,"Block, Inc._Earnings Call_2023-02-23T00_00_00_English.docx",2023-02-23,2022,FQ4,2024-01-30,-341,non_event,0,0,0,,prepared_management,2745,135,524,0.1908925318761384,15.769034608378872,0,0,2732,135,546,19.985359,20.237037,16.088958,-0.3199233916211295,-1.9884655775789175,task10_li2008_formula_custom_implementation,Lingua::EN::Fathom 1.27 / Syllable 0.251 / Sentence 0.33 under perl 5.34
Block,"Block, Inc._Earnings Call_2023-02-23T00_00_00_English.docx",2023-02-23,2022,FQ4,2024-01-30,-341,non_event,0,0,0,,managerial_qa,4345,207,576,0.1325661680092059,13.698781986068724,0,0,4302,203,562,13.063691,21.192118,13.702324,-0.003542013931276955,-0.02584973126658627,task10_li2008_formula_custom_implementation,Lingua::EN::Fathom 1.27 / Syllable 0.251 / Sentence 0.33 under perl 5.34
Block,"Block, Inc._Earnings Call_2023-05-04T00_00_00_English.docx",2023-05-04,2023,FQ1,2024-01-30,-271,non_event,0,0,0,,prepared_management,2519,125,450,0.1786423183803096,15.206492735212386,0,0,2501,123,454,18.152739,20.333333,15.394429,-0.1879362647876146,-1.2208069866548126,task10_li2008_formula_custom_implementation,Lingua::EN::Fathom 1.27 / Syllable 0.251 / Sentence 0.33 under perl 5.34
Block,"Block, Inc._Earnings Call_2023-05-04T00_00_00_English.docx",2023-05-04,2023,FQ1,2024-01-30,-271,non_event,0,0,0,,managerial_qa,4415,210,668,0.1513023782559456,14.461618939761635,0,0,4383,210,648,14.784394,20.871429,14.262329,0.1992899397616359,1.3973169442496798,task10_li2008_formula_custom_implementation,Lingua::EN::Fathom 1.27 / Syllable 0.251 / Sentence 0.33 under perl 5.34
Block,"Block, Inc._Earnings Call_2023-08-03T00_00_00_English.docx",2023-08-03,2023,FQ2,2024-01-30,-180,pre_2,0,0,0,,prepared_management,2113,102,365,0.1727401798390913,15.195881703367576,0,0,2093,102,358,17.104634,20.519608,15.049697,0.1461847033675756,0.9713464886872846,task10_li2008_formula_custom_implementation,Lingua::EN::Fathom 1.27 / Syllable 0.251 / Sentence 0.33 under perl 5.34
Block,"Block, Inc._Earnings Call_2023-08-03T00_00_00_English.docx",2023-08-03,2023,FQ2,2024-01-30,-180,pre_2,0,0,0,,managerial_qa,4850,216,644,0.1327835051546392,14.29282168766705,0,0,4793,215,626,13.060714,22.293023,14.141495,0.1513266876670496,1.070089744168135,task10_li2008_formula_custom_implementation,Lingua::EN::Fathom 1.27 / Syllable 0.251 / Sentence 0.33 under perl 5.34
Block,"Block, Inc._Earnings Call_2023-11-02T00_00_00_English.docx",2023-11-02,2023,FQ3,2024-01-30,-89,pre_1,0,0,0,,prepared_management,1969,97,323,0.1640426612493651,14.681294078840589,0,0,1950,97,331,16.974359,20.103093,14.830981,-0.14968692115941273,-1.0092853679700131,task10_li2008_formula_custom_implementation,Lingua::EN::Fathom 1.27 / Syllable 0.251 / Sentence 0.33 under perl 5.34
Block,"Block, Inc._Earnings Call_2023-11-02T00_00_00_English.docx",2023-11-02,2023,FQ3,2024-01-30,-89,pre_1,0,0,0,,managerial_qa,4956,214,629,0.1269168684422921,14.340226139560848,0,0,4933,212,624,12.649503,23.268868,14.367349,-0.02712286043915313,-0.18878124585929615,task10_li2008_formula_custom_implementation,Lingua::EN::Fathom 1.27 / Syllable 0.251 / Sentence 0.33 under perl 5.34
Block,"Block, Inc._Earnings Call_2024-02-22T00_00_00_English.docx",2024-02-22,2023,FQ4,2024-01-30,23,post_1,0,0,0,,prepared_management,1490,69,246,0.1651006711409396,15.241708005057877,0,0,1469,69,254,17.290674,21.289855,15.432212,-0.190503994942123,-1.2344568292745266,task10_li2008_formula_custom_implementation,Lingua::EN::Fathom 1.27 / Syllable 0.251 / Sentence 0.33 under perl 5.34
Block,"Block, Inc._Earnings Call_2024-02-22T00_00_00_English.docx",2024-02-22,2023,FQ4,2024-01-30,23,post_1,0,0,0,,managerial_qa,5274,230,628,0.1190747061054228,13.935162157260391,0,0,5254,230,631,12.009897,22.843478,13.94135,-0.0061878427396084845,-0.04438481739292453,task10_li2008_formula_custom_implementation,Lingua::EN::Fathom 1.27 / Syllable 0.251 / Sentence 0.33 under perl 5.34
Block,"Block, Inc._Earnings Call_2024-05-02T00_00_00_English.docx",2024-05-02,2024,FQ1,2024-01-30,93,post_2,0,0,0,,prepared_management,1041,56,191,0.1834774255523535,14.774811307808427,0,0,1034,56,189,18.27853,18.464286,14.697126,0.07768530780842653,0.5285748234615838,task10_li2008_formula_custom_implementation,Lingua::EN::Fathom 1.27 / Syllable 0.251 / Sentence 0.33 under perl 5.34
Block,"Block, Inc._Earnings Call_2024-05-02T00_00_00_English.docx",2024-05-02,2024,FQ1,2024-01-30,93,post_2,0,0,0,,managerial_qa,4196,195,481,0.1146329837940896,13.192498838943074,0,0,4164,195,486,11.67147,21.353846,13.210126,-0.017627161056926965,-0.1334367367648648,task10_li2008_formula_custom_implementation,Lingua::EN::Fathom 1.27 / Syllable 0.251 / Sentence 0.33 under perl 5.34
Block,"Block, Inc._Earnings Call_2024-08-01T00_00_00_English.docx",2024-08-01,2024,FQ2,2024-01-30,184,non_event,0,0,0,,prepared_management,1405,77,255,0.1814946619217081,14.558487775569626,0,0,1397,77,257,18.396564,18.142857,14.615768,-0.057280224430373394,-0.3919070447093399,task10_li2008_formula_custom_implementation,Lingua::EN::Fathom 1.27 / Syllable 0.251 / Sentence 0.33 under perl 5.34
Block,"Block, Inc._Earnings Call_2024-08-01T00_00_00_English.docx",2024-08-01,2024,FQ2,2024-01-30,184,non_event,0,0,0,,managerial_qa,4419,215,569,0.1287621633853813,13.371881884252463,0,0,4403,212,576,13.08199,20.768868,13.540343,-0.16846111574753664,-1.2441421590836852,task10_li2008_formula_custom_implementation,Lingua::EN::Fathom 1.27 / Syllable 0.251 / Sentence 0.33 under perl 5.34
Block,"Block, Inc._Earnings Call_2024-11-07T00_00_00_English.docx",2024-11-07,2024,FQ3,2024-01-30,282,non_event,0,0,0,,prepared_management,1185,65,186,0.1569620253164557,13.57078870496592,0,0,1176,65,204,17.346939,18.092308,14.175699,-0.6049102950340792,-4.2672343355631295,task10_li2008_formula_custom_implementation,Lingua::EN::Fathom 1.27 / Syllable 0.251 / Sentence 0.33 under perl 5.34
Block,"Block, Inc._Earnings Call_2024-11-07T00_00_00_English.docx",2024-11-07,2024,FQ3,2024-01-30,282,non_event,0,0,0,,managerial_qa,5090,216,684,0.1343811394891945,14.801171505493706,0,0,5062,212,675,13.33465,23.877358,14.884804,-0.08363249450629517,-0.5618649362550906,task10_li2008_formula_custom_implementation,Lingua::EN::Fathom 1.27 / Syllable 0.251 / Sentence 0.33 under perl 5.34
Block,"Block, Inc._Earnings Call_2025-02-20T00_00_00_English.docx",2025-02-20,2024,FQ4,2024-01-30,387,non_event,0,0,0,,prepared_management,1348,67,220,0.1632047477744807,14.57595110500908,0,0,1339,67,236,17.625093,19.985075,15.044067,-0.46811589499091966,-3.1116312828899235,task10_li2008_formula_custom_implementation,Lingua::EN::Fathom 1.27 / Syllable 0.251 / Sentence 0.33 under perl 5.34
Block,"Block, Inc._Earnings Call_2025-02-20T00_00_00_English.docx",2025-02-20,2024,FQ4,2024-01-30,387,non_event,0,0,0,,managerial_qa,5151,220,623,0.1209473888565327,14.203350099715855,0,0,5108,220,625,12.235709,23.218182,14.181556,0.021794099715854998,0.15367918524494065,task10_li2008_formula_custom_implementation,Lingua::EN::Fathom 1.27 / Syllable 0.251 / Sentence 0.33 under perl 5.34
Cisco,"Cisco Systems, Inc._Earnings Call_2020-11-12T00_00_00_English.docx",2020-11-12,2021,FQ1,2024-08-09,-1366,non_event,0,0,1,sample_boundary,prepared_management,2665,148,568,0.2131332082551594,15.72803103290908,0,0,2647,148,576,21.760484,17.885135,15.858247,-0.1302159670909191,-0.8211245990235811,task10_li2008_formula_custom_implementation,Lingua::EN::Fathom 1.27 / Syllable 0.251 / Sentence 0.33 under perl 5.34
Cisco,"Cisco Systems, Inc._Earnings Call_2020-11-12T00_00_00_English.docx",2020-11-12,2021,FQ1,2024-08-09,-1366,non_event,0,0,1,sample_boundary,managerial_qa,3690,213,369,0.1,10.929577464788734,0,0,3652,214,369,10.104053,17.065421,10.867789,0.06178846478873368,0.5685467834233225,task10_li2008_formula_custom_implementation,Lingua::EN::Fathom 1.27 / Syllable 0.251 / Sentence 0.33 under perl 5.34
Cisco,"Cisco Systems, Inc._Earnings Call_2021-02-09T00_00_00_English.docx",2021-02-09,2021,FQ2,2024-08-09,-1277,non_event,0,0,1,sample_boundary,prepared_management,3231,159,721,0.2231507273290003,17.054330979952464,0,0,3201,159,720,22.492971,20.132075,17.050019,0.00431197995246535,0.025290176817195045,task10_li2008_formula_custom_implementation,Lingua::EN::Fathom 1.27 / Syllable 0.251 / Sentence 0.33 under perl 5.34
Cisco,"Cisco Systems, Inc._Earnings Call_2021-02-09T00_00_00_English.docx",2021-02-09,2021,FQ2,2024-08-09,-1277,non_event,0,0,1,sample_boundary,managerial_qa,4704,266,490,0.1041666666666666,11.240350877192984,0,0,4669,263,497,10.644678,17.752852,11.359012,-0.11866112280701557,-1.0446429918994327,task10_li2008_formula_custom_implementation,Lingua::EN::Fathom 1.27 / Syllable 0.251 / Sentence 0.33 under perl 5.34
Cisco,"Cisco Systems, Inc._Earnings Call_2021-05-19T00_00_00_English.docx",2021-05-19,2021,FQ3,2024-08-09,-1178,non_event,0,0,1,sample_boundary,prepared_management,3290,165,715,0.2173252279635258,16.668766694298608,0,0,3260,164,723,22.177914,19.878049,16.822385,-0.1536183057013929,-0.9131779215693429,task10_li2008_formula_custom_implementation,Lingua::EN::Fathom 1.27 / Syllable 0.251 / Sentence 0.33 under perl 5.34
Cisco,"Cisco Systems, Inc._Earnings Call_2021-05-19T00_00_00_English.docx",2021-05-19,2021,FQ3,2024-08-09,-1178,non_event,0,0,1,sample_boundary,managerial_qa,4312,270,427,0.099025974025974,10.34918710918711,0,0,4282,264,437,10.205511,16.219697,10.570083,-0.22089589081289063,-2.0898217243222272,task10_li2008_formula_custom_implementation,Lingua::EN::Fathom 1.27 / Syllable 0.251 / Sentence 0.33 under perl 5.34
Cisco,"Cisco Systems, Inc._Earnings Call_2021-08-18T00_00_00_English.docx",2021-08-18,2021,FQ4,2024-08-09,-1087,non_event,0,0,1,sample_boundary,prepared_management,3285,171,670,0.2039573820395738,15.842505807898744,0,0,3252,170,684,21.03321,19.129412,16.065049,-0.22254319210125395,-1.3852630770142935,task10_li2008_formula_custom_implementation,Lingua::EN::Fathom 1.27 / Syllable 0.251 / Sentence 0.33 under perl 5.34
Cisco,"Cisco Systems, Inc._Earnings Call_2021-08-18T00_00_00_English.docx",2021-08-18,2021,FQ4,2024-08-09,-1087,non_event,0,0,1,sample_boundary,managerial_qa,4469,267,482,0.1078541060639964,11.00929532870218,0,0,4441,261,488,10.988516,17.015326,11.201537,-0.1922416712978201,-1.7162079748325618,task10_li2008_formula_custom_implementation,Lingua::EN::Fathom 1.27 / Syllable 0.251 / Sentence 0.33 under perl 5.34
Cisco,"Cisco Systems, Inc._Earnings Call_2021-11-17T00_00_00_English.docx",2021-11-17,2022,FQ1,2024-08-09,-996,non_event,0,0,1,sample_boundary,prepared_management,2979,158,618,0.2074521651560926,15.83985875814244,0,0,2955,158,624,21.116751,18.702532,15.927713,-0.08785424185755986,-0.5515810201851318,task10_li2008_formula_custom_implementation,Lingua::EN::Fathom 1.27 / Syllable 0.251 / Sentence 0.33 under perl 5.34
Cisco,"Cisco Systems, Inc._Earnings Call_2021-11-17T00_00_00_English.docx",2021-11-17,2022,FQ1,2024-08-09,-996,non_event,0,0,1,sample_boundary,managerial_qa,4877,309,484,0.0992413368874308,10.282922083911473,0,0,4845,314,490,10.113519,15.429936,10.217382,0.06554008391147192,0.6414567245452105,task10_li2008_formula_custom_implementation,Lingua::EN::Fathom 1.27 / Syllable 0.251 / Sentence 0.33 under perl 5.34
Cisco,"Cisco Systems, Inc._Earnings Call_2022-02-16T00_00_00_English.docx",2022-02-16,2022,FQ2,2024-08-09,-905,non_event,0,0,1,sample_boundary,prepared_management,2942,155,606,0.2059823249490142,15.8315510624767,0,0,2908,155,612,21.045392,18.76129,15.922673,-0.09112193752329922,-0.5722778928091987,task10_li2008_formula_custom_implementation,Lingua::EN::Fathom 1.27 / Syllable 0.251 / Sentence 0.33 under perl 5.34
Cisco,"Cisco Systems, Inc._Earnings Call_2022-02-16T00_00_00_English.docx",2022-02-16,2022,FQ2,2024-08-09,-905,non_event,0,0,1,sample_boundary,managerial_qa,4102,248,419,0.1021452949780594,10.701940831380444,0,0,4081,247,423,10.365107,16.522267,10.75495,-0.05300916861955507,-0.4928815905192965,task10_li2008_formula_custom_implementation,Lingua::EN::Fathom 1.27 / Syllable 0.251 / Sentence 0.33 under perl 5.34
Cisco,"Cisco Systems, Inc._Earnings Call_2022-05-18T00_00_00_English.docx",2022-05-18,2022,FQ3,2024-08-09,-814,non_event,0,0,1,sample_boundary,prepared_management,2575,139,460,0.1786407766990291,14.555703010407209,0,0,2547,139,480,18.845701,18.323741,14.867777,-0.31207398959279153,-2.0989956305693283,task10_li2008_formula_custom_implementation,Lingua::EN::Fathom 1.27 / Syllable 0.251 / Sentence 0.33 under perl 5.34
Cisco,"Cisco Systems, Inc._Earnings Call_2022-05-18T00_00_00_English.docx",2022-05-18,2022,FQ3,2024-08-09,-814,non_event,0,0,1,sample_boundary,managerial_qa,5105,321,454,0.0889324191968658,9.918667484385535,0,0,5068,317,479,9.45146,15.987382,10.175537,-0.25686951561446314,-2.5243828961013373,task10_li2008_formula_custom_implementation,Lingua::EN::Fathom 1.27 / Syllable 0.251 / Sentence 0.33 under perl 5.34
Cisco,"Cisco Systems, Inc._Earnings Call_2022-08-17T00_00_00_English.docx",2022-08-17,2022,FQ4,2024-08-09,-723,non_event,0,0,1,sample_boundary,prepared_management,3181,158,599,0.1883055642879597,15.585387128480416,0,0,3163,158,608,19.222257,20.018987,15.696498,-0.11111087151958543,-0.7078704531391998,task10_li2008_formula_custom_implementation,Lingua::EN::Fathom 1.27 / Syllable 0.251 / Sentence 0.33 under perl 5.34
Cisco,"Cisco Systems, Inc._Earnings Call_2022-08-17T00_00_00_English.docx",2022-08-17,2022,FQ4,2024-08-09,-723,non_event,0,0,1,sample_boundary,managerial_qa,4745,285,442,0.0931506849315068,10.385676520067292,0,0,4712,285,466,9.889643,16.533333,10.569191,-0.18351447993270753,-1.7363152953968524,task10_li2008_formula_custom_implementation,Lingua::EN::Fathom 1.27 / Syllable 0.251 / Sentence 0.33 under perl 5.34
Cisco,"Cisco Systems, Inc._Earnings Call_2022-11-16T00_00_00_English.docx",2022-11-16,2023,FQ1,2024-08-09,-632,non_event,0,0,1,sample_boundary,prepared_management,2467,136,480,0.1945683015808674,15.038614416175877,0,0,2444,136,502,20.540098,17.970588,15.404275,-0.36566058382412514,-2.3737604257527547,task10_li2008_formula_custom_implementation,Lingua::EN::Fathom 1.27 / Syllable 0.251 / Sentence 0.33 under perl 5.34
Cisco,"Cisco Systems, Inc._Earnings Call_2022-11-16T00_00_00_English.docx",2022-11-16,2023,FQ1,2024-08-09,-632,non_event,0,0,1,sample_boundary,managerial_qa,3827,260,408,0.1066109223935197,10.152129203433098,0,0,3801,260,397,10.44462,14.619231,10.02554,0.12658920343309887,1.262667182347274,task10_li2008_formula_custom_implementation,Lingua::EN::Fathom 1.27 / Syllable 0.251 / Sentence 0.33 under perl 5.34
Cisco,"Cisco Systems, Inc._Earnings Call_2023-02-15T00_00_00_English.docx",2023-02-15,2023,FQ2,2024-08-09,-541,non_event,0,0,1,sample_boundary,prepared_management,2628,140,497,0.189117199391172,15.073259404218309,0,0,2608,140,507,19.440184,18.628571,15.227502,-0.15424259578169064,-1.0129211986423685,task10_li2008_formula_custom_implementation,Lingua::EN::Fathom 1.27 / Syllable 0.251 / Sentence 0.33 under perl 5.34
Cisco,"Cisco Systems, Inc._Earnings Call_2023-02-15T00_00_00_English.docx",2023-02-15,2023,FQ2,2024-08-09,-541,non_event,0,0,1,sample_boundary,managerial_qa,4307,239,419,0.097283491989784,11.099707880428184,0,0,4287,240,438,10.216935,17.8625,11.231774,-0.13206611957181558,-1.175826005507372,task10_li2008_formula_custom_implementation,Lingua::EN::Fathom 1.27 / Syllable 0.251 / Sentence 0.33 under perl 5.34
Cisco,"Cisco Systems, Inc._Earnings Call_2023-05-17T00_00_00_English.docx",2023-05-17,2023,FQ3,2024-08-09,-450,non_event,0,0,1,sample_boundary,prepared_management,2469,134,452,0.1830700688537869,14.692952007882822,0,0,2443,134,465,19.033975,18.231343,14.906127,-0.21317499211717816,-1.4301165696305833,task10_li2008_formula_custom_implementation,Lingua::EN::Fathom 1.27 / Syllable 0.251 / Sentence 0.33 under perl 5.34
Cisco,"Cisco Systems, Inc._Earnings Call_2023-05-17T00_00_00_English.docx",2023-05-17,2023,FQ3,2024-08-09,-450,non_event,0,0,1,sample_boundary,managerial_qa,3204,174,325,0.1014357053682896,11.422945456110895,0,0,3190,178,320,10.031348,17.921348,11.181079,0.24186645611089652,2.1631763456004247,task10_li2008_formula_custom_implementation,Lingua::EN::Fathom 1.27 / Syllable 0.251 / Sentence 0.33 under perl 5.34
Cisco,"Cisco Systems, Inc._Earnings Call_2023-08-16T00_00_00_English.docx",2023-08-16,2023,FQ4,2024-08-09,-359,non_event,0,0,1,sample_boundary,prepared_management,2360,134,461,0.1953389830508474,14.858335441436886,0,0,2335,134,465,19.914347,17.425373,14.935888,-0.07755255856311472,-0.5192363424465604,task10_li2008_formula_custom_implementation,Lingua::EN::Fathom 1.27 / Syllable 0.251 / Sentence 0.33 under perl 5.34
Cisco,"Cisco Systems, Inc._Earnings Call_2023-08-16T00_00_00_English.docx",2023-08-16,2023,FQ4,2024-08-09,-359,non_event,0,0,1,sample_boundary,managerial_qa,4818,294,509,0.1056454960564549,10.780921883074528,0,0,4785,298,526,10.992685,16.057047,10.819893,-0.03897111692547384,-0.36018024323783826,task10_li2008_formula_custom_implementation,Lingua::EN::Fathom 1.27 / Syllable 0.251 / Sentence 0.33 under perl 5.34
Cisco,"Cisco Systems, Inc._Earnings Call_2023-11-15T00_00_00_English.docx",2023-11-15,2024,FQ1,2024-08-09,-268,non_event,0,0,1,sample_boundary,prepared_management,2361,125,459,0.1944091486658195,15.331565946632782,0,0,2340,125,474,20.25641,18.72,15.590564,-0.25899805336721826,-1.6612487743690239,task10_li2008_formula_custom_implementation,Lingua::EN::Fathom 1.27 / Syllable 0.251 / Sentence 0.33 under perl 5.34
Cisco,"Cisco Systems, Inc._Earnings Call_2023-11-15T00_00_00_English.docx",2023-11-15,2024,FQ1,2024-08-09,-268,non_event,0,0,1,sample_boundary,managerial_qa,2841,178,301,0.1059486096444913,10.622214048701004,0,0,2818,176,311,11.036196,16.011364,10.819024,-0.19680995129899692,-1.8191100352397491,task10_li2008_formula_custom_implementation,Lingua::EN::Fathom 1.27 / Syllable 0.251 / Sentence 0.33 under perl 5.34
Cisco,"Cisco Systems, Inc._Earnings Call_2024-02-14T00_00_00_English.docx",2024-02-14,2024,FQ2,2024-08-09,-177,pre_2,0,0,1,sample_boundary,prepared_management,2558,129,553,0.2161845191555903,16.579163711960046,0,0,2539,129,575,22.646711,19.682171,16.931553,-0.35238928803995506,-2.0812579214674227,task10_li2008_formula_custom_implementation,Lingua::EN::Fathom 1.27 / Syllable 0.251 / Sentence 0.33 under perl 5.34
Cisco,"Cisco Systems, Inc._Earnings Call_2024-02-14T00_00_00_English.docx",2024-02-14,2024,FQ2,2024-08-09,-177,pre_2,0,0,1,sample_boundary,managerial_qa,3566,199,363,0.1017947279865395,11.239628315441482,0,0,3548,203,380,10.710259,17.477833,11.275237,-0.03560868455851818,-0.3158131803217811,task10_li2008_formula_custom_implementation,Lingua::EN::Fathom 1.27 / Syllable 0.251 / Sentence 0.33 under perl 5.34
Cisco,"Cisco Systems, Inc._Earnings Call_2024-05-15T00_00_00_English.docx",2024-05-15,2024,FQ3,2024-08-09,-86,pre_1,0,0,1,sample_boundary,prepared_management,2745,143,531,0.1934426229508196,15.416026596354463,0,0,2718,142,539,19.830758,19.140845,15.588641,-0.17261440364553593,-1.1073088644836706,task10_li2008_formula_custom_implementation,Lingua::EN::Fathom 1.27 / Syllable 0.251 / Sentence 0.33 under perl 5.34
Cisco,"Cisco Systems, Inc._Earnings Call_2024-05-15T00_00_00_English.docx",2024-05-15,2024,FQ3,2024-08-09,-86,pre_1,0,0,1,sample_boundary,managerial_qa,4473,257,466,0.104180639391907,11.129093279956436,0,0,4448,259,468,10.521583,17.173745,11.078131,0.0509622799564351,0.46002597330213096,task10_li2008_formula_custom_implementation,Lingua::EN::Fathom 1.27 / Syllable 0.251 / Sentence 0.33 under perl 5.34
Cisco,"Cisco Systems, Inc._Earnings Call_2024-08-14T00_00_00_English.docx",2024-08-14,2024,FQ4,2024-08-09,5,post_1,0,0,1,sample_boundary,prepared_management,2764,156,545,0.197178002894356,14.974299602953728,0,0,2742,156,548,19.985412,17.576923,15.024934,-0.05063439704627193,-0.337002459020931,task10_li2008_formula_custom_implementation,Lingua::EN::Fathom 1.27 / Syllable 0.251 / Sentence 0.33 under perl 5.34
Cisco,"Cisco Systems, Inc._Earnings Call_2024-08-14T00_00_00_English.docx",2024-08-14,2024,FQ4,2024-08-09,5,post_1,0,0,1,sample_boundary,managerial_qa,4467,257,504,0.1128274009402283,11.465625220488512,0,0,4433,259,490,11.053463,17.11583,11.267717,0.19790822048851275,1.7564180968381862,task10_li2008_formula_custom_implementation,Lingua::EN::Fathom 1.27 / Syllable 0.251 / Sentence 0.33 under perl 5.34
Coinbase,"Coinbase Global, Inc._Earnings Call_2021-05-13T00_00_00_English.docx",2021-05-13,2021,FQ1,2022-06-14,-397,non_event,0,0,0,,prepared_management,283,15,59,0.2084805653710247,15.885889281507655,0,0,282,15,66,23.404255,18.8,16.881702,-0.9958127184923438,-5.898769676732499,task10_li2008_formula_custom_implementation,Lingua::EN::Fathom 1.27 / Syllable 0.251 / Sentence 0.33 under perl 5.34
Coinbase,"Coinbase Global, Inc._Earnings Call_2021-05-13T00_00_00_English.docx",2021-05-13,2021,FQ1,2022-06-14,-397,non_event,0,0,0,,managerial_qa,4864,271,590,0.1212993421052631,12.03130947756846,0,0,4824,265,586,12.147595,18.203774,12.140548,-0.10923852243154109,-0.899782468069325,task10_li2008_formula_custom_implementation,Lingua::EN::Fathom 1.27 / Syllable 0.251 / Sentence 0.33 under perl 5.34
Coinbase,"Coinbase Global, Inc._Earnings Call_2021-08-10T00_00_00_English.docx",2021-08-10,2021,FQ2,2022-06-14,-308,non_event,0,0,0,,prepared_management,251,13,57,0.2270916334661354,16.80674226172234,0,0,250,13,61,24.4,19.230769,17.452308,-0.6455657382776572,-3.6990278780185246,task10_li2008_formula_custom_implementation,Lingua::EN::Fathom 1.27 / Syllable 0.251 / Sentence 0.33 under perl 5.34
Coinbase,"Coinbase Global, Inc._Earnings Call_2021-08-10T00_00_00_English.docx",2021-08-10,2021,FQ2,2022-06-14,-308,non_event,0,0,0,,managerial_qa,4361,222,556,0.1274936941068562,12.957405421931908,0,0,4339,222,542,12.491357,19.545045,12.814561,0.14284442193190827,1.1147039834755812,task10_li2008_formula_custom_implementation,Lingua::EN::Fathom 1.27 / Syllable 0.251 / Sentence 0.33 under perl 5.34
Coinbase,"Coinbase Global, Inc._Earnings Call_2021-11-09T00_00_00_English.docx",2021-11-09,2021,FQ3,2022-06-14,-217,non_event,0,0,0,,prepared_management,1302,79,202,0.1551459293394777,12.79824223687025,0,0,1289,79,223,17.300233,16.316456,13.446675,-0.6484327631297511,-4.822253554352663,task10_li2008_formula_custom_implementation,Lingua::EN::Fathom 1.27 / Syllable 0.251 / Sentence 0.33 under perl 5.34
Coinbase,"Coinbase Global, Inc._Earnings Call_2021-11-09T00_00_00_English.docx",2021-11-09,2021,FQ3,2022-06-14,-217,non_event,0,0,0,,managerial_qa,6388,366,847,0.132592360676268,12.285115192078043,0,0,6327,364,857,13.545124,17.381868,12.370797,-0.08568180792195612,-0.6926134825586107,task10_li2008_formula_custom_implementation,Lingua::EN::Fathom 1.27 / Syllable 0.251 / Sentence 0.33 under perl 5.34
Coinbase,"Coinbase Global, Inc._Earnings Call_2022-02-24T00_00_00_English.docx",2022-02-24,2021,FQ4,2022-06-14,-110,pre_2,0,0,0,,prepared_management,1963,104,231,0.1176770249617931,12.257080998471729,0,0,1945,103,241,12.390746,18.883495,12.509696,-0.2526150015282713,-2.0193536399946996,task10_li2008_formula_custom_implementation,Lingua::EN::Fathom 1.27 / Syllable 0.251 / Sentence 0.33 under perl 5.34
Coinbase,"Coinbase Global, Inc._Earnings Call_2022-02-24T00_00_00_English.docx",2022-02-24,2021,FQ4,2022-06-14,-110,pre_2,0,0,0,,managerial_qa,5532,302,626,0.1131597975415762,11.853544219543847,0,0,5481,297,625,11.403029,18.454545,11.94303,-0.08948578045615285,-0.7492720059830115,task10_li2008_formula_custom_implementation,Lingua::EN::Fathom 1.27 / Syllable 0.251 / Sentence 0.33 under perl 5.34
Coinbase,"Coinbase Global, Inc._Earnings Call_2022-05-10T00_00_00_English.docx",2022-05-10,2022,FQ1,2022-06-14,-35,pre_1,0,0,0,,prepared_management,1329,69,177,0.1331828442437923,13.03166159583865,0,0,1317,69,185,14.047077,19.086957,13.253613,-0.2219514041613504,-1.6746482952335366,task10_li2008_formula_custom_implementation,Lingua::EN::Fathom 1.27 / Syllable 0.251 / Sentence 0.33 under perl 5.34
Coinbase,"Coinbase Global, Inc._Earnings Call_2022-05-10T00_00_00_English.docx",2022-05-10,2022,FQ1,2022-06-14,-35,pre_1,0,0,0,,managerial_qa,6571,367,806,0.1226601734895754,12.06825980061844,0,0,6510,365,816,12.534562,17.835616,12.148071,-0.07981119938156134,-0.6569866061991352,task10_li2008_formula_custom_implementation,Lingua::EN::Fathom 1.27 / Syllable 0.251 / Sentence 0.33 under perl 5.34
Coinbase,"Coinbase Global, Inc._Earnings Call_2022-08-09T00_00_00_English.docx",2022-08-09,2022,FQ2,2022-06-14,56,post_1,0,0,0,,prepared_management,3023,155,430,0.1422428051604366,13.491002528998113,0,0,2996,155,432,14.419226,19.329032,13.499303,-0.008300471001886578,-0.0614881449944977,task10_li2008_formula_custom_implementation,Lingua::EN::Fathom 1.27 / Syllable 0.251 / Sentence 0.33 under perl 5.34
Coinbase,"Coinbase Global, Inc._Earnings Call_2022-08-09T00_00_00_English.docx",2022-08-09,2022,FQ2,2022-06-14,56,post_1,0,0,0,,managerial_qa,4806,262,599,0.124635871826883,12.322839453227994,0,0,4775,256,597,12.502618,18.652344,12.461985,-0.1391455467720064,-1.1165600566202447,task10_li2008_formula_custom_implementation,Lingua::EN::Fathom 1.27 / Syllable 0.251 / Sentence 0.33 under perl 5.34
Coinbase,"Coinbase Global, Inc._Earnings Call_2022-11-03T00_00_00_English.docx",2022-11-03,2022,FQ3,2022-06-14,142,post_2,0,0,0,,prepared_management,2251,116,335,0.1488227454464682,13.714978783375972,0,0,2233,116,325,14.554411,19.25,13.521764,0.1932147833759732,1.4289169917177464,task10_li2008_formula_custom_implementation,Lingua::EN::Fathom 1.27 / Syllable 0.251 / Sentence 0.33 under perl 5.34
Coinbase,"Coinbase Global, Inc._Earnings Call_2022-11-03T00_00_00_English.docx",2022-11-03,2022,FQ3,2022-06-14,142,post_2,0,0,0,,managerial_qa,6073,336,792,0.1304133047917009,12.446294096429945,0,0,6016,328,800,13.297872,18.341463,12.655734,-0.20943990357005582,-1.6549012769236127,task10_li2008_formula_custom_implementation,Lingua::EN::Fathom 1.27 / Syllable 0.251 / Sentence 0.33 under perl 5.34
Coinbase,"Coinbase Global, Inc._Earnings Call_2023-02-21T00_00_00_English.docx",2023-02-21,2022,FQ4,2022-06-14,252,non_event,0,0,0,,prepared_management,2031,124,335,0.1649433776464795,13.149348009084989,0,0,1999,121,349,17.458729,16.520661,13.591756,-0.4424079909150116,-3.2549730212565,task10_li2008_formula_custom_implementation,Lingua::EN::Fathom 1.27 / Syllable 0.251 / Sentence 0.33 under perl 5.34
Coinbase,"Coinbase Global, Inc._Earnings Call_2023-02-21T00_00_00_English.docx",2023-02-21,2022,FQ4,2022-06-14,252,non_event,0,0,0,,managerial_qa,5011,292,708,0.1412891638395529,12.515950115225955,0,0,4974,286,709,14.254121,17.391608,12.658292,-0.1423418847740443,-1.1244951907733232,task10_li2008_formula_custom_implementation,Lingua::EN::Fathom 1.27 / Syllable 0.251 / Sentence 0.33 under perl 5.34
Coinbase,"Coinbase Global, Inc._Earnings Call_2023-05-04T00_00_00_English.docx",2023-05-04,2023,FQ1,2022-06-14,324,non_event,0,0,0,,prepared_management,1898,113,320,0.1685985247629083,13.462525061312796,0,0,1880,113,335,17.819149,16.637168,13.782527,-0.32000193868720395,-2.321794390007028,task10_li2008_formula_custom_implementation,Lingua::EN::Fathom 1.27 / Syllable 0.251 / Sentence 0.33 under perl 5.34
Coinbase,"Coinbase Global, Inc._Earnings Call_2023-05-04T00_00_00_English.docx",2023-05-04,2023,FQ1,2022-06-14,324,non_event,0,0,0,,managerial_qa,4576,267,605,0.1322115384615384,12.143892250072026,0,0,4545,260,613,13.487349,17.480769,12.387247,-0.243354749927974,-1.9645587912146583,task10_li2008_formula_custom_implementation,Lingua::EN::Fathom 1.27 / Syllable 0.251 / Sentence 0.33 under perl 5.34
Coinbase,"Coinbase Global, Inc._Earnings Call_2023-08-03T00_00_00_English.docx",2023-08-03,2023,FQ2,2022-06-14,415,non_event,0,0,0,,prepared_management,4409,246,680,0.1542299841233839,13.338305055992272,0,0,4372,244,698,15.965233,17.918033,13.553306,-0.21500094400772696,-1.5863357914867928,task10_li2008_formula_custom_implementation,Lingua::EN::Fathom 1.27 / Syllable 0.251 / Sentence 0.33 under perl 5.34
Coinbase,"Coinbase Global, Inc._Earnings Call_2023-08-03T00_00_00_English.docx",2023-08-03,2023,FQ2,2022-06-14,415,non_event,0,0,0,,managerial_qa,2754,149,285,0.1034858387799564,11.532722141802283,0,0,2734,141,296,10.826628,19.390071,12.086679,-0.553956858197715,-4.583201541115761,task10_li2008_formula_custom_implementation,Lingua::EN::Fathom 1.27 / Syllable 0.251 / Sentence 0.33 under perl 5.34
Coinbase,"Coinbase Global, Inc._Earnings Call_2023-11-02T00_00_00_English.docx",2023-11-02,2023,FQ3,2022-06-14,506,non_event,0,0,0,,prepared_management,2351,117,445,0.1892811569544874,15.60885311578634,0,0,2303,117,476,20.668693,19.683761,16.140981,-0.5321278842136614,-3.296750576768918,task10_li2008_formula_custom_implementation,Lingua::EN::Fathom 1.27 / Syllable 0.251 / Sentence 0.33 under perl 5.34
Coinbase,"Coinbase Global, Inc._Earnings Call_2023-11-02T00_00_00_English.docx",2023-11-02,2023,FQ3,2022-06-14,506,non_event,0,0,0,,managerial_qa,4342,221,577,0.1328880700138185,13.174346329964507,0,0,4302,219,591,13.737796,19.643836,13.352653,-0.17830667003549294,-1.3353651145992707,task10_li2008_formula_custom_implementation,Lingua::EN::Fathom 1.27 / Syllable 0.251 / Sentence 0.33 under perl 5.34
Coinbase,"Coinbase Global, Inc._Earnings Call_2024-02-15T00_00_00_English.docx",2024-02-15,2023,FQ4,2022-06-14,611,non_event,0,0,0,,prepared_management,2559,150,403,0.1574833919499804,13.123335677999217,0,0,2526,148,430,17.022961,17.067568,13.636212,-0.5128763220007837,-3.7611348518252994,task10_li2008_formula_custom_implementation,Lingua::EN::Fathom 1.27 / Syllable 0.251 / Sentence 0.33 under perl 5.34
Coinbase,"Coinbase Global, Inc._Earnings Call_2024-02-15T00_00_00_English.docx",2024-02-15,2023,FQ4,2022-06-14,611,non_event,0,0,0,,managerial_qa,3899,244,499,0.1279815337265965,11.511064627752388,0,0,3864,239,499,12.914079,16.167364,11.632577,-0.12151237224761147,-1.0445868722606475,task10_li2008_formula_custom_implementation,Lingua::EN::Fathom 1.27 / Syllable 0.251 / Sentence 0.33 under perl 5.34
Coinbase,"Coinbase Global, Inc._Earnings Call_2024-05-02T00_00_00_English.docx",2024-05-02,2024,FQ1,2022-06-14,688,non_event,0,0,0,,prepared_management,1896,108,339,0.1787974683544304,14.174120956399442,0,0,1874,107,350,18.676628,17.514019,14.476258,-0.30213704360055793,-2.0871211579716107,task10_li2008_formula_custom_implementation,Lingua::EN::Fathom 1.27 / Syllable 0.251 / Sentence 0.33 under perl 5.34
Coinbase,"Coinbase Global, Inc._Earnings Call_2024-05-02T00_00_00_English.docx",2024-05-02,2024,FQ1,2022-06-14,688,non_event,0,0,0,,managerial_qa,3768,208,471,0.125,12.246153846153849,0,0,3751,207,475,12.66329,18.120773,12.313625,-0.06747115384615299,-0.5479390012782831,task10_li2008_formula_custom_implementation,Lingua::EN::Fathom 1.27 / Syllable 0.251 / Sentence 0.33 under perl 5.34
Coinbase,"Coinbase Global, Inc._Earnings Call_2024-08-01T00_00_00_English.docx",2024-08-01,2024,FQ2,2022-06-14,779,non_event,0,0,0,,prepared_management,1667,96,354,0.2123575284943011,15.440134473105378,0,0,1645,96,358,21.762918,17.135417,15.559334,-0.11919952689462221,-0.7660965880327668,task10_li2008_formula_custom_implementation,Lingua::EN::Fathom 1.27 / Syllable 0.251 / Sentence 0.33 under perl 5.34
Coinbase,"Coinbase Global, Inc._Earnings Call_2024-08-01T00_00_00_English.docx",2024-08-01,2024,FQ2,2022-06-14,779,non_event,0,0,0,,managerial_qa,4527,256,549,0.1212723658051689,11.92433213220676,0,0,4499,249,547,12.158257,18.068273,12.090612,-0.16627986779323933,-1.3752808194757993,task10_li2008_formula_custom_implementation,Lingua::EN::Fathom 1.27 / Syllable 0.251 / Sentence 0.33 under perl 5.34
Coinbase,"Coinbase Global, Inc._Earnings Call_2024-10-30T00_00_00_English.docx",2024-10-30,2024,FQ3,2022-06-14,869,non_event,0,0,0,,prepared_management,3259,206,512,0.1571034059527462,12.612291577915675,0,0,3234,205,479,14.811379,15.77561,12.234796,0.37749557791567767,3.0854260088658423,task10_li2008_formula_custom_implementation,Lingua::EN::Fathom 1.27 / Syllable 0.251 / Sentence 0.33 under perl 5.34
Coinbase,"Coinbase Global, Inc._Earnings Call_2024-10-30T00_00_00_English.docx",2024-10-30,2024,FQ3,2022-06-14,869,non_event,0,0,0,,managerial_qa,3808,230,493,0.1294642857142857,11.801180124223604,0,0,3775,229,499,13.218543,16.484716,11.881304,-0.08012387577639579,-0.6743693771020066,task10_li2008_formula_custom_implementation,Lingua::EN::Fathom 1.27 / Syllable 0.251 / Sentence 0.33 under perl 5.34
Coinbase,"Coinbase Global, Inc._Earnings Call_2025-02-13T00_00_00_English.docx",2025-02-13,2024,FQ4,2022-06-14,975,non_event,0,0,0,,prepared_management,2523,154,397,0.1573523583036068,12.847341085391026,0,0,2500,155,413,16.52,16.129032,13.059613,-0.21227191460897465,-1.625407388480613,task10_li2008_formula_custom_implementation,Lingua::EN::Fathom 1.27 / Syllable 0.251 / Sentence 0.33 under perl 5.34
Coinbase,"Coinbase Global, Inc._Earnings Call_2025-02-13T00_00_00_English.docx",2025-02-13,2024,FQ4,2022-06-14,975,non_event,0,0,0,,managerial_qa,5008,288,577,0.1152156549520766,11.564181753638625,0,0,4984,287,575,11.536918,17.365854,11.561109,0.003072753638623027,0.026578364053336294,task10_li2008_formula_custom_implementation,Lingua::EN::Fathom 1.27 / Syllable 0.251 / Sentence 0.33 under perl 5.34
Dell,Dell Technologies Inc._Earnings Call_2020-05-28T00_00_00_English.docx,2020-05-28,2021,FQ1,2023-02-06,-984,non_event,0,0,0,,prepared_management,3405,187,678,0.1991189427312775,15.248180169144147,0,0,3368,187,699,20.754157,18.010695,15.505941,-0.257760830855851,-1.6623359450152106,task10_li2008_formula_custom_implementation,Lingua::EN::Fathom 1.27 / Syllable 0.251 / Sentence 0.33 under perl 5.34
Dell,Dell Technologies Inc._Earnings Call_2020-05-28T00_00_00_English.docx,2020-05-28,2021,FQ1,2023-02-06,-984,non_event,0,0,0,,managerial_qa,3954,210,502,0.1269600404653515,12.609830190042633,0,0,3914,205,521,13.311191,19.092683,12.961549,-0.35171880995736693,-2.713555377967301,task10_li2008_formula_custom_implementation,Lingua::EN::Fathom 1.27 / Syllable 0.251 / Sentence 0.33 under perl 5.34
Dell,Dell Technologies Inc._Earnings Call_2020-08-27T00_00_00_English.docx,2020-08-27,2021,FQ2,2023-02-06,-893,non_event,0,0,0,,prepared_management,4013,203,841,0.2095689010715175,16.290145205422277,0,0,3970,203,855,21.536524,19.55665,16.43727,-0.14712479457772432,-0.8950683086529837,task10_li2008_formula_custom_implementation,Lingua::EN::Fathom 1.27 / Syllable 0.251 / Sentence 0.33 under perl 5.34
Dell,Dell Technologies Inc._Earnings Call_2020-08-27T00_00_00_English.docx,2020-08-27,2021,FQ2,2023-02-06,-893,non_event,0,0,0,,managerial_qa,3601,193,423,0.1174673701749514,12.161907242231218,0,0,3549,190,438,12.341505,18.678947,12.408181,-0.24627375776878324,-1.9847692241818782,task10_li2008_formula_custom_implementation,Lingua::EN::Fathom 1.27 / Syllable 0.251 / Sentence 0.33 under perl 5.34
Dell,Dell Technologies Inc._Earnings Call_2020-11-24T00_00_00_English.docx,2020-11-24,2021,FQ3,2023-02-06,-804,non_event,0,0,0,,prepared_management,3661,183,779,0.2127833925157061,16.51352149297797,0,0,3609,183,800,22.166805,19.721311,16.755247,-0.2417255070220321,-1.4426854287617012,task10_li2008_formula_custom_implementation,Lingua::EN::Fathom 1.27 / Syllable 0.251 / Sentence 0.33 under perl 5.34
Dell,Dell Technologies Inc._Earnings Call_2020-11-24T00_00_00_English.docx,2020-11-24,2021,FQ3,2023-02-06,-804,non_event,0,0,0,,managerial_qa,4247,279,494,0.1163174005180127,10.7415849096094,0,0,4199,279,536,12.764944,15.050179,11.126049,-0.38446409039060114,-3.455531162864743,task10_li2008_formula_custom_implementation,Lingua::EN::Fathom 1.27 / Syllable 0.251 / Sentence 0.33 under perl 5.34
Dell,Dell Technologies Inc._Earnings Call_2021-02-25T00_00_00_English.docx,2021-02-25,2021,FQ4,2023-02-06,-711,non_event,0,0,0,,prepared_management,3611,195,697,0.1930213237330379,15.128032436501003,0,0,3546,195,733,20.671179,18.184615,15.542318,-0.4142855634989946,-2.66553266699983,task10_li2008_formula_custom_implementation,Lingua::EN::Fathom 1.27 / Syllable 0.251 / Sentence 0.33 under perl 5.34
Dell,Dell Technologies Inc._Earnings Call_2021-02-25T00_00_00_English.docx,2021-02-25,2021,FQ4,2023-02-06,-711,non_event,0,0,0,,managerial_qa,4276,279,450,0.1052385406922357,10.34000757751022,0,0,4223,278,480,11.366327,15.190647,10.62279,-0.282782422489781,-2.662035326781204,task10_li2008_formula_custom_implementation,Lingua::EN::Fathom 1.27 / Syllable 0.251 / Sentence 0.33 under perl 5.34
Dell,Dell Technologies Inc._Earnings Call_2021-05-27T00_00_00_English.docx,2021-05-27,2022,FQ1,2023-02-06,-620,non_event,0,0,0,,prepared_management,3794,200,813,0.2142857142857142,16.159428571428574,0,0,3737,200,827,22.130051,18.685,16.32602,-0.16659142857142584,-1.0204044131480046,task10_li2008_formula_custom_implementation,Lingua::EN::Fathom 1.27 / Syllable 0.251 / Sentence 0.33 under perl 5.34
Dell,Dell Technologies Inc._Earnings Call_2021-05-27T00_00_00_English.docx,2021-05-27,2022,FQ1,2023-02-06,-620,non_event,0,0,0,,managerial_qa,3011,180,406,0.134838923945533,12.084668068932434,0,0,2973,180,429,14.429869,16.516667,12.378614,-0.29394593106756695,-2.3746271680138578,task10_li2008_formula_custom_implementation,Lingua::EN::Fathom 1.27 / Syllable 0.251 / Sentence 0.33 under perl 5.34
Dell,Dell Technologies Inc._Earnings Call_2021-08-26T00_00_00_English.docx,2021-08-26,2022,FQ2,2023-02-06,-529,non_event,0,0,0,,prepared_management,3184,157,670,0.2104271356783919,16.5291873379637,0,0,3148,157,672,21.346887,20.050955,16.559137,-0.029949662036298008,-0.18086487258543732,task10_li2008_formula_custom_implementation,Lingua::EN::Fathom 1.27 / Syllable 0.251 / Sentence 0.33 under perl 5.34
Dell,Dell Technologies Inc._Earnings Call_2021-08-26T00_00_00_English.docx,2021-08-26,2022,FQ2,2023-02-06,-529,non_event,0,0,0,,managerial_qa,3836,257,437,0.1139207507820646,10.52725804684679,0,0,3787,251,472,12.463692,15.087649,11.020536,-0.49327795315321055,-4.475988764550205,task10_li2008_formula_custom_implementation,Lingua::EN::Fathom 1.27 / Syllable 0.251 / Sentence 0.33 under perl 5.34
Dell,Dell Technologies Inc._Earnings Call_2021-11-23T00_00_00_English.docx,2021-11-23,2022,FQ3,2023-02-06,-440,non_event,0,0,0,,prepared_management,3509,177,755,0.2151610145340552,16.53638408418707,0,0,3459,177,782,22.60769,19.542373,16.860025,-0.32364091581293053,-1.9195755392588714,task10_li2008_formula_custom_implementation,Lingua::EN::Fathom 1.27 / Syllable 0.251 / Sentence 0.33 under perl 5.34
Dell,Dell Technologies Inc._Earnings Call_2021-11-23T00_00_00_English.docx,2021-11-23,2022,FQ3,2023-02-06,-440,non_event,0,0,0,,managerial_qa,3523,191,417,0.1183650298041441,12.112611663369956,0,0,3483,188,432,12.403101,18.526596,12.371879,-0.2592673366300424,-2.0956181080500578,task10_li2008_formula_custom_implementation,Lingua::EN::Fathom 1.27 / Syllable 0.251 / Sentence 0.33 under perl 5.34
Dell,Dell Technologies Inc._Earnings Call_2022-02-24T00_00_00_English.docx,2022-02-24,2022,FQ4,2023-02-06,-347,non_event,0,0,0,,prepared_management,3391,175,679,0.2002359186080802,15.760293887180351,0,0,3335,175,701,21.01949,19.057143,16.030653,-0.27035911281964786,-1.6865134116473475,task10_li2008_formula_custom_implementation,Lingua::EN::Fathom 1.27 / Syllable 0.251 / Sentence 0.33 under perl 5.34
Dell,Dell Technologies Inc._Earnings Call_2022-02-24T00_00_00_English.docx,2022-02-24,2022,FQ4,2023-02-06,-347,non_event,0,0,0,,managerial_qa,3870,194,419,0.1082687338501292,12.310130797304138,0,0,3810,190,465,12.204724,20.052632,12.902942,-0.5928112026958612,-4.594387874454223,task10_li2008_formula_custom_implementation,Lingua::EN::Fathom 1.27 / Syllable 0.251 / Sentence 0.33 under perl 5.34
Dell,Dell Technologies Inc._Earnings Call_2022-05-26T00_00_00_English.docx,2022-05-26,2023,FQ1,2023-02-06,-256,non_event,0,0,0,,prepared_management,2297,127,469,0.2041793643883326,15.401820244824645,0,0,2241,127,476,21.240518,17.645669,15.554475,-0.15265475517535698,-0.9814201712070448,task10_li2008_formula_custom_implementation,Lingua::EN::Fathom 1.27 / Syllable 0.251 / Sentence 0.33 under perl 5.34
Dell,Dell Technologies Inc._Earnings Call_2022-05-26T00_00_00_English.docx,2022-05-26,2023,FQ1,2023-02-06,-256,non_event,0,0,0,,managerial_qa,5480,322,557,0.1016423357664233,10.873146846806003,0,0,5394,324,594,11.012236,16.648148,11.064154,-0.19100715319399697,-1.726360218720717,task10_li2008_formula_custom_implementation,Lingua::EN::Fathom 1.27 / Syllable 0.251 / Sentence 0.33 under perl 5.34
Dell,Dell Technologies Inc._Earnings Call_2022-08-25T00_00_00_English.docx,2022-08-25,2023,FQ2,2023-02-06,-165,pre_2,0,0,0,,prepared_management,2356,122,435,0.1846349745331069,15.109989145258703,0,0,2293,122,452,19.712167,18.795082,15.4029,-0.2929108547412973,-1.9016604323945314,task10_li2008_formula_custom_implementation,Lingua::EN::Fathom 1.27 / Syllable 0.251 / Sentence 0.33 under perl 5.34
Dell,Dell Technologies Inc._Earnings Call_2022-08-25T00_00_00_English.docx,2022-08-25,2023,FQ2,2023-02-06,-165,pre_2,0,0,0,,managerial_qa,5425,288,692,0.1275576036866359,12.63702636968766,0,0,5379,283,726,13.496933,19.007067,13.0016,-0.36457363031233925,-2.8040674248733946,task10_li2008_formula_custom_implementation,Lingua::EN::Fathom 1.27 / Syllable 0.251 / Sentence 0.33 under perl 5.34
Dell,Dell Technologies Inc._Earnings Call_2022-11-21T00_00_00_English.docx,2022-11-21,2023,FQ3,2023-02-06,-77,pre_1,0,0,0,,prepared_management,2246,119,447,0.199020480854853,15.510399066126896,0,0,2194,119,472,21.513218,18.436975,15.980077,-0.4696779338731023,-2.939146875657122,task10_li2008_formula_custom_implementation,Lingua::EN::Fathom 1.27 / Syllable 0.251 / Sentence 0.33 under perl 5.34
Dell,Dell Technologies Inc._Earnings Call_2022-11-21T00_00_00_English.docx,2022-11-21,2023,FQ3,2023-02-06,-77,pre_1,0,0,0,,managerial_qa,4725,263,522,0.1104761904761904,11.605359406119865,0,0,4628,261,568,12.27312,17.731801,12.001968,-0.3966085938801367,-3.3045296728014666,task10_li2008_formula_custom_implementation,Lingua::EN::Fathom 1.27 / Syllable 0.251 / Sentence 0.33 under perl 5.34
Dell,Dell Technologies Inc._Earnings Call_2023-03-02T00_00_00_English.docx,2023-03-02,2023,FQ4,2023-02-06,24,post_1,0,0,0,,prepared_management,2671,131,540,0.2021714713590415,16.242584045201358,0,0,2620,131,575,21.946565,20.0,16.778626,-0.536041954798641,-3.1947905317076684,task10_li2008_formula_custom_implementation,Lingua::EN::Fathom 1.27 / Syllable 0.251 / Sentence 0.33 under perl 5.34
Dell,Dell Technologies Inc._Earnings Call_2023-03-02T00_00_00_English.docx,2023-03-02,2023,FQ4,2023-02-06,24,post_1,0,0,0,,managerial_qa,3604,205,391,0.1084905660377358,11.371817763460657,0,0,3556,204,447,12.570304,17.431373,12.000671,-0.6288532365393458,-5.24015062607204,task10_li2008_formula_custom_implementation,Lingua::EN::Fathom 1.27 / Syllable 0.251 / Sentence 0.33 under perl 5.34
Dell,Dell Technologies Inc._Earnings Call_2023-06-01T00_00_00_English.docx,2023-06-01,2024,FQ1,2023-02-06,115,post_2,0,0,0,,prepared_management,2236,119,461,0.2061717352415026,15.762835796214729,0,0,2180,119,495,22.706422,18.319328,16.4103,-0.6474642037852707,-3.9454745116498215,task10_li2008_formula_custom_implementation,Lingua::EN::Fathom 1.27 / Syllable 0.251 / Sentence 0.33 under perl 5.34
Dell,Dell Technologies Inc._Earnings Call_2023-06-01T00_00_00_English.docx,2023-06-01,2024,FQ1,2023-02-06,115,post_2,0,0,0,,managerial_qa,4177,244,512,0.122576011491501,11.7505814432666,0,0,4113,239,553,13.445174,17.209205,12.261752,-0.5111705567333988,-4.168821525124622,task10_li2008_formula_custom_implementation,Lingua::EN::Fathom 1.27 / Syllable 0.251 / Sentence 0.33 under perl 5.34
Dell,Dell Technologies Inc._Earnings Call_2023-08-31T00_00_00_English.docx,2023-08-31,2024,FQ2,2023-02-06,206,non_event,0,0,0,,prepared_management,2126,113,434,0.2041392285983067,15.691232860746428,0,0,2084,113,464,22.264875,18.442478,16.282941,-0.5917081392535728,-3.633914409280073,task10_li2008_formula_custom_implementation,Lingua::EN::Fathom 1.27 / Syllable 0.251 / Sentence 0.33 under perl 5.34
Dell,Dell Technologies Inc._Earnings Call_2023-08-31T00_00_00_English.docx,2023-08-31,2024,FQ2,2023-02-06,206,non_event,0,0,0,,managerial_qa,4460,263,516,0.1156950672645739,11.411072652560144,0,0,4418,258,537,12.154821,17.124031,11.711541,-0.30046834743985507,-2.5655748243536443,task10_li2008_formula_custom_implementation,Lingua::EN::Fathom 1.27 / Syllable 0.251 / Sentence 0.33 under perl 5.34
Dell,Dell Technologies Inc._Earnings Call_2023-11-30T00_00_00_English.docx,2023-11-30,2024,FQ3,2023-02-06,297,non_event,0,0,0,,prepared_management,2157,119,438,0.2030598052851182,15.372812379471956,0,0,2109,119,458,21.716453,17.722689,15.775657,-0.4028446205280449,-2.553583793867,task10_li2008_formula_custom_implementation,Lingua::EN::Fathom 1.27 / Syllable 0.251 / Sentence 0.33 under perl 5.34
Dell,Dell Technologies Inc._Earnings Call_2023-11-30T00_00_00_English.docx,2023-11-30,2024,FQ3,2023-02-06,297,non_event,0,0,0,,managerial_qa,4083,318,478,0.1170707812882684,9.818680308134512,0,0,4046,314,509,12.580326,12.88535,10.186271,-0.36759069186548743,-3.608687535070365,task10_li2008_formula_custom_implementation,Lingua::EN::Fathom 1.27 / Syllable 0.251 / Sentence 0.33 under perl 5.34
Dell,Dell Technologies Inc._Earnings Call_2024-02-29T00_00_00_English.docx,2024-02-29,2024,FQ4,2023-02-06,388,non_event,0,0,0,,prepared_management,2089,111,380,0.1819052178075634,14.804136640230467,0,0,2045,111,403,19.706601,18.423423,15.25201,-0.4478733597695328,-2.9364874516180675,task10_li2008_formula_custom_implementation,Lingua::EN::Fathom 1.27 / Syllable 0.251 / Sentence 0.33 under perl 5.34
Dell,Dell Technologies Inc._Earnings Call_2024-02-29T00_00_00_English.docx,2024-02-29,2024,FQ4,2023-02-06,388,non_event,0,0,0,,managerial_qa,4485,286,648,0.1444816053511705,12.051991486774098,0,0,4424,281,650,14.692586,15.743772,12.174543,-0.1225515132259023,-1.0066210553110888,task10_li2008_formula_custom_implementation,Lingua::EN::Fathom 1.27 / Syllable 0.251 / Sentence 0.33 under perl 5.34
DocuSign,"DocuSign, Inc._Earnings Call_2020-06-04T00_00_00_English.docx",2020-06-04,2021,FQ1,2023-02-16,-987,non_event,0,0,0,,prepared_management,2266,119,418,0.1844660194174757,14.995447499388105,0,0,2235,119,442,19.776286,18.781513,15.42312,-0.4276725006118962,-2.7729311618654084,task10_li2008_formula_custom_implementation,Lingua::EN::Fathom 1.27 / Syllable 0.251 / Sentence 0.33 under perl 5.34
DocuSign,"DocuSign, Inc._Earnings Call_2020-06-04T00_00_00_English.docx",2020-06-04,2021,FQ1,2023-02-16,-987,non_event,0,0,0,,managerial_qa,5936,291,702,0.1182614555256064,12.889908392845564,0,0,5895,289,731,12.400339,20.397924,13.119305,-0.22939660715443644,-1.7485423744202642,task10_li2008_formula_custom_implementation,Lingua::EN::Fathom 1.27 / Syllable 0.251 / Sentence 0.33 under perl 5.34
DocuSign,"DocuSign, Inc._Earnings Call_2020-09-03T00_00_00_English.docx",2020-09-03,2021,FQ2,2023-02-16,-896,non_event,0,0,0,,prepared_management,2659,143,499,0.1876645355396765,14.9443436593493,0,0,2629,143,540,20.540129,18.384615,15.569898,-0.6255543406506998,-4.017716369437358,task10_li2008_formula_custom_implementation,Lingua::EN::Fathom 1.27 / Syllable 0.251 / Sentence 0.33 under perl 5.34
DocuSign,"DocuSign, Inc._Earnings Call_2020-09-03T00_00_00_English.docx",2020-09-03,2021,FQ2,2023-02-16,-896,non_event,0,0,0,,managerial_qa,6090,333,669,0.1098522167487684,11.709403985266055,0,0,6069,336,677,11.15505,18.0625,11.68702,0.022383985266055006,0.1915285955363729,task10_li2008_formula_custom_implementation,Lingua::EN::Fathom 1.27 / Syllable 0.251 / Sentence 0.33 under perl 5.34
DocuSign,"DocuSign, Inc._Earnings Call_2020-12-03T00_00_00_English.docx",2020-12-03,2021,FQ3,2023-02-16,-805,non_event,0,0,0,,prepared_management,2313,124,451,0.1949848681366191,15.260685048045412,0,0,2274,123,469,20.62445,18.487805,15.644902,-0.3842169519545884,-2.455860394360977,task10_li2008_formula_custom_implementation,Lingua::EN::Fathom 1.27 / Syllable 0.251 / Sentence 0.33 under perl 5.34
DocuSign,"DocuSign, Inc._Earnings Call_2020-12-03T00_00_00_English.docx",2020-12-03,2021,FQ3,2023-02-16,-805,non_event,0,0,0,,managerial_qa,6787,354,752,0.1108000589362015,12.10092891112038,0,0,6752,350,771,11.418839,19.291429,12.284107,-0.18317808887961995,-1.4911795287978193,task10_li2008_formula_custom_implementation,Lingua::EN::Fathom 1.27 / Syllable 0.251 / Sentence 0.33 under perl 5.34
DocuSign,"DocuSign, Inc._Earnings Call_2021-03-11T00_00_00_English.docx",2021-03-11,2021,FQ4,2023-02-16,-707,non_event,0,0,0,,prepared_management,2647,144,484,0.1828485077446165,14.666718087562442,0,0,2621,144,507,19.343762,18.201389,15.01806,-0.3513419124375581,-2.3394627031557875,task10_li2008_formula_custom_implementation,Lingua::EN::Fathom 1.27 / Syllable 0.251 / Sentence 0.33 under perl 5.34
DocuSign,"DocuSign, Inc._Earnings Call_2021-03-11T00_00_00_English.docx",2021-03-11,2021,FQ4,2023-02-16,-707,non_event,0,0,0,,managerial_qa,4681,249,527,0.1125827814569536,12.022989973137584,0,0,4651,247,534,11.481402,18.82996,12.124545,-0.10155502686241569,-0.8375986633924464,task10_li2008_formula_custom_implementation,Lingua::EN::Fathom 1.27 / Syllable 0.251 / Sentence 0.33 under perl 5.34
DocuSign,"DocuSign, Inc._Earnings Call_2021-06-03T00_00_00_English.docx",2021-06-03,2022,FQ1,2023-02-16,-623,non_event,0,0,0,,prepared_management,2326,131,473,0.20335339638865,15.23642593188188,0,0,2298,131,492,21.409922,17.541985,15.580763,-0.3443370681181186,-2.210014157317704,task10_li2008_formula_custom_implementation,Lingua::EN::Fathom 1.27 / Syllable 0.251 / Sentence 0.33 under perl 5.34
DocuSign,"DocuSign, Inc._Earnings Call_2021-06-03T00_00_00_English.docx",2021-06-03,2022,FQ1,2023-02-16,-623,non_event,0,0,0,,managerial_qa,4675,261,548,0.1172192513368984,11.853521011330344,0,0,4656,259,547,11.748282,17.976834,11.890046,-0.036524988669656366,-0.3071896329892783,task10_li2008_formula_custom_implementation,Lingua::EN::Fathom 1.27 / Syllable 0.251 / Sentence 0.33 under perl 5.34
DocuSign,"DocuSign, Inc._Earnings Call_2021-09-02T00_00_00_English.docx",2021-09-02,2022,FQ2,2023-02-16,-532,non_event,0,0,0,,prepared_management,2662,146,534,0.2006010518407212,15.31719275856036,0,0,2631,146,554,21.056632,18.020548,15.630872,-0.3136792414396403,-2.0067929763588386,task10_li2008_formula_custom_implementation,Lingua::EN::Fathom 1.27 / Syllable 0.251 / Sentence 0.33 under perl 5.34
DocuSign,"DocuSign, Inc._Earnings Call_2021-09-02T00_00_00_English.docx",2021-09-02,2022,FQ2,2023-02-16,-532,non_event,0,0,0,,managerial_qa,4955,243,541,0.1091826437941473,12.52368435258894,0,0,4930,235,554,11.237323,20.978723,12.886418,-0.36273364741106207,-2.8148524082569883,task10_li2008_formula_custom_implementation,Lingua::EN::Fathom 1.27 / Syllable 0.251 / Sentence 0.33 under perl 5.34
DocuSign,"DocuSign, Inc._Earnings Call_2021-12-02T00_00_00_English.docx",2021-12-02,2022,FQ3,2023-02-16,-441,non_event,0,0,0,,prepared_management,2614,127,557,0.2130833970925784,16.75640674984487,0,0,2578,127,562,21.799845,20.299213,16.839623,-0.08321625015512879,-0.4941693181321743,task10_li2008_formula_custom_implementation,Lingua::EN::Fathom 1.27 / Syllable 0.251 / Sentence 0.33 under perl 5.34
DocuSign,"DocuSign, Inc._Earnings Call_2021-12-02T00_00_00_English.docx",2021-12-02,2022,FQ3,2023-02-16,-441,non_event,0,0,0,,managerial_qa,5213,261,567,0.1087665451755227,12.339933837672252,0,0,5194,261,576,11.089719,19.900383,12.396041,-0.05610716232774848,-0.4526216259509668,task10_li2008_formula_custom_implementation,Lingua::EN::Fathom 1.27 / Syllable 0.251 / Sentence 0.33 under perl 5.34
DocuSign,"DocuSign, Inc._Earnings Call_2022-03-10T00_00_00_English.docx",2022-03-10,2022,FQ4,2023-02-16,-343,non_event,0,0,0,,prepared_management,2993,155,566,0.189107918476445,15.28818770679974,0,0,2971,154,562,18.91619,19.292208,15.283359,0.004828706799738569,0.03159453886896571,task10_li2008_formula_custom_implementation,Lingua::EN::Fathom 1.27 / Syllable 0.251 / Sentence 0.33 under perl 5.34
DocuSign,"DocuSign, Inc._Earnings Call_2022-03-10T00_00_00_English.docx",2022-03-10,2022,FQ4,2023-02-16,-343,non_event,0,0,0,,managerial_qa,4040,223,463,0.1146039603960396,11.830795187142034,0,0,4011,224,486,12.116679,17.90625,12.009172,-0.17837681285796592,-1.4853381470260059,task10_li2008_formula_custom_implementation,Lingua::EN::Fathom 1.27 / Syllable 0.251 / Sentence 0.33 under perl 5.34
DocuSign,"DocuSign, Inc._Earnings Call_2022-06-09T00_00_00_English.docx",2022-06-09,2023,FQ1,2023-02-16,-252,non_event,0,0,0,,prepared_management,2693,131,544,0.2020051986632008,16.303108709886814,0,0,2658,131,549,20.654628,20.290076,16.377882,-0.07477329011318545,-0.45655042644210925,task10_li2008_formula_custom_implementation,Lingua::EN::Fathom 1.27 / Syllable 0.251 / Sentence 0.33 under perl 5.34
DocuSign,"DocuSign, Inc._Earnings Call_2022-06-09T00_00_00_English.docx",2022-06-09,2023,FQ1,2023-02-16,-252,non_event,0,0,0,,managerial_qa,4388,213,458,0.1043755697356426,12.415398376280168,0,0,4364,213,474,10.861595,20.488263,12.539943,-0.12454462371983155,-0.9931833320122073,task10_li2008_formula_custom_implementation,Lingua::EN::Fathom 1.27 / Syllable 0.251 / Sentence 0.33 under perl 5.34
DocuSign,"DocuSign, Inc._Earnings Call_2022-09-08T00_00_00_English.docx",2022-09-08,2023,FQ2,2023-02-16,-161,pre_2,0,0,0,,prepared_management,2765,140,549,0.1985533453887884,15.842133815551538,0,0,2732,140,581,21.266471,19.514286,16.312303,-0.4701691844484621,-2.8822980081259044,task10_li2008_formula_custom_implementation,Lingua::EN::Fathom 1.27 / Syllable 0.251 / Sentence 0.33 under perl 5.34
DocuSign,"DocuSign, Inc._Earnings Call_2022-09-08T00_00_00_English.docx",2022-09-08,2023,FQ2,2023-02-16,-161,pre_2,0,0,0,,managerial_qa,3938,190,530,0.1345860843067547,13.673969688059664,0,0,3920,188,499,12.729592,20.851064,13.432262,0.24170768805966425,1.7994563243306618,task10_li2008_formula_custom_implementation,Lingua::EN::Fathom 1.27 / Syllable 0.251 / Sentence 0.33 under perl 5.34
DocuSign,"DocuSign, Inc._Earnings Call_2022-12-08T00_00_00_English.docx",2022-12-08,2023,FQ3,2023-02-16,-70,pre_1,0,0,0,,prepared_management,3066,163,632,0.2061317677756033,15.769197091392233,0,0,3026,163,648,21.414408,18.564417,15.99153,-0.22233290860776656,-1.390316677689793,task10_li2008_formula_custom_implementation,Lingua::EN::Fathom 1.27 / Syllable 0.251 / Sentence 0.33 under perl 5.34
DocuSign,"DocuSign, Inc._Earnings Call_2022-12-08T00_00_00_English.docx",2022-12-08,2023,FQ3,2023-02-16,-70,pre_1,0,0,0,,managerial_qa,3426,210,456,0.1330998248686515,11.849707280460343,0,0,3402,210,462,13.580247,16.2,11.912099,-0.06239171953965439,-0.5237676377576647,task10_li2008_formula_custom_implementation,Lingua::EN::Fathom 1.27 / Syllable 0.251 / Sentence 0.33 under perl 5.34
DocuSign,"DocuSign, Inc._Earnings Call_2023-03-09T00_00_00_English.docx",2023-03-09,2023,FQ4,2023-02-16,21,post_1,0,0,0,,prepared_management,3163,166,639,0.2020233955105912,15.702622567411602,0,0,3126,165,652,20.857326,18.945455,15.921112,-0.2184894325883988,-1.3723252030913344,task10_li2008_formula_custom_implementation,Lingua::EN::Fathom 1.27 / Syllable 0.251 / Sentence 0.33 under perl 5.34
DocuSign,"DocuSign, Inc._Earnings Call_2023-03-09T00_00_00_English.docx",2023-03-09,2023,FQ4,2023-02-16,21,post_1,0,0,0,,managerial_qa,4021,238,563,0.1400149216612783,12.358580059728444,0,0,3996,237,549,13.738739,16.860759,12.239799,0.11878105972844288,0.9704494308153498,task10_li2008_formula_custom_implementation,Lingua::EN::Fathom 1.27 / Syllable 0.251 / Sentence 0.33 under perl 5.34
DocuSign,"DocuSign, Inc._Earnings Call_2023-06-08T00_00_00_English.docx",2023-06-08,2024,FQ1,2023-02-16,112,post_2,0,0,0,,prepared_management,2632,142,564,0.2142857142857142,15.985513078470824,0,0,2604,142,580,22.273425,18.338028,16.244581,-0.2590679215291747,-1.5947959601369508,task10_li2008_formula_custom_implementation,Lingua::EN::Fathom 1.27 / Syllable 0.251 / Sentence 0.33 under perl 5.34
DocuSign,"DocuSign, Inc._Earnings Call_2023-06-08T00_00_00_English.docx",2023-06-08,2024,FQ1,2023-02-16,112,post_2,0,0,0,,managerial_qa,4271,264,587,0.1374385389838445,11.968753680565904,0,0,4234,265,596,14.076523,15.977358,12.021553,-0.052799319434097214,-0.43920547897677786,task10_li2008_formula_custom_implementation,Lingua::EN::Fathom 1.27 / Syllable 0.251 / Sentence 0.33 under perl 5.34
DocuSign,"DocuSign, Inc._Earnings Call_2023-09-07T00_00_00_English.docx",2023-09-07,2024,FQ2,2023-02-16,203,non_event,0,0,0,,prepared_management,3100,163,659,0.2125806451612903,16.110587769641796,0,0,3068,163,693,22.588005,18.822086,16.564036,-0.45344823035820525,-2.737546757071798,task10_li2008_formula_custom_implementation,Lingua::EN::Fathom 1.27 / Syllable 0.251 / Sentence 0.33 under perl 5.34
DocuSign,"DocuSign, Inc._Earnings Call_2023-09-07T00_00_00_English.docx",2023-09-07,2024,FQ2,2023-02-16,203,non_event,0,0,0,,managerial_qa,4089,253,522,0.1276595744680851,11.571205113110755,0,0,4060,254,542,13.349754,15.984252,11.733602,-0.16239688688924225,-1.3840326856939775,task10_li2008_formula_custom_implementation,Lingua::EN::Fathom 1.27 / Syllable 0.251 / Sentence 0.33 under perl 5.34
DocuSign,"DocuSign, Inc._Earnings Call_2023-12-07T00_00_00_English.docx",2023-12-07,2024,FQ3,2023-02-16,294,non_event,0,0,0,,prepared_management,2858,172,638,0.2232330300909727,15.575832831545885,0,0,2815,172,650,23.090586,16.366279,15.782746,-0.20691316845411478,-1.3110086701903128,task10_li2008_formula_custom_implementation,Lingua::EN::Fathom 1.27 / Syllable 0.251 / Sentence 0.33 under perl 5.34
DocuSign,"DocuSign, Inc._Earnings Call_2023-12-07T00_00_00_English.docx",2023-12-07,2024,FQ3,2023-02-16,294,non_event,0,0,0,,managerial_qa,4383,233,597,0.136208076659822,12.972786585706189,0,0,4343,231,615,14.160718,18.800866,13.184634,-0.21184741429381404,-1.6067750860115952,task10_li2008_formula_custom_implementation,Lingua::EN::Fathom 1.27 / Syllable 0.251 / Sentence 0.33 under perl 5.34
DocuSign,"DocuSign, Inc._Earnings Call_2024-03-07T00_00_00_English.docx",2024-03-07,2024,FQ4,2023-02-16,385,non_event,0,0,0,,prepared_management,2962,167,696,0.2349763673193788,16.493665471218264,0,0,2902,167,697,24.017919,17.377246,16.558066,-0.06440052878173574,-0.3889375050306947,task10_li2008_formula_custom_implementation,Lingua::EN::Fathom 1.27 / Syllable 0.251 / Sentence 0.33 under perl 5.34
DocuSign,"DocuSign, Inc._Earnings Call_2024-03-07T00_00_00_English.docx",2024-03-07,2024,FQ4,2023-02-16,385,non_event,0,0,0,,managerial_qa,3776,223,469,0.1242055084745762,11.74131450938664,0,0,3722,222,482,12.950027,16.765766,11.886317,-0.14500249061336135,-1.2199110171246599,task10_li2008_formula_custom_implementation,Lingua::EN::Fathom 1.27 / Syllable 0.251 / Sentence 0.33 under perl 5.34
DoorDash,"DoorDash, Inc._Earnings Call_2021-05-13T00_00_00_English.docx",2021-05-13,2021,FQ1,2022-11-30,-566,non_event,0,0,0,,prepared_management,249,13,45,0.180722891566265,14.890454124189064,0,0,248,13,52,20.967742,19.076923,16.017866,-1.1274118758109388,-7.038464897951692,task10_li2008_formula_custom_implementation,Lingua::EN::Fathom 1.27 / Syllable 0.251 / Sentence 0.33 under perl 5.34
DoorDash,"DoorDash, Inc._Earnings Call_2021-05-13T00_00_00_English.docx",2021-05-13,2021,FQ1,2022-11-30,-566,non_event,0,0,0,,managerial_qa,4374,193,528,0.120713305898491,13.893817210032909,0,0,4354,192,549,12.609095,22.677083,14.114471,-0.22065378996709306,-1.5633160461139002,task10_li2008_formula_custom_implementation,Lingua::EN::Fathom 1.27 / Syllable 0.251 / Sentence 0.33 under perl 5.34
DoorDash,"DoorDash, Inc._Earnings Call_2021-08-12T00_00_00_English.docx",2021-08-12,2021,FQ2,2022-11-30,-475,non_event,0,0,0,,prepared_management,252,13,45,0.1785714285714285,14.896703296703295,0,0,251,14,52,20.717131,17.928571,15.458281,-0.5615777032967024,-3.6328599751596085,task10_li2008_formula_custom_implementation,Lingua::EN::Fathom 1.27 / Syllable 0.251 / Sentence 0.33 under perl 5.34
DoorDash,"DoorDash, Inc._Earnings Call_2021-08-12T00_00_00_English.docx",2021-08-12,2021,FQ2,2022-11-30,-475,non_event,0,0,0,,managerial_qa,3212,160,442,0.1376089663760896,13.534358655043588,0,0,3198,160,457,14.290181,19.9875,13.711073,-0.17671434495641236,-1.2888440237785355,task10_li2008_formula_custom_implementation,Lingua::EN::Fathom 1.27 / Syllable 0.251 / Sentence 0.33 under perl 5.34
DoorDash,"DoorDash, Inc._Earnings Call_2021-11-09T00_00_00_English.docx",2021-11-09,2021,FQ3,2022-11-30,-386,non_event,0,0,0,,prepared_management,917,49,145,0.1581243184296619,13.810687022900764,0,0,912,50,159,17.434211,18.24,14.269684,-0.45899697709923615,-3.2165882376879273,task10_li2008_formula_custom_implementation,Lingua::EN::Fathom 1.27 / Syllable 0.251 / Sentence 0.33 under perl 5.34
DoorDash,"DoorDash, Inc._Earnings Call_2021-11-09T00_00_00_English.docx",2021-11-09,2021,FQ3,2022-11-30,-386,non_event,0,0,0,,managerial_qa,3836,195,515,0.1342544316996871,13.238895216705435,0,0,3814,193,521,13.660199,19.761658,13.368743,-0.12984778329456326,-0.9712789249861655,task10_li2008_formula_custom_implementation,Lingua::EN::Fathom 1.27 / Syllable 0.251 / Sentence 0.33 under perl 5.34
DoorDash,"DoorDash, Inc._Earnings Call_2022-02-16T00_00_00_English.docx",2022-02-16,2021,FQ4,2022-11-30,-287,non_event,0,0,0,,prepared_management,245,12,46,0.1877551020408163,15.67687074829932,0,0,244,13,54,22.131148,18.769231,16.360151,-0.683280251700678,-4.176491107573995,task10_li2008_formula_custom_implementation,Lingua::EN::Fathom 1.27 / Syllable 0.251 / Sentence 0.33 under perl 5.34
DoorDash,"DoorDash, Inc._Earnings Call_2022-02-16T00_00_00_English.docx",2022-02-16,2021,FQ4,2022-11-30,-287,non_event,0,0,0,,managerial_qa,5888,292,761,0.1292459239130435,13.235590381179271,0,0,5868,288,781,13.309475,20.375,13.47379,-0.23819961882072604,-1.7678739153625376,task10_li2008_formula_custom_implementation,Lingua::EN::Fathom 1.27 / Syllable 0.251 / Sentence 0.33 under perl 5.34
DoorDash,"DoorDash, Inc._Earnings Call_2022-05-05T00_00_00_English.docx",2022-05-05,2022,FQ1,2022-11-30,-209,non_event,0,0,0,,prepared_management,262,13,47,0.1793893129770992,15.23711098062243,0,0,259,13,55,21.235521,19.923077,16.463439,-1.2263280193775703,-7.448796204593525,task10_li2008_formula_custom_implementation,Lingua::EN::Fathom 1.27 / Syllable 0.251 / Sentence 0.33 under perl 5.34
DoorDash,"DoorDash, Inc._Earnings Call_2022-05-05T00_00_00_English.docx",2022-05-05,2022,FQ1,2022-11-30,-209,non_event,0,0,0,,managerial_qa,6958,309,945,0.1358148893360161,14.439715314540967,0,0,6909,306,974,14.097554,22.578431,14.670394,-0.23067868545903103,-1.5724096125777605,task10_li2008_formula_custom_implementation,Lingua::EN::Fathom 1.27 / Syllable 0.251 / Sentence 0.33 under perl 5.34
DoorDash,"DoorDash, Inc._Earnings Call_2022-08-04T00_00_00_English.docx",2022-08-04,2022,FQ2,2022-11-30,-118,pre_2,0,0,0,,prepared_management,267,14,51,0.1910112359550561,15.269020866773676,0,0,265,14,58,21.886792,18.928571,16.326146,-1.0571251332263252,-6.475043976859726,task10_li2008_formula_custom_implementation,Lingua::EN::Fathom 1.27 / Syllable 0.251 / Sentence 0.33 under perl 5.34
DoorDash,"DoorDash, Inc._Earnings Call_2022-08-04T00_00_00_English.docx",2022-08-04,2022,FQ2,2022-11-30,-118,pre_2,0,0,0,,managerial_qa,5349,248,714,0.1334828939988783,13.966735114793844,0,0,5316,242,721,13.562829,21.966942,14.211909,-0.24517388520615668,-1.725129855575044,task10_li2008_formula_custom_implementation,Lingua::EN::Fathom 1.27 / Syllable 0.251 / Sentence 0.33 under perl 5.34
DoorDash,"DoorDash, Inc._Earnings Call_2022-11-03T00_00_00_English.docx",2022-11-03,2022,FQ3,2022-11-30,-27,pre_1,0,0,0,,prepared_management,262,14,52,0.1984732824427481,15.424645583424212,0,0,260,14,58,22.307692,18.571429,16.351648,-0.9270024165757889,-5.669168126514152,task10_li2008_formula_custom_implementation,Lingua::EN::Fathom 1.27 / Syllable 0.251 / Sentence 0.33 under perl 5.34
DoorDash,"DoorDash, Inc._Earnings Call_2022-11-03T00_00_00_English.docx",2022-11-03,2022,FQ3,2022-11-30,-27,pre_1,0,0,0,,managerial_qa,5948,294,818,0.1375252185608608,13.593525749237154,0,0,5910,291,822,13.908629,20.309278,13.687163,-0.09363725076284624,-0.6841246119655785,task10_li2008_formula_custom_implementation,Lingua::EN::Fathom 1.27 / Syllable 0.251 / Sentence 0.33 under perl 5.34
DoorDash,"DoorDash, Inc._Earnings Call_2023-02-16T00_00_00_English.docx",2023-02-16,2022,FQ4,2022-11-30,78,post_1,0,0,0,,prepared_management,654,38,97,0.1483180428134556,12.816932238854015,0,0,645,38,112,17.364341,16.973684,13.73521,-0.9182777611459851,-6.685574964969485,task10_li2008_formula_custom_implementation,Lingua::EN::Fathom 1.27 / Syllable 0.251 / Sentence 0.33 under perl 5.34
DoorDash,"DoorDash, Inc._Earnings Call_2023-02-16T00_00_00_English.docx",2023-02-16,2022,FQ4,2022-11-30,78,post_1,0,0,0,,managerial_qa,5332,278,678,0.1271567891972993,12.75821401393514,0,0,5296,276,667,12.594411,19.188406,12.713127,0.04508701393513981,0.3546492844375723,task10_li2008_formula_custom_implementation,Lingua::EN::Fathom 1.27 / Syllable 0.251 / Sentence 0.33 under perl 5.34
DoorDash,"DoorDash, Inc._Earnings Call_2023-05-04T00_00_00_English.docx",2023-05-04,2023,FQ1,2022-11-30,155,post_2,0,0,0,,prepared_management,241,14,46,0.1908713692946058,14.520569057498518,0,0,239,14,54,22.594142,17.071429,15.866228,-1.3456589425014815,-8.481278237659774,task10_li2008_formula_custom_implementation,Lingua::EN::Fathom 1.27 / Syllable 0.251 / Sentence 0.33 under perl 5.34
DoorDash,"DoorDash, Inc._Earnings Call_2023-05-04T00_00_00_English.docx",2023-05-04,2023,FQ1,2022-11-30,155,post_2,0,0,0,,managerial_qa,5123,234,619,0.1208276400546554,13.590370559451175,0,0,5100,234,650,12.745098,21.794872,13.815988,-0.22561744054882382,-1.633017056390204,task10_li2008_formula_custom_implementation,Lingua::EN::Fathom 1.27 / Syllable 0.251 / Sentence 0.33 under perl 5.34
DoorDash,"DoorDash, Inc._Earnings Call_2023-08-02T00_00_00_English.docx",2023-08-02,2023,FQ2,2022-11-30,245,non_event,0,0,0,,prepared_management,239,14,44,0.1841004184100418,14.192588164973102,0,0,237,14,55,23.206751,16.928571,16.054129,-1.8615408350268972,-11.595402248399134,task10_li2008_formula_custom_implementation,Lingua::EN::Fathom 1.27 / Syllable 0.251 / Sentence 0.33 under perl 5.34
DoorDash,"DoorDash, Inc._Earnings Call_2023-08-02T00_00_00_English.docx",2023-08-02,2023,FQ2,2022-11-30,245,non_event,0,0,0,,managerial_qa,5772,271,681,0.1179833679833679,13.238891914906674,0,0,5743,271,716,12.467352,21.191882,13.463693,-0.22480108509332553,-1.6696836825774737,task10_li2008_formula_custom_implementation,Lingua::EN::Fathom 1.27 / Syllable 0.251 / Sentence 0.33 under perl 5.34
DoorDash,"DoorDash, Inc._Earnings Call_2023-11-01T00_00_00_English.docx",2023-11-01,2023,FQ3,2022-11-30,336,non_event,0,0,0,,prepared_management,241,13,49,0.2033195020746888,15.548164698372169,0,0,238,13,57,23.94958,18.307692,16.902909,-1.3547443016278322,-8.014858872090196,task10_li2008_formula_custom_implementation,Lingua::EN::Fathom 1.27 / Syllable 0.251 / Sentence 0.33 under perl 5.34
DoorDash,"DoorDash, Inc._Earnings Call_2023-11-01T00_00_00_English.docx",2023-11-01,2023,FQ3,2022-11-30,336,non_event,0,0,0,,managerial_qa,6479,299,781,0.1205432937181663,13.48929027715475,0,0,6452,292,857,13.282703,22.09589,14.151437,-0.6621467228452502,-4.679006964771495,task10_li2008_formula_custom_implementation,Lingua::EN::Fathom 1.27 / Syllable 0.251 / Sentence 0.33 under perl 5.34
DoorDash,"DoorDash, Inc._Earnings Call_2024-02-15T00_00_00_English.docx",2024-02-15,2023,FQ4,2022-11-30,442,non_event,0,0,0,,prepared_management,232,14,45,0.1939655172413793,14.387192118226602,0,0,229,14,52,22.707424,16.357143,15.625827,-1.2386348817733968,-7.926843691366843,task10_li2008_formula_custom_implementation,Lingua::EN::Fathom 1.27 / Syllable 0.251 / Sentence 0.33 under perl 5.34
DoorDash,"DoorDash, Inc._Earnings Call_2024-02-15T00_00_00_English.docx",2024-02-15,2023,FQ4,2022-11-30,442,non_event,0,0,0,,managerial_qa,5951,319,712,0.1196437573517056,12.247819259585466,0,0,5915,316,748,12.645816,18.718354,12.545668,-0.29784874041453335,-2.37411623210923,task10_li2008_formula_custom_implementation,Lingua::EN::Fathom 1.27 / Syllable 0.251 / Sentence 0.33 under perl 5.34
DoorDash,"DoorDash, Inc._Earnings Call_2024-05-01T00_00_00_English.docx",2024-05-01,2024,FQ1,2022-11-30,518,non_event,0,0,0,,prepared_management,259,13,54,0.2084942084942085,16.30899910899911,0,0,256,13,62,24.21875,19.692308,17.564423,-1.2554238910008912,-7.147538470241186,task10_li2008_formula_custom_implementation,Lingua::EN::Fathom 1.27 / Syllable 0.251 / Sentence 0.33 under perl 5.34
DoorDash,"DoorDash, Inc._Earnings Call_2024-05-01T00_00_00_English.docx",2024-05-01,2024,FQ1,2022-11-30,518,non_event,0,0,0,,managerial_qa,5923,317,728,0.1229106871517811,12.390244520771564,0,0,5881,316,767,13.042,18.610759,12.661104,-0.27085947922843623,-2.1393038018520047,task10_li2008_formula_custom_implementation,Lingua::EN::Fathom 1.27 / Syllable 0.251 / Sentence 0.33 under perl 5.34
DoorDash,"DoorDash, Inc._Earnings Call_2024-08-01T00_00_00_English.docx",2024-08-01,2024,FQ2,2022-11-30,610,non_event,0,0,0,,prepared_management,238,13,48,0.2016806722689075,15.390303813833226,0,0,235,13,56,23.829787,18.076923,16.762684,-1.3723801861667742,-8.187114821032086,task10_li2008_formula_custom_implementation,Lingua::EN::Fathom 1.27 / Syllable 0.251 / Sentence 0.33 under perl 5.34
DoorDash,"DoorDash, Inc._Earnings Call_2024-08-01T00_00_00_English.docx",2024-08-01,2024,FQ2,2022-11-30,610,non_event,0,0,0,,managerial_qa,6062,337,747,0.1232266578686902,12.124318540266897,0,0,6025,331,789,13.095436,18.202417,12.519141,-0.3948224597331027,-3.153750402947796,task10_li2008_formula_custom_implementation,Lingua::EN::Fathom 1.27 / Syllable 0.251 / Sentence 0.33 under perl 5.34
DoorDash,"DoorDash, Inc._Earnings Call_2024-10-30T00_00_00_English.docx",2024-10-30,2024,FQ3,2022-11-30,700,non_event,0,0,0,,prepared_management,240,14,46,0.1916666666666666,14.523809523809526,0,0,237,14,55,23.206751,16.928571,16.054129,-1.5303194761904741,-9.53224853363564,task10_li2008_formula_custom_implementation,Lingua::EN::Fathom 1.27 / Syllable 0.251 / Sentence 0.33 under perl 5.34
DoorDash,"DoorDash, Inc._Earnings Call_2024-10-30T00_00_00_English.docx",2024-10-30,2024,FQ3,2022-11-30,700,non_event,0,0,0,,managerial_qa,5761,270,706,0.1225481687207082,13.436741563643146,0,0,5740,265,746,12.996516,21.660377,13.862757,-0.42601543635685424,-3.073093154246693,task10_li2008_formula_custom_implementation,Lingua::EN::Fathom 1.27 / Syllable 0.251 / Sentence 0.33 under perl 5.34
DoorDash,"DoorDash, Inc._Earnings Call_2025-02-11T00_00_00_English.docx",2025-02-11,2024,FQ4,2022-11-30,804,non_event,0,0,0,,prepared_management,247,13,52,0.2105263157894736,16.02105263157895,0,0,244,13,61,25.0,18.769231,17.507692,-1.4866393684210486,-8.491349793114072,task10_li2008_formula_custom_implementation,Lingua::EN::Fathom 1.27 / Syllable 0.251 / Sentence 0.33 under perl 5.34
DoorDash,"DoorDash, Inc._Earnings Call_2025-02-11T00_00_00_English.docx",2025-02-11,2024,FQ4,2022-11-30,804,non_event,0,0,0,,managerial_qa,5380,282,645,0.1198884758364312,12.426744707216114,0,0,5351,277,658,12.296767,19.31769,12.645783,-0.21903829278388542,-1.7321054203119366,task10_li2008_formula_custom_implementation,Lingua::EN::Fathom 1.27 / Syllable 0.251 / Sentence 0.33 under perl 5.34
Dropbox,"Dropbox, Inc._Earnings Call_2021-05-06T00_00_00_English.docx",2021-05-06,2021,FQ1,2024-10-30,-1273,non_event,0,0,0,,prepared_management,3960,175,772,0.1949494949494949,16.849408369408373,0,0,3921,175,807,20.581484,22.405714,17.194879,-0.3454706305916275,-2.0091483667412113,task10_li2008_formula_custom_implementation,Lingua::EN::Fathom 1.27 / Syllable 0.251 / Sentence 0.33 under perl 5.34
Dropbox,"Dropbox, Inc._Earnings Call_2021-05-06T00_00_00_English.docx",2021-05-06,2021,FQ1,2024-10-30,-1273,non_event,0,0,0,,managerial_qa,1501,88,240,0.1598934043970686,13.218463448610018,0,0,1488,88,239,16.061828,16.909091,13.188368,0.030095448610017783,0.22819691268864944,task10_li2008_formula_custom_implementation,Lingua::EN::Fathom 1.27 / Syllable 0.251 / Sentence 0.33 under perl 5.34
Dropbox,"Dropbox, Inc._Earnings Call_2021-08-05T00_00_00_English.docx",2021-08-05,2021,FQ2,2024-10-30,-1182,non_event,0,0,0,,prepared_management,4251,187,816,0.191954834156669,16.771241494609008,0,0,4218,187,867,20.554765,22.55615,17.244366,-0.4731245053909916,-2.7436468548103865,task10_li2008_formula_custom_implementation,Lingua::EN::Fathom 1.27 / Syllable 0.251 / Sentence 0.33 under perl 5.34
Dropbox,"Dropbox, Inc._Earnings Call_2021-08-05T00_00_00_English.docx",2021-08-05,2021,FQ2,2024-10-30,-1182,non_event,0,0,0,,managerial_qa,2123,103,269,0.1267074894017899,13.312959770246357,0,0,2119,103,275,12.97782,20.572816,13.420254,-0.107294229753645,-0.7994947767281081,task10_li2008_formula_custom_implementation,Lingua::EN::Fathom 1.27 / Syllable 0.251 / Sentence 0.33 under perl 5.34
Dropbox,"Dropbox, Inc._Earnings Call_2021-11-04T00_00_00_English.docx",2021-11-04,2021,FQ3,2024-10-30,-1091,non_event,0,0,0,,prepared_management,4937,213,895,0.1812841806765242,16.522728729408385,0,0,4900,213,907,18.510204,23.004695,16.60596,-0.0832312705916145,-0.5012132426647692,task10_li2008_formula_custom_implementation,Lingua::EN::Fathom 1.27 / Syllable 0.251 / Sentence 0.33 under perl 5.34
Dropbox,"Dropbox, Inc._Earnings Call_2021-11-04T00_00_00_English.docx",2021-11-04,2021,FQ3,2024-10-30,-1091,non_event,0,0,0,,managerial_qa,2854,137,369,0.1292922214435879,13.504535573071983,0,0,2851,135,354,12.416696,21.118519,13.414086,0.09044957307198587,0.6742880064432707,task10_li2008_formula_custom_implementation,Lingua::EN::Fathom 1.27 / Syllable 0.251 / Sentence 0.33 under perl 5.34
Dropbox,"Dropbox, Inc._Earnings Call_2022-02-17T00_00_00_English.docx",2022-02-17,2021,FQ4,2024-10-30,-986,non_event,0,0,0,,prepared_management,5044,227,924,0.183187946074544,16.215623569854007,0,0,4999,227,949,18.983797,22.022026,16.402329,-0.18670543014599517,-1.138286094285727,task10_li2008_formula_custom_implementation,Lingua::EN::Fathom 1.27 / Syllable 0.251 / Sentence 0.33 under perl 5.34
Dropbox,"Dropbox, Inc._Earnings Call_2022-02-17T00_00_00_English.docx",2022-02-17,2021,FQ4,2024-10-30,-986,non_event,0,0,0,,managerial_qa,2324,127,402,0.1729776247848537,14.238790030764228,0,0,2308,127,369,15.987868,18.173228,13.664439,0.5743510307642286,4.203253648131684,task10_li2008_formula_custom_implementation,Lingua::EN::Fathom 1.27 / Syllable 0.251 / Sentence 0.33 under perl 5.34
Dropbox,"Dropbox, Inc._Earnings Call_2022-05-05T00_00_00_English.docx",2022-05-05,2022,FQ1,2024-10-30,-909,non_event,0,0,0,,prepared_management,3580,158,663,0.185195530726257,16.471112368290786,0,0,3537,158,691,19.53633,22.386076,16.768962,-0.2978496317092123,-1.776195996563248,task10_li2008_formula_custom_implementation,Lingua::EN::Fathom 1.27 / Syllable 0.251 / Sentence 0.33 under perl 5.34
Dropbox,"Dropbox, Inc._Earnings Call_2022-05-05T00_00_00_English.docx",2022-05-05,2022,FQ1,2024-10-30,-909,non_event,0,0,0,,managerial_qa,1451,85,198,0.1364576154376292,12.286539911622818,0,0,1444,85,189,13.088643,16.988235,12.030751,0.25578891162281714,2.1261258887563805,task10_li2008_formula_custom_implementation,Lingua::EN::Fathom 1.27 / Syllable 0.251 / Sentence 0.33 under perl 5.34
Dropbox,"Dropbox, Inc._Earnings Call_2022-08-04T00_00_00_English.docx",2022-08-04,2022,FQ2,2024-10-30,-818,non_event,0,0,0,,prepared_management,3974,181,745,0.1874685455460493,16.281062263830925,0,0,3917,181,780,19.913199,21.640884,16.621633,-0.34057073616907374,-2.0489607499399956,task10_li2008_formula_custom_implementation,Lingua::EN::Fathom 1.27 / Syllable 0.251 / Sentence 0.33 under perl 5.34
Dropbox,"Dropbox, Inc._Earnings Call_2022-08-04T00_00_00_English.docx",2022-08-04,2022,FQ2,2024-10-30,-818,non_event,0,0,0,,managerial_qa,1864,113,239,0.1282188841201716,11.726985453302442,0,0,1855,113,236,12.722372,16.415929,11.65532,0.07166545330244212,0.6148733222463401,task10_li2008_formula_custom_implementation,Lingua::EN::Fathom 1.27 / Syllable 0.251 / Sentence 0.33 under perl 5.34
Dropbox,"Dropbox, Inc._Earnings Call_2022-11-03T00_00_00_English.docx",2022-11-03,2022,FQ3,2024-10-30,-727,non_event,0,0,0,,prepared_management,3786,161,662,0.1748547279450607,16.400400297926655,0,0,3732,161,703,18.837085,23.180124,16.806884,-0.40648370207334494,-2.418554814047297,task10_li2008_formula_custom_implementation,Lingua::EN::Fathom 1.27 / Syllable 0.251 / Sentence 0.33 under perl 5.34
Dropbox,"Dropbox, Inc._Earnings Call_2022-11-03T00_00_00_English.docx",2022-11-03,2022,FQ3,2024-10-30,-727,non_event,0,0,0,,managerial_qa,2039,116,274,0.1343795978420794,12.4062183964418,0,0,2033,116,281,13.821938,17.525862,12.53912,-0.13290160355820113,-1.0598957786367873,task10_li2008_formula_custom_implementation,Lingua::EN::Fathom 1.27 / Syllable 0.251 / Sentence 0.33 under perl 5.34
Dropbox,"Dropbox, Inc._Earnings Call_2023-02-16T00_00_00_English.docx",2023-02-16,2022,FQ4,2024-10-30,-622,non_event,0,0,0,,prepared_management,4823,210,843,0.1747874766742691,16.17816573363743,0,0,4761,210,875,18.378492,22.671429,16.419968,-0.24180226636256918,-1.4726110694160255,task10_li2008_formula_custom_implementation,Lingua::EN::Fathom 1.27 / Syllable 0.251 / Sentence 0.33 under perl 5.34
Dropbox,"Dropbox, Inc._Earnings Call_2023-02-16T00_00_00_English.docx",2023-02-16,2022,FQ4,2024-10-30,-622,non_event,0,0,0,,managerial_qa,2541,133,338,0.1330184966548603,12.962845129352306,0,0,2521,133,356,14.12138,18.954887,13.230507,-0.267661870647693,-2.0230658632181897,task10_li2008_formula_custom_implementation,Lingua::EN::Fathom 1.27 / Syllable 0.251 / Sentence 0.33 under perl 5.34
Dropbox,"Dropbox, Inc._Earnings Call_2023-05-04T00_00_00_English.docx",2023-05-04,2023,FQ1,2024-10-30,-545,non_event,0,0,0,,prepared_management,4161,177,748,0.1797644796923816,16.59396901820374,0,0,4117,177,759,18.435754,23.259887,16.678256,-0.08428698179626082,-0.505370476363121,task10_li2008_formula_custom_implementation,Lingua::EN::Fathom 1.27 / Syllable 0.251 / Sentence 0.33 under perl 5.34
Dropbox,"Dropbox, Inc._Earnings Call_2023-05-04T00_00_00_English.docx",2023-05-04,2023,FQ1,2024-10-30,-545,non_event,0,0,0,,managerial_qa,1682,82,261,0.1551724137931034,14.411774600504629,0,0,1673,82,258,15.421399,20.402439,14.329535,0.08223960050462686,0.5739167426202376,task10_li2008_formula_custom_implementation,Lingua::EN::Fathom 1.27 / Syllable 0.251 / Sentence 0.33 under perl 5.34
Dropbox,"Dropbox, Inc._Earnings Call_2023-08-03T00_00_00_English.docx",2023-08-03,2023,FQ2,2024-10-30,-454,non_event,0,0,0,,prepared_management,4265,177,692,0.1622508792497069,16.128453249084323,0,0,4223,176,720,17.049491,23.994318,16.417524,-0.2890707509156769,-1.7607451094067346,task10_li2008_formula_custom_implementation,Lingua::EN::Fathom 1.27 / Syllable 0.251 / Sentence 0.33 under perl 5.34
Dropbox,"Dropbox, Inc._Earnings Call_2023-08-03T00_00_00_English.docx",2023-08-03,2023,FQ2,2024-10-30,-454,non_event,0,0,0,,managerial_qa,2724,133,338,0.1240822320117474,13.15577048347742,0,0,2718,132,334,12.288447,20.590909,13.151743,0.0040274834774187696,0.03062319175046813,task10_li2008_formula_custom_implementation,Lingua::EN::Fathom 1.27 / Syllable 0.251 / Sentence 0.33 under perl 5.34
Dropbox,"Dropbox, Inc._Earnings Call_2023-11-02T00_00_00_English.docx",2023-11-02,2023,FQ3,2024-10-30,-363,non_event,0,0,0,,prepared_management,3897,173,658,0.1688478316653836,15.7643178908928,0,0,3859,173,670,17.362011,22.306358,15.867348,-0.10303010910719834,-0.6493215445151789,task10_li2008_formula_custom_implementation,Lingua::EN::Fathom 1.27 / Syllable 0.251 / Sentence 0.33 under perl 5.34
Dropbox,"Dropbox, Inc._Earnings Call_2023-11-02T00_00_00_English.docx",2023-11-02,2023,FQ3,2024-10-30,-363,non_event,0,0,0,,managerial_qa,1402,78,199,0.1419400855920114,12.867347013424046,0,0,1393,79,205,14.716439,17.632911,12.93974,-0.07239298657595405,-0.5594624511462677,task10_li2008_formula_custom_implementation,Lingua::EN::Fathom 1.27 / Syllable 0.251 / Sentence 0.33 under perl 5.34
Dropbox,"Dropbox, Inc._Earnings Call_2024-02-15T00_00_00_English.docx",2024-02-15,2023,FQ4,2024-10-30,-258,non_event,0,0,0,,prepared_management,4813,213,815,0.1693330563058383,15.811819904815696,0,0,4767,212,858,17.998741,22.485849,16.193836,-0.382016095184305,-2.359021637518776,task10_li2008_formula_custom_implementation,Lingua::EN::Fathom 1.27 / Syllable 0.251 / Sentence 0.33 under perl 5.34
Dropbox,"Dropbox, Inc._Earnings Call_2024-02-15T00_00_00_English.docx",2024-02-15,2023,FQ4,2024-10-30,-258,non_event,0,0,0,,managerial_qa,3077,156,411,0.1335716607084822,13.23261001808288,0,0,3060,154,408,13.333333,19.87013,13.281385,-0.04877498191711993,-0.36724318975106834,task10_li2008_formula_custom_implementation,Lingua::EN::Fathom 1.27 / Syllable 0.251 / Sentence 0.33 under perl 5.34
Dropbox,"Dropbox, Inc._Earnings Call_2024-05-09T00_00_00_English.docx",2024-05-09,2024,FQ1,2024-10-30,-174,pre_2,0,0,0,,prepared_management,2845,139,521,0.183128295254833,15.512182169905556,0,0,2807,139,530,18.881368,20.194245,15.630245,-0.11806283009444485,-0.7553485572007659,task10_li2008_formula_custom_implementation,Lingua::EN::Fathom 1.27 / Syllable 0.251 / Sentence 0.33 under perl 5.34
Dropbox,"Dropbox, Inc._Earnings Call_2024-05-09T00_00_00_English.docx",2024-05-09,2024,FQ1,2024-10-30,-174,pre_2,0,0,0,,managerial_qa,3377,180,395,0.116967722830915,12.183153357681046,0,0,3353,178,377,11.243662,18.837079,12.032296,0.1508573576810459,1.2537703334512873,task10_li2008_formula_custom_implementation,Lingua::EN::Fathom 1.27 / Syllable 0.251 / Sentence 0.33 under perl 5.34
Dropbox,"Dropbox, Inc._Earnings Call_2024-08-08T00_00_00_English.docx",2024-08-08,2024,FQ2,2024-10-30,-83,pre_1,0,0,0,,prepared_management,3202,150,593,0.1851967520299812,15.94653674786592,0,0,3174,150,606,19.092628,21.16,16.101051,-0.15451425213407965,-0.9596532060800235,task10_li2008_formula_custom_implementation,Lingua::EN::Fathom 1.27 / Syllable 0.251 / Sentence 0.33 under perl 5.34
Dropbox,"Dropbox, Inc._Earnings Call_2024-08-08T00_00_00_English.docx",2024-08-08,2024,FQ2,2024-10-30,-83,pre_1,0,0,0,,managerial_qa,2400,114,305,0.1270833333333333,13.50438596491228,0,0,2399,113,290,12.08837,21.230088,13.327383,0.1770029649122815,1.3281149413375568,task10_li2008_formula_custom_implementation,Lingua::EN::Fathom 1.27 / Syllable 0.251 / Sentence 0.33 under perl 5.34
Dropbox,"Dropbox, Inc._Earnings Call_2024-11-07T00_00_00_English.docx",2024-11-07,2024,FQ3,2024-10-30,8,post_1,0,0,0,,prepared_management,3164,153,559,0.1766750948166877,15.33889921750411,0,0,3132,153,586,18.710089,20.470588,15.672271,-0.33337178249588995,-2.127144065438187,task10_li2008_formula_custom_implementation,Lingua::EN::Fathom 1.27 / Syllable 0.251 / Sentence 0.33 under perl 5.34
Dropbox,"Dropbox, Inc._Earnings Call_2024-11-07T00_00_00_English.docx",2024-11-07,2024,FQ3,2024-10-30,8,post_1,0,0,0,,managerial_qa,1613,76,218,0.1351518908865468,13.895549319672398,0,0,1603,76,222,13.849033,21.092105,13.976455,-0.08090568032760181,-0.5788712540311676,task10_li2008_formula_custom_implementation,Lingua::EN::Fathom 1.27 / Syllable 0.251 / Sentence 0.33 under perl 5.34
Dropbox,"Dropbox, Inc._Earnings Call_2025-02-20T00_00_00_English.docx",2025-02-20,2024,FQ4,2024-10-30,113,post_2,0,0,0,,prepared_management,3650,181,658,0.1802739726027397,15.277257246651027,0,0,3613,181,689,19.070025,19.961326,15.61254,-0.33528275334897195,-2.1475221414899304,task10_li2008_formula_custom_implementation,Lingua::EN::Fathom 1.27 / Syllable 0.251 / Sentence 0.33 under perl 5.34
Dropbox,"Dropbox, Inc._Earnings Call_2025-02-20T00_00_00_English.docx",2025-02-20,2024,FQ4,2024-10-30,113,post_2,0,0,0,,managerial_qa,3771,176,447,0.1185361972951471,13.311902437260432,0,0,3753,174,454,12.096989,21.568966,13.466382,-0.1544795627395672,-1.1471497150427428,task10_li2008_formula_custom_implementation,Lingua::EN::Fathom 1.27 / Syllable 0.251 / Sentence 0.33 under perl 5.34
IBM,International Business Machines Corporation_Earnings Call_2021-04-19T00_00_00_English.docx,2021-04-19,2021,FQ1,2023-01-25,-646,non_event,0,0,0,,prepared_management,4142,238,771,0.1861419604056011,14.407022954039173,0,0,4104,238,814,19.834308,17.243697,14.831202,-0.4241790459608268,-2.8600449643988854,task10_li2008_formula_custom_implementation,Lingua::EN::Fathom 1.27 / Syllable 0.251 / Sentence 0.33 under perl 5.34
IBM,International Business Machines Corporation_Earnings Call_2021-04-19T00_00_00_English.docx,2021-04-19,2021,FQ1,2023-01-25,-646,non_event,0,0,0,,managerial_qa,4513,266,520,0.1152226900066474,11.395373765679432,0,0,4474,266,537,12.002682,16.819549,11.528892,-0.13351823432056875,-1.1581185279606119,task10_li2008_formula_custom_implementation,Lingua::EN::Fathom 1.27 / Syllable 0.251 / Sentence 0.33 under perl 5.34
IBM,International Business Machines Corporation_Earnings Call_2021-07-19T00_00_00_English.docx,2021-07-19,2021,FQ2,2023-01-25,-555,non_event,0,0,0,,prepared_management,4427,259,891,0.2012649649875762,14.887664236568687,0,0,4382,259,928,21.177545,16.918919,15.238585,-0.3509207634313114,-2.3028434951887684,task10_li2008_formula_custom_implementation,Lingua::EN::Fathom 1.27 / Syllable 0.251 / Sentence 0.33 under perl 5.34
IBM,International Business Machines Corporation_Earnings Call_2021-07-19T00_00_00_English.docx,2021-07-19,2021,FQ2,2023-01-25,-555,non_event,0,0,0,,managerial_qa,3405,209,387,0.1136563876651982,11.063001918091183,0,0,3370,206,378,11.216617,16.359223,11.030336,0.032665918091183244,0.29614617443370034,task10_li2008_formula_custom_implementation,Lingua::EN::Fathom 1.27 / Syllable 0.251 / Sentence 0.33 under perl 5.34
IBM,International Business Machines Corporation_Earnings Call_2021-10-20T00_00_00_English.docx,2021-10-20,2021,FQ3,2023-01-25,-462,non_event,0,0,0,,prepared_management,4093,244,787,0.1922795015880772,14.40101612909686,0,0,4060,239,814,20.049261,16.987448,14.814684,-0.41366787090314006,-2.792282784453182,task10_li2008_formula_custom_implementation,Lingua::EN::Fathom 1.27 / Syllable 0.251 / Sentence 0.33 under perl 5.34
IBM,International Business Machines Corporation_Earnings Call_2021-10-20T00_00_00_English.docx,2021-10-20,2021,FQ3,2023-01-25,-462,non_event,0,0,0,,managerial_qa,3608,221,394,0.1092017738359201,10.898387695518256,0,0,3592,218,412,11.469933,16.477064,11.178799,-0.2804113044817438,-2.5084206673878273,task10_li2008_formula_custom_implementation,Lingua::EN::Fathom 1.27 / Syllable 0.251 / Sentence 0.33 under perl 5.34
IBM,International Business Machines Corporation_Earnings Call_2022-01-24T00_00_00_English.docx,2022-01-24,2021,FQ4,2023-01-25,-366,non_event,0,0,0,,prepared_management,4423,265,887,0.2005426181324892,14.697931140393912,0,0,4397,263,915,20.809643,16.718631,15.01131,-0.3133788596060878,-2.087618333150723,task10_li2008_formula_custom_implementation,Lingua::EN::Fathom 1.27 / Syllable 0.251 / Sentence 0.33 under perl 5.34
IBM,International Business Machines Corporation_Earnings Call_2022-01-24T00_00_00_English.docx,2022-01-24,2021,FQ4,2023-01-25,-366,non_event,0,0,0,,managerial_qa,2992,160,330,0.1102941176470588,11.891764705882352,0,0,2987,157,332,11.114831,19.025478,12.056123,-0.16435829411764757,-1.363276520301324,task10_li2008_formula_custom_implementation,Lingua::EN::Fathom 1.27 / Syllable 0.251 / Sentence 0.33 under perl 5.34
IBM,International Business Machines Corporation_Earnings Call_2022-04-19T00_00_00_English.docx,2022-04-19,2022,FQ1,2023-01-25,-281,non_event,0,0,0,,prepared_management,3924,231,795,0.2025993883792048,14.89878072997339,0,0,3894,231,808,20.749872,16.857143,15.042806,-0.14402527002661003,-0.9574361992477336,task10_li2008_formula_custom_implementation,Lingua::EN::Fathom 1.27 / Syllable 0.251 / Sentence 0.33 under perl 5.34
IBM,International Business Machines Corporation_Earnings Call_2022-04-19T00_00_00_English.docx,2022-04-19,2022,FQ1,2023-01-25,-281,non_event,0,0,0,,managerial_qa,4194,240,469,0.1118264186933714,11.46305674773486,0,0,4181,235,473,11.313083,17.791489,11.641829,-0.17877225226513893,-1.5356028014596241,task10_li2008_formula_custom_implementation,Lingua::EN::Fathom 1.27 / Syllable 0.251 / Sentence 0.33 under perl 5.34
IBM,International Business Machines Corporation_Earnings Call_2022-07-18T00_00_00_English.docx,2022-07-18,2022,FQ2,2023-01-25,-191,pre_2,0,0,0,,prepared_management,3833,226,739,0.1927993738585964,14.496045750804036,0,0,3802,225,774,20.357706,16.897778,14.902194,-0.4061482491959634,-2.725425861426602,task10_li2008_formula_custom_implementation,Lingua::EN::Fathom 1.27 / Syllable 0.251 / Sentence 0.33 under perl 5.34
IBM,International Business Machines Corporation_Earnings Call_2022-07-18T00_00_00_English.docx,2022-07-18,2022,FQ2,2023-01-25,-191,pre_2,0,0,0,,managerial_qa,3581,208,411,0.1147724099413571,11.477434859192748,0,0,3561,203,408,11.457456,17.541872,11.599731,-0.12229614080725248,-1.0543015248133984,task10_li2008_formula_custom_implementation,Lingua::EN::Fathom 1.27 / Syllable 0.251 / Sentence 0.33 under perl 5.34
IBM,International Business Machines Corporation_Earnings Call_2022-10-19T00_00_00_English.docx,2022-10-19,2022,FQ3,2023-01-25,-98,pre_1,0,0,0,,prepared_management,3453,209,708,0.2050390964378801,14.81017629770659,0,0,3436,209,716,20.838184,16.440191,14.91135,-0.10117370229341027,-0.6785012912540466,task10_li2008_formula_custom_implementation,Lingua::EN::Fathom 1.27 / Syllable 0.251 / Sentence 0.33 under perl 5.34
IBM,International Business Machines Corporation_Earnings Call_2022-10-19T00_00_00_English.docx,2022-10-19,2022,FQ3,2023-01-25,-98,pre_1,0,0,0,,managerial_qa,3991,243,431,0.1079929842144825,10.889266693682185,0,0,3968,238,442,11.139113,16.672269,11.124553,-0.23528630631781766,-2.115018071448063,task10_li2008_formula_custom_implementation,Lingua::EN::Fathom 1.27 / Syllable 0.251 / Sentence 0.33 under perl 5.34
IBM,International Business Machines Corporation_Earnings Call_2023-01-25T00_00_00_English.docx,2023-01-25,2022,FQ4,2023-01-25,0,same_day,1,0,0,,prepared_management,3882,246,748,0.192684183410613,14.019562458375743,0,0,3867,245,779,20.144815,15.783673,14.371395,-0.3518325416242565,-2.448144676451079,task10_li2008_formula_custom_implementation,Lingua::EN::Fathom 1.27 / Syllable 0.251 / Sentence 0.33 under perl 5.34
IBM,International Business Machines Corporation_Earnings Call_2023-01-25T00_00_00_English.docx,2023-01-25,2022,FQ4,2023-01-25,0,same_day,1,0,0,,managerial_qa,3825,209,503,0.1315032679738562,12.580704881633675,0,0,3819,207,527,13.799424,18.449275,12.89948,-0.3187751183663252,-2.4712245638299,task10_li2008_formula_custom_implementation,Lingua::EN::Fathom 1.27 / Syllable 0.251 / Sentence 0.33 under perl 5.34
IBM,International Business Machines Corporation_Earnings Call_2023-04-19T00_00_00_English.docx,2023-04-19,2023,FQ1,2023-01-25,84,post_1,0,0,0,,prepared_management,3355,200,702,0.2092399403874813,15.079597615499257,0,0,3328,200,714,21.454327,16.64,15.237731,-0.15813338450074355,-1.0377751418550671,task10_li2008_formula_custom_implementation,Lingua::EN::Fathom 1.27 / Syllable 0.251 / Sentence 0.33 under perl 5.34
IBM,International Business Machines Corporation_Earnings Call_2023-04-19T00_00_00_English.docx,2023-04-19,2023,FQ1,2023-01-25,84,post_1,0,0,0,,managerial_qa,3907,225,433,0.1108267212695162,11.37884662855843,0,0,3882,223,435,11.205564,17.408072,11.445454,-0.06660737144157025,-0.5819548219019556,task10_li2008_formula_custom_implementation,Lingua::EN::Fathom 1.27 / Syllable 0.251 / Sentence 0.33 under perl 5.34
IBM,International Business Machines Corporation_Earnings Call_2023-07-19T00_00_00_English.docx,2023-07-19,2023,FQ2,2023-01-25,175,post_2,0,0,0,,prepared_management,3224,189,652,0.2022332506203474,14.91261044809432,0,0,3211,189,681,21.208346,16.989418,15.279106,-0.3664955519056807,-2.3986714399761393,task10_li2008_formula_custom_implementation,Lingua::EN::Fathom 1.27 / Syllable 0.251 / Sentence 0.33 under perl 5.34
IBM,International Business Machines Corporation_Earnings Call_2023-07-19T00_00_00_English.docx,2023-07-19,2023,FQ2,2023-01-25,175,post_2,0,0,0,,managerial_qa,4637,274,511,0.1102005607073538,11.177365493987589,0,0,4615,262,537,11.63597,17.614504,11.700189,-0.5228235060124131,-4.468504790926139,task10_li2008_formula_custom_implementation,Lingua::EN::Fathom 1.27 / Syllable 0.251 / Sentence 0.33 under perl 5.34
IBM,International Business Machines Corporation_Earnings Call_2023-10-25T00_00_00_English.docx,2023-10-25,2023,FQ3,2023-01-25,273,non_event,0,0,0,,prepared_management,3168,193,648,0.2045454545454545,14.747621290626473,0,0,3157,193,686,21.72949,16.357513,15.234801,-0.4871797093735264,-3.1978081589219736,task10_li2008_formula_custom_implementation,Lingua::EN::Fathom 1.27 / Syllable 0.251 / Sentence 0.33 under perl 5.34
IBM,International Business Machines Corporation_Earnings Call_2023-10-25T00_00_00_English.docx,2023-10-25,2023,FQ3,2023-01-25,273,non_event,0,0,0,,managerial_qa,3572,223,431,0.1206606942889137,11.233602659448929,0,0,3559,223,425,11.941557,15.959641,11.160479,0.07312365944892818,0.6552018013646921,task10_li2008_formula_custom_implementation,Lingua::EN::Fathom 1.27 / Syllable 0.251 / Sentence 0.33 under perl 5.34
IBM,International Business Machines Corporation_Earnings Call_2024-01-24T00_00_00_English.docx,2024-01-24,2023,FQ4,2023-01-25,364,non_event,0,0,0,,prepared_management,3996,236,819,0.2049549549549549,14.971079554130402,0,0,3982,236,851,21.37117,16.872881,15.297621,-0.3265414458695979,-2.1345897239158815,task10_li2008_formula_custom_implementation,Lingua::EN::Fathom 1.27 / Syllable 0.251 / Sentence 0.33 under perl 5.34
IBM,International Business Machines Corporation_Earnings Call_2024-01-24T00_00_00_English.docx,2024-01-24,2023,FQ4,2023-01-25,364,non_event,0,0,0,,managerial_qa,3445,218,418,0.1213352685050798,11.174511657634389,0,0,3431,218,454,13.232294,15.738532,11.58833,-0.4138183423656123,-3.5709920442860392,task10_li2008_formula_custom_implementation,Lingua::EN::Fathom 1.27 / Syllable 0.251 / Sentence 0.33 under perl 5.34
IBM,International Business Machines Corporation_Earnings Call_2024-04-24T00_00_00_English.docx,2024-04-24,2024,FQ1,2023-01-25,455,non_event,0,0,0,,prepared_management,3708,217,842,0.227076591154261,15.9180866876451,0,0,3690,216,841,22.791328,17.083333,15.949864,-0.031777312354901,-0.19923249724825867,task10_li2008_formula_custom_implementation,Lingua::EN::Fathom 1.27 / Syllable 0.251 / Sentence 0.33 under perl 5.34
IBM,International Business Machines Corporation_Earnings Call_2024-04-24T00_00_00_English.docx,2024-04-24,2024,FQ1,2023-01-25,455,non_event,0,0,0,,managerial_qa,3776,206,468,0.1239406779661017,12.289665953595524,0,0,3758,199,474,12.613092,18.884422,12.599006,-0.30934004640447554,-2.455273427161441,task10_li2008_formula_custom_implementation,Lingua::EN::Fathom 1.27 / Syllable 0.251 / Sentence 0.33 under perl 5.34
IBM,International Business Machines Corporation_Earnings Call_2024-07-24T00_00_00_English.docx,2024-07-24,2024,FQ2,2023-01-25,546,non_event,0,0,0,,prepared_management,3411,184,734,0.2151861624157138,16.022663887932904,0,0,3382,184,758,22.412774,18.380435,16.317283,-0.294619112067096,-1.8055647626329459,task10_li2008_formula_custom_implementation,Lingua::EN::Fathom 1.27 / Syllable 0.251 / Sentence 0.33 under perl 5.34
IBM,International Business Machines Corporation_Earnings Call_2024-07-24T00_00_00_English.docx,2024-07-24,2024,FQ2,2023-01-25,546,non_event,0,0,0,,managerial_qa,4041,239,444,0.1098737936154417,11.15813166093566,0,0,4029,238,450,11.169025,16.928571,11.239038,-0.08090633906433986,-0.7198688986044878,task10_li2008_formula_custom_implementation,Lingua::EN::Fathom 1.27 / Syllable 0.251 / Sentence 0.33 under perl 5.34
IBM,International Business Machines Corporation_Earnings Call_2024-10-23T00_00_00_English.docx,2024-10-23,2024,FQ3,2023-01-25,637,non_event,0,0,0,,prepared_management,3119,174,659,0.2112856684834883,15.621541681868267,0,0,3100,174,685,22.096774,17.816092,15.965146,-0.34360431813173165,-2.1522153203718375,task10_li2008_formula_custom_implementation,Lingua::EN::Fathom 1.27 / Syllable 0.251 / Sentence 0.33 under perl 5.34
IBM,International Business Machines Corporation_Earnings Call_2024-10-23T00_00_00_English.docx,2024-10-23,2024,FQ3,2023-01-25,637,non_event,0,0,0,,managerial_qa,3551,184,415,0.1168684877499296,12.394304727388487,0,0,3542,184,428,12.083569,19.25,12.533427,-0.13912227261151067,-1.1100098369864098,task10_li2008_formula_custom_implementation,Lingua::EN::Fathom 1.27 / Syllable 0.251 / Sentence 0.33 under perl 5.34
IBM,International Business Machines Corporation_Earnings Call_2025-01-29T00_00_00_English.docx,2025-01-29,2024,FQ4,2023-01-25,735,non_event,0,0,0,,prepared_management,3154,173,671,0.2127457197209892,15.802314337972518,0,0,3136,171,698,22.257653,18.339181,16.238734,-0.4364196620274825,-2.6875226974435473,task10_li2008_formula_custom_implementation,Lingua::EN::Fathom 1.27 / Syllable 0.251 / Sentence 0.33 under perl 5.34
IBM,International Business Machines Corporation_Earnings Call_2025-01-29T00_00_00_English.docx,2025-01-29,2024,FQ4,2023-01-25,735,non_event,0,0,0,,managerial_qa,2660,141,331,0.1244360902255639,12.5235428998027,0,0,2647,137,349,13.184737,19.321168,13.002362,-0.4788191001973008,-3.68255475579976,task10_li2008_formula_custom_implementation,Lingua::EN::Fathom 1.27 / Syllable 0.251 / Sentence 0.33 under perl 5.34
Intel,Intel Corporation_Earnings Call_2021-04-22T00_00_00_English.docx,2021-04-22,2021,FQ1,2024-08-01,-1197,non_event,0,0,0,,prepared_management,2753,146,573,0.2081365782782419,15.867928884554336,0,0,2698,145,586,21.719792,18.606897,16.130676,-0.2627471154456664,-1.6288661147596444,task10_li2008_formula_custom_implementation,Lingua::EN::Fathom 1.27 / Syllable 0.251 / Sentence 0.33 under perl 5.34
Intel,Intel Corporation_Earnings Call_2021-04-22T00_00_00_English.docx,2021-04-22,2021,FQ1,2024-08-01,-1197,non_event,0,0,0,,managerial_qa,4274,249,525,0.1228357510528778,11.779293495930377,0,0,4252,245,526,12.370649,17.355102,11.8903,-0.11100650406962487,-0.9335887578078339,task10_li2008_formula_custom_implementation,Lingua::EN::Fathom 1.27 / Syllable 0.251 / Sentence 0.33 under perl 5.34
Intel,Intel Corporation_Earnings Call_2021-07-22T00_00_00_English.docx,2021-07-22,2021,FQ2,2024-08-01,-1106,non_event,0,0,0,,prepared_management,3054,160,581,0.1902423051735429,15.244692206941716,0,0,2993,160,592,19.779485,18.70625,15.394294,-0.14960179305828447,-0.9718002856011745,task10_li2008_formula_custom_implementation,Lingua::EN::Fathom 1.27 / Syllable 0.251 / Sentence 0.33 under perl 5.34
Intel,Intel Corporation_Earnings Call_2021-07-22T00_00_00_English.docx,2021-07-22,2021,FQ2,2024-08-01,-1106,non_event,0,0,0,,managerial_qa,3425,203,416,0.1214598540145985,11.607162633490349,0,0,3382,204,421,12.448255,16.578431,11.610675,-0.003512366509653475,-0.030251182723256616,task10_li2008_formula_custom_implementation,Lingua::EN::Fathom 1.27 / Syllable 0.251 / Sentence 0.33 under perl 5.34
Intel,Intel Corporation_Earnings Call_2021-10-21T00_00_00_English.docx,2021-10-21,2021,FQ3,2024-08-01,-1015,non_event,0,0,0,,prepared_management,4149,191,771,0.1858279103398409,16.12212164919573,0,0,4091,188,801,19.579565,21.760638,16.536081,-0.4139593508042694,-2.5033703620843983,task10_li2008_formula_custom_implementation,Lingua::EN::Fathom 1.27 / Syllable 0.251 / Sentence 0.33 under perl 5.34
Intel,Intel Corporation_Earnings Call_2021-10-21T00_00_00_English.docx,2021-10-21,2021,FQ3,2024-08-01,-1015,non_event,0,0,0,,managerial_qa,3817,215,493,0.1291590254126277,12.26775636534232,0,0,3793,211,524,13.814922,17.976303,12.71649,-0.44873363465768,-3.528753883010799,task10_li2008_formula_custom_implementation,Lingua::EN::Fathom 1.27 / Syllable 0.251 / Sentence 0.33 under perl 5.34
Intel,Intel Corporation_Earnings Call_2022-01-26T00_00_00_English.docx,2022-01-26,2021,FQ4,2024-08-01,-918,non_event,0,0,0,,prepared_management,3869,184,720,0.186094598087361,15.854653488711833,0,0,3795,183,745,19.631094,20.737705,16.147519,-0.2928655112881664,-1.813687361434078,task10_li2008_formula_custom_implementation,Lingua::EN::Fathom 1.27 / Syllable 0.251 / Sentence 0.33 under perl 5.34
Intel,Intel Corporation_Earnings Call_2022-01-26T00_00_00_English.docx,2022-01-26,2021,FQ4,2024-08-01,-918,non_event,0,0,0,,managerial_qa,3546,201,414,0.116751269035533,11.726767179331768,0,0,3526,200,431,12.223483,17.63,11.941393,-0.21462582066823188,-1.7973264984096236,task10_li2008_formula_custom_implementation,Lingua::EN::Fathom 1.27 / Syllable 0.251 / Sentence 0.33 under perl 5.34
Intel,Intel Corporation_Earnings Call_2022-04-28T00_00_00_English.docx,2022-04-28,2022,FQ1,2024-08-01,-826,non_event,0,0,0,,prepared_management,3961,182,729,0.1840444332239333,16.06727183445184,0,0,3888,182,781,20.087449,21.362637,16.580034,-0.5127621655481605,-3.0926484562586567,task10_li2008_formula_custom_implementation,Lingua::EN::Fathom 1.27 / Syllable 0.251 / Sentence 0.33 under perl 5.34
Intel,Intel Corporation_Earnings Call_2022-04-28T00_00_00_English.docx,2022-04-28,2022,FQ1,2024-08-01,-826,non_event,0,0,0,,managerial_qa,3803,220,414,0.1088614251906389,11.269002462171017,0,0,3771,214,435,11.535402,17.621495,11.662759,-0.3937565378289847,-3.376186868210041,task10_li2008_formula_custom_implementation,Lingua::EN::Fathom 1.27 / Syllable 0.251 / Sentence 0.33 under perl 5.34
Intel,Intel Corporation_Earnings Call_2022-07-28T00_00_00_English.docx,2022-07-28,2022,FQ2,2024-08-01,-735,non_event,0,0,0,,prepared_management,4282,185,883,0.2062120504437178,17.50686039612709,0,0,4209,185,907,21.549062,22.751351,17.720165,-0.21330460387290984,-1.203739377556077,task10_li2008_formula_custom_implementation,Lingua::EN::Fathom 1.27 / Syllable 0.251 / Sentence 0.33 under perl 5.34
Intel,Intel Corporation_Earnings Call_2022-07-28T00_00_00_English.docx,2022-07-28,2022,FQ2,2024-08-01,-735,non_event,0,0,0,,managerial_qa,4337,264,491,0.1132118976250864,11.09968802621558,0,0,4298,261,529,12.30805,16.467433,11.510193,-0.41050497378441797,-3.5664473548307836,task10_li2008_formula_custom_implementation,Lingua::EN::Fathom 1.27 / Syllable 0.251 / Sentence 0.33 under perl 5.34
Intel,Intel Corporation_Earnings Call_2022-10-27T00_00_00_English.docx,2022-10-27,2022,FQ3,2024-08-01,-644,non_event,0,0,0,,prepared_management,3600,163,741,0.2058333333333333,17.067689161554195,0,0,3519,162,743,21.113953,21.722222,17.13447,-0.06678083844580485,-0.3897455739559195,task10_li2008_formula_custom_implementation,Lingua::EN::Fathom 1.27 / Syllable 0.251 / Sentence 0.33 under perl 5.34
Intel,Intel Corporation_Earnings Call_2022-10-27T00_00_00_English.docx,2022-10-27,2022,FQ3,2024-08-01,-644,non_event,0,0,0,,managerial_qa,3992,210,491,0.1229959919839679,12.523649203168242,0,0,3963,210,501,12.641938,18.871429,12.605347,-0.08169779683175804,-0.6481201733816454,task10_li2008_formula_custom_implementation,Lingua::EN::Fathom 1.27 / Syllable 0.251 / Sentence 0.33 under perl 5.34
Intel,Intel Corporation_Earnings Call_2023-01-26T00_00_00_English.docx,2023-01-26,2022,FQ4,2024-08-01,-553,non_event,0,0,0,,prepared_management,4400,200,893,0.2029545454545454,16.918181818181818,0,0,4308,197,909,21.100279,21.86802,17.18732,-0.2691381818181817,-1.5659112753947777,task10_li2008_formula_custom_implementation,Lingua::EN::Fathom 1.27 / Syllable 0.251 / Sentence 0.33 under perl 5.34
Intel,Intel Corporation_Earnings Call_2023-01-26T00_00_00_English.docx,2023-01-26,2022,FQ4,2024-08-01,-553,non_event,0,0,0,,managerial_qa,3876,241,476,0.1228070175438596,11.345475722501275,0,0,3845,238,491,12.769831,16.155462,11.570117,-0.22464127749872453,-1.9415644413857227,task10_li2008_formula_custom_implementation,Lingua::EN::Fathom 1.27 / Syllable 0.251 / Sentence 0.33 under perl 5.34
Intel,Intel Corporation_Earnings Call_2023-04-27T00_00_00_English.docx,2023-04-27,2023,FQ1,2024-08-01,-462,non_event,0,0,0,,prepared_management,4114,182,832,0.2022362664073894,17.13120889805382,0,0,4027,180,867,21.529675,22.372222,17.560759,-0.42955010194618026,-2.4460793633474514,task10_li2008_formula_custom_implementation,Lingua::EN::Fathom 1.27 / Syllable 0.251 / Sentence 0.33 under perl 5.34
Intel,Intel Corporation_Earnings Call_2023-04-27T00_00_00_English.docx,2023-04-27,2023,FQ1,2024-08-01,-462,non_event,0,0,0,,managerial_qa,3919,233,445,0.1135493748405205,11.269871989328976,0,0,3871,231,469,12.115732,16.757576,11.549323,-0.27945101067102307,-2.419631095874824,task10_li2008_formula_custom_implementation,Lingua::EN::Fathom 1.27 / Syllable 0.251 / Sentence 0.33 under perl 5.34
Intel,Intel Corporation_Earnings Call_2023-07-27T00_00_00_English.docx,2023-07-27,2023,FQ2,2024-08-01,-371,non_event,0,0,0,,prepared_management,3942,166,873,0.2214611872146118,18.357242669307364,0,0,3861,165,897,23.232323,23.4,18.652929,-0.29568633069263583,-1.5852005370986821,task10_li2008_formula_custom_implementation,Lingua::EN::Fathom 1.27 / Syllable 0.251 / Sentence 0.33 under perl 5.34
Intel,Intel Corporation_Earnings Call_2023-07-27T00_00_00_English.docx,2023-07-27,2023,FQ2,2024-08-01,-371,non_event,0,0,0,,managerial_qa,4263,243,481,0.1128313394323246,11.530537527910267,0,0,4218,237,503,11.925083,17.797468,11.889021,-0.3584834720897305,-3.015248035054615,task10_li2008_formula_custom_implementation,Lingua::EN::Fathom 1.27 / Syllable 0.251 / Sentence 0.33 under perl 5.34
Intel,Intel Corporation_Earnings Call_2023-10-26T00_00_00_English.docx,2023-10-26,2023,FQ3,2024-08-01,-280,non_event,0,0,0,,prepared_management,4102,193,885,0.2157484154071184,17.131491020429817,0,0,4010,192,920,22.942643,20.885417,17.531224,-0.39973297957018517,-2.28012019908128,task10_li2008_formula_custom_implementation,Lingua::EN::Fathom 1.27 / Syllable 0.251 / Sentence 0.33 under perl 5.34
Intel,Intel Corporation_Earnings Call_2023-10-26T00_00_00_English.docx,2023-10-26,2023,FQ3,2024-08-01,-280,non_event,0,0,0,,managerial_qa,4456,253,556,0.1247755834829443,12.036082627855324,0,0,4422,248,559,12.641339,17.830645,12.188794,-0.15271137214467423,-1.2528833627401876,task10_li2008_formula_custom_implementation,Lingua::EN::Fathom 1.27 / Syllable 0.251 / Sentence 0.33 under perl 5.34
Intel,Intel Corporation_Earnings Call_2024-01-25T00_00_00_English.docx,2024-01-25,2023,FQ4,2024-08-01,-189,pre_2,0,0,0,,prepared_management,4386,195,876,0.1997264021887825,16.985979164474376,0,0,4293,194,921,21.453529,22.128866,17.432958,-0.44697883552562345,-2.5639873366621058,task10_li2008_formula_custom_implementation,Lingua::EN::Fathom 1.27 / Syllable 0.251 / Sentence 0.33 under perl 5.34
Intel,Intel Corporation_Earnings Call_2024-01-25T00_00_00_English.docx,2024-01-25,2023,FQ4,2024-08-01,-189,pre_2,0,0,0,,managerial_qa,3654,218,428,0.1171319102353585,11.389863565377643,0,0,3616,215,441,12.195796,16.818605,11.60576,-0.21589643462235486,-1.8602524489766707,task10_li2008_formula_custom_implementation,Lingua::EN::Fathom 1.27 / Syllable 0.251 / Sentence 0.33 under perl 5.34
Intel,Intel Corporation_Earnings Call_2024-04-25T00_00_00_English.docx,2024-04-25,2024,FQ1,2024-08-01,-98,pre_1,0,0,0,,prepared_management,3757,164,703,0.1871173808890071,16.648109869706627,0,0,3696,163,747,20.211039,22.674847,17.154354,-0.5062441302933749,-2.951111597052124,task10_li2008_formula_custom_implementation,Lingua::EN::Fathom 1.27 / Syllable 0.251 / Sentence 0.33 under perl 5.34
Intel,Intel Corporation_Earnings Call_2024-04-25T00_00_00_English.docx,2024-04-25,2024,FQ1,2024-08-01,-98,pre_1,0,0,0,,managerial_qa,4735,283,544,0.1148891235480464,11.288144447222214,0,0,4680,277,565,12.07265,16.895307,11.587183,-0.2990385527777857,-2.580770086895026,task10_li2008_formula_custom_implementation,Lingua::EN::Fathom 1.27 / Syllable 0.251 / Sentence 0.33 under perl 5.34
Intel,Intel Corporation_Earnings Call_2024-08-01T00_00_00_English.docx,2024-08-01,2024,FQ2,2024-08-01,0,same_day,1,0,0,,prepared_management,4073,189,825,0.2025534004419347,16.72224183778321,0,0,4020,187,866,21.542289,21.497326,17.215846,-0.4936041622167906,-2.867150195330457,task10_li2008_formula_custom_implementation,Lingua::EN::Fathom 1.27 / Syllable 0.251 / Sentence 0.33 under perl 5.34
Intel,Intel Corporation_Earnings Call_2024-08-01T00_00_00_English.docx,2024-08-01,2024,FQ2,2024-08-01,0,same_day,1,0,0,,managerial_qa,4588,262,554,0.1207497820401046,11.834571434275942,0,0,4557,264,566,12.420452,17.261364,11.872726,-0.03815456572405829,-0.3213631454483013,task10_li2008_formula_custom_implementation,Lingua::EN::Fathom 1.27 / Syllable 0.251 / Sentence 0.33 under perl 5.34
Intel,Intel Corporation_Earnings Call_2024-10-31T00_00_00_English.docx,2024-10-31,2024,FQ3,2024-08-01,91,post_1,0,0,0,,prepared_management,3474,161,678,0.1951640759930915,16.43761894034478,0,0,3413,160,717,21.007911,21.33125,16.935664,-0.49804505965521884,-2.9408062161319384,task10_li2008_formula_custom_implementation,Lingua::EN::Fathom 1.27 / Syllable 0.251 / Sentence 0.33 under perl 5.34
Intel,Intel Corporation_Earnings Call_2024-10-31T00_00_00_English.docx,2024-10-31,2024,FQ3,2024-08-01,91,post_1,0,0,0,,managerial_qa,4399,258,524,0.1191179813593998,11.584874293135684,0,0,4355,259,556,12.766935,16.814672,11.832643,-0.2477687068643153,-2.0939422144681905,task10_li2008_formula_custom_implementation,Lingua::EN::Fathom 1.27 / Syllable 0.251 / Sentence 0.33 under perl 5.34
Intel,Intel Corporation_Earnings Call_2025-01-30T00_00_00_English.docx,2025-01-30,2024,FQ4,2024-08-01,182,post_2,0,0,0,,prepared_management,3747,201,625,0.1668001067520683,14.128720687993184,0,0,3682,201,651,17.680608,18.318408,14.399607,-0.2708863120068159,-1.881206285746659,task10_li2008_formula_custom_implementation,Lingua::EN::Fathom 1.27 / Syllable 0.251 / Sentence 0.33 under perl 5.34
Intel,Intel Corporation_Earnings Call_2025-01-30T00_00_00_English.docx,2025-01-30,2024,FQ4,2024-08-01,182,post_2,0,0,0,,managerial_qa,4018,251,406,0.1010452961672473,10.444999097685912,0,0,3982,243,414,10.396786,16.386831,10.713447,-0.26844790231408844,-2.505709901902613,task10_li2008_formula_custom_implementation,Lingua::EN::Fathom 1.27 / Syllable 0.251 / Sentence 0.33 under perl 5.34
Lyft,"Lyft, Inc._Earnings Call_2021-05-04T00_00_00_English.docx",2021-05-04,2021,FQ1,2023-04-21,-717,non_event,0,0,0,,prepared_management,4456,232,845,0.1896319569120287,15.268036897170806,0,0,4380,226,886,20.228311,19.380531,15.843537,-0.575500102829194,-3.6323966222264255,task10_li2008_formula_custom_implementation,Lingua::EN::Fathom 1.27 / Syllable 0.251 / Sentence 0.33 under perl 5.34
Lyft,"Lyft, Inc._Earnings Call_2021-05-04T00_00_00_English.docx",2021-05-04,2021,FQ1,2023-04-21,-717,non_event,0,0,0,,managerial_qa,3474,208,370,0.1065054691997697,10.94098799876002,0,0,3446,209,376,10.911201,16.488038,10.959696,-0.018708001239978955,-0.1706981766645622,task10_li2008_formula_custom_implementation,Lingua::EN::Fathom 1.27 / Syllable 0.251 / Sentence 0.33 under perl 5.34
Lyft,"Lyft, Inc._Earnings Call_2021-08-03T00_00_00_English.docx",2021-08-03,2021,FQ2,2023-04-21,-626,non_event,0,0,0,,prepared_management,4317,236,796,0.1843873059995367,14.692441392523842,0,0,4250,233,844,19.858824,18.240343,15.239667,-0.5472256074761592,-3.590797669503928,task10_li2008_formula_custom_implementation,Lingua::EN::Fathom 1.27 / Syllable 0.251 / Sentence 0.33 under perl 5.34
Lyft,"Lyft, Inc._Earnings Call_2021-08-03T00_00_00_English.docx",2021-08-03,2021,FQ2,2023-04-21,-626,non_event,0,0,0,,managerial_qa,3513,224,368,0.1047537717050953,10.4633651539181,0,0,3489,222,359,10.289481,15.716216,10.402279,0.061086153918100905,0.5872381803843264,task10_li2008_formula_custom_implementation,Lingua::EN::Fathom 1.27 / Syllable 0.251 / Sentence 0.33 under perl 5.34
Lyft,"Lyft, Inc._Earnings Call_2021-11-02T00_00_00_English.docx",2021-11-02,2021,FQ3,2023-04-21,-535,non_event,0,0,0,,prepared_management,3261,188,566,0.1735663906777062,13.880953499448674,0,0,3191,187,608,19.053588,17.064171,14.447104,-0.5661505005513252,-3.918781927169108,task10_li2008_formula_custom_implementation,Lingua::EN::Fathom 1.27 / Syllable 0.251 / Sentence 0.33 under perl 5.34
Lyft,"Lyft, Inc._Earnings Call_2021-11-02T00_00_00_English.docx",2021-11-02,2021,FQ3,2023-04-21,-535,non_event,0,0,0,,managerial_qa,4750,292,560,0.1178947368421052,11.222638788752704,0,0,4706,288,575,12.218445,16.340278,11.423489,-0.20085021124729607,-1.7582212513820958,task10_li2008_formula_custom_implementation,Lingua::EN::Fathom 1.27 / Syllable 0.251 / Sentence 0.33 under perl 5.34
Lyft,"Lyft, Inc._Earnings Call_2022-02-08T00_00_00_English.docx",2022-02-08,2021,FQ4,2023-04-21,-437,non_event,0,0,0,,prepared_management,3283,190,561,0.1708802924154736,13.746790643987367,0,0,3224,189,585,18.145161,17.058201,14.081345,-0.3345543560126334,-2.3758693222318845,task10_li2008_formula_custom_implementation,Lingua::EN::Fathom 1.27 / Syllable 0.251 / Sentence 0.33 under perl 5.34
Lyft,"Lyft, Inc._Earnings Call_2022-02-08T00_00_00_English.docx",2022-02-08,2021,FQ4,2023-04-21,-437,non_event,0,0,0,,managerial_qa,3898,222,479,0.1228835300153925,11.938764624039123,0,0,3864,221,479,12.39648,17.484163,11.952257,-0.013492375960876046,-0.11288559107184565,task10_li2008_formula_custom_implementation,Lingua::EN::Fathom 1.27 / Syllable 0.251 / Sentence 0.33 under perl 5.34
Lyft,"Lyft, Inc._Earnings Call_2022-05-03T00_00_00_English.docx",2022-05-03,2022,FQ1,2023-04-21,-353,non_event,0,0,0,,prepared_management,3189,180,516,0.1618062088428974,13.558915020382564,0,0,3116,180,544,17.45828,17.311111,13.907756,-0.3488409796174352,-2.5082477692119074,task10_li2008_formula_custom_implementation,Lingua::EN::Fathom 1.27 / Syllable 0.251 / Sentence 0.33 under perl 5.34
Lyft,"Lyft, Inc._Earnings Call_2022-05-03T00_00_00_English.docx",2022-05-03,2022,FQ1,2023-04-21,-353,non_event,0,0,0,,managerial_qa,3636,219,403,0.1108360836083608,11.074539234745394,0,0,3597,217,414,11.509591,16.576037,11.234251,-0.15971176525460606,-1.4216503196751262,task10_li2008_formula_custom_implementation,Lingua::EN::Fathom 1.27 / Syllable 0.251 / Sentence 0.33 under perl 5.34
Lyft,"Lyft, Inc._Earnings Call_2022-08-04T00_00_00_English.docx",2022-08-04,2022,FQ2,2023-04-21,-260,non_event,0,0,0,,prepared_management,3478,198,621,0.1785508913168487,14.16829827893658,0,0,3383,198,649,19.184156,17.085859,14.508006,-0.3397077210634212,-2.3415190279313447,task10_li2008_formula_custom_implementation,Lingua::EN::Fathom 1.27 / Syllable 0.251 / Sentence 0.33 under perl 5.34
Lyft,"Lyft, Inc._Earnings Call_2022-08-04T00_00_00_English.docx",2022-08-04,2022,FQ2,2023-04-21,-260,non_event,0,0,0,,managerial_qa,3401,211,466,0.1370185239635401,11.928134323470516,0,0,3363,207,480,14.272971,16.246377,12.207739,-0.27960467652948395,-2.290388715957017,task10_li2008_formula_custom_implementation,Lingua::EN::Fathom 1.27 / Syllable 0.251 / Sentence 0.33 under perl 5.34
Lyft,"Lyft, Inc._Earnings Call_2022-11-07T00_00_00_English.docx",2022-11-07,2022,FQ3,2023-04-21,-165,pre_2,0,0,0,,prepared_management,3552,200,622,0.1751126126126126,14.108504504504504,0,0,3472,198,644,18.548387,17.535354,14.433496,-0.324991495495496,-2.251647802413885,task10_li2008_formula_custom_implementation,Lingua::EN::Fathom 1.27 / Syllable 0.251 / Sentence 0.33 under perl 5.34
Lyft,"Lyft, Inc._Earnings Call_2022-11-07T00_00_00_English.docx",2022-11-07,2022,FQ3,2023-04-21,-165,pre_2,0,0,0,,managerial_qa,3342,180,398,0.1190903650508677,12.190281268701376,0,0,3305,179,386,11.679274,18.463687,12.057184,0.13309726870137695,1.103883532849602,task10_li2008_formula_custom_implementation,Lingua::EN::Fathom 1.27 / Syllable 0.251 / Sentence 0.33 under perl 5.34
Lyft,"Lyft, Inc._Earnings Call_2023-02-09T00_00_00_English.docx",2023-02-09,2022,FQ4,2023-04-21,-71,pre_1,0,0,0,,prepared_management,3155,187,560,0.1774960380348653,13.848504622998888,0,0,3089,187,593,19.197151,16.518717,14.286347,-0.43784237700111106,-3.0647609007474834,task10_li2008_formula_custom_implementation,Lingua::EN::Fathom 1.27 / Syllable 0.251 / Sentence 0.33 under perl 5.34
Lyft,"Lyft, Inc._Earnings Call_2023-02-09T00_00_00_English.docx",2023-02-09,2022,FQ4,2023-04-21,-71,pre_1,0,0,0,,managerial_qa,2941,194,324,0.1101666099965998,10.47058192563719,0,0,2916,192,335,11.48834,15.1875,10.670336,-0.19975407436281145,-1.8720504617925007,task10_li2008_formula_custom_implementation,Lingua::EN::Fathom 1.27 / Syllable 0.251 / Sentence 0.33 under perl 5.34
Lyft,"Lyft, Inc._Earnings Call_2023-05-04T00_00_00_English.docx",2023-05-04,2023,FQ1,2023-04-21,13,post_1,0,0,0,,prepared_management,2152,139,305,0.1417286245353159,11.861950736808325,0,0,2121,139,318,14.992928,15.258993,12.100768,-0.2388172631916774,-1.9735711253341721,task10_li2008_formula_custom_implementation,Lingua::EN::Fathom 1.27 / Syllable 0.251 / Sentence 0.33 under perl 5.34
Lyft,"Lyft, Inc._Earnings Call_2023-05-04T00_00_00_English.docx",2023-05-04,2023,FQ1,2023-04-21,13,post_1,0,0,0,,managerial_qa,3351,220,306,0.0913160250671441,9.74536827541304,0,0,3330,220,283,8.498498,15.136364,9.453945,0.2914232754130399,3.082557338899686,task10_li2008_formula_custom_implementation,Lingua::EN::Fathom 1.27 / Syllable 0.251 / Sentence 0.33 under perl 5.34
Lyft,"Lyft, Inc._Earnings Call_2023-08-08T00_00_00_English.docx",2023-08-08,2023,FQ2,2023-04-21,109,post_2,0,0,0,,prepared_management,2563,143,389,0.1517752633632462,13.24024130376062,0,0,2529,142,400,15.816528,17.809859,13.450555,-0.21031369623938012,-1.5636060834618357,task10_li2008_formula_custom_implementation,Lingua::EN::Fathom 1.27 / Syllable 0.251 / Sentence 0.33 under perl 5.34
Lyft,"Lyft, Inc._Earnings Call_2023-08-08T00_00_00_English.docx",2023-08-08,2023,FQ2,2023-04-21,109,post_2,0,0,0,,managerial_qa,5596,366,507,0.0906004288777698,9.739864149646314,0,0,5571,363,509,9.1366,15.347107,9.793483,-0.0536188503536863,-0.5474952103729215,task10_li2008_formula_custom_implementation,Lingua::EN::Fathom 1.27 / Syllable 0.251 / Sentence 0.33 under perl 5.34
Lyft,"Lyft, Inc._Earnings Call_2023-11-08T00_00_00_English.docx",2023-11-08,2023,FQ3,2023-04-21,201,non_event,0,0,0,,prepared_management,2540,145,407,0.1602362204724409,13.416345370621777,0,0,2516,144,419,16.653418,17.472222,13.650256,-0.23391062937822404,-1.7135988466313308,task10_li2008_formula_custom_implementation,Lingua::EN::Fathom 1.27 / Syllable 0.251 / Sentence 0.33 under perl 5.34
Lyft,"Lyft, Inc._Earnings Call_2023-11-08T00_00_00_English.docx",2023-11-08,2023,FQ3,2023-04-21,201,non_event,0,0,0,,managerial_qa,5941,370,614,0.1033496044436963,10.556686880450556,0,0,5922,368,596,10.064168,16.092391,10.462624,0.09406288045055611,0.8990371865657804,task10_li2008_formula_custom_implementation,Lingua::EN::Fathom 1.27 / Syllable 0.251 / Sentence 0.33 under perl 5.34
Lyft,"Lyft, Inc._Earnings Call_2024-02-13T00_00_00_English.docx",2024-02-13,2023,FQ4,2023-04-21,298,non_event,0,0,0,,prepared_management,2481,142,403,0.162434502216848,13.48611248304012,0,0,2464,141,412,16.720779,17.475177,13.678383,-0.19227051695987996,-1.4056523856648842,task10_li2008_formula_custom_implementation,Lingua::EN::Fathom 1.27 / Syllable 0.251 / Sentence 0.33 under perl 5.34
Lyft,"Lyft, Inc._Earnings Call_2024-02-13T00_00_00_English.docx",2024-02-13,2023,FQ4,2023-04-21,298,non_event,0,0,0,,managerial_qa,6402,377,665,0.1038737894407997,10.947524521929072,0,0,6389,377,697,10.909375,16.94695,11.14253,-0.19500547807092872,-1.7501005433319785,task10_li2008_formula_custom_implementation,Lingua::EN::Fathom 1.27 / Syllable 0.251 / Sentence 0.33 under perl 5.34
Lyft,"Lyft, Inc._Earnings Call_2024-05-07T00_00_00_English.docx",2024-05-07,2024,FQ1,2023-04-21,382,non_event,0,0,0,,prepared_management,2610,146,393,0.1505747126436781,13.173673437253976,0,0,2585,146,397,15.357834,17.705479,13.225325,-0.05165156274602367,-0.3905504231164351,task10_li2008_formula_custom_implementation,Lingua::EN::Fathom 1.27 / Syllable 0.251 / Sentence 0.33 under perl 5.34
Lyft,"Lyft, Inc._Earnings Call_2024-05-07T00_00_00_English.docx",2024-05-07,2024,FQ1,2023-04-21,382,non_event,0,0,0,,managerial_qa,6707,399,644,0.0960190845385418,10.5645729053512,0,0,6680,392,645,9.655689,17.040816,10.678602,-0.11402909464880118,-1.0678279296185136,task10_li2008_formula_custom_implementation,Lingua::EN::Fathom 1.27 / Syllable 0.251 / Sentence 0.33 under perl 5.34
Lyft,"Lyft, Inc._Earnings Call_2024-08-07T00_00_00_English.docx",2024-08-07,2024,FQ2,2023-04-21,474,non_event,0,0,0,,prepared_management,2439,134,376,0.1541615416154161,13.44705867954202,0,0,2420,133,405,16.735537,18.195489,13.97241,-0.5253513204579807,-3.759919158240996,task10_li2008_formula_custom_implementation,Lingua::EN::Fathom 1.27 / Syllable 0.251 / Sentence 0.33 under perl 5.34
Lyft,"Lyft, Inc._Earnings Call_2024-08-07T00_00_00_English.docx",2024-08-07,2024,FQ2,2023-04-21,474,non_event,0,0,0,,managerial_qa,6143,373,593,0.0965326387758424,10.448973111355413,0,0,6126,373,588,9.598433,16.423592,10.40881,0.04016311135541173,0.38585689771848775,task10_li2008_formula_custom_implementation,Lingua::EN::Fathom 1.27 / Syllable 0.251 / Sentence 0.33 under perl 5.34
Lyft,"Lyft, Inc._Earnings Call_2024-11-06T00_00_00_English.docx",2024-11-06,2024,FQ3,2023-04-21,565,non_event,0,0,0,,prepared_management,2693,155,442,0.1641292239138507,13.514846375908869,0,0,2683,155,468,17.443161,17.309677,13.901135,-0.3862886240911312,-2.778827945280232,task10_li2008_formula_custom_implementation,Lingua::EN::Fathom 1.27 / Syllable 0.251 / Sentence 0.33 under perl 5.34
Lyft,"Lyft, Inc._Earnings Call_2024-11-06T00_00_00_English.docx",2024-11-06,2024,FQ3,2023-04-21,565,non_event,0,0,0,,managerial_qa,5908,369,559,0.0946174678402166,10.1890347569691,0,0,5889,369,585,9.933775,15.95935,10.35725,-0.1682152430309003,-1.6241303727427676,task10_li2008_formula_custom_implementation,Lingua::EN::Fathom 1.27 / Syllable 0.251 / Sentence 0.33 under perl 5.34
Lyft,"Lyft, Inc._Earnings Call_2025-02-11T00_00_00_English.docx",2025-02-11,2024,FQ4,2023-04-21,662,non_event,0,0,0,,prepared_management,2686,153,407,0.1515264333581533,13.08327955654836,0,0,2668,153,410,15.367316,17.437908,13.12209,-0.03881044345163964,-0.2957641919209489,task10_li2008_formula_custom_implementation,Lingua::EN::Fathom 1.27 / Syllable 0.251 / Sentence 0.33 under perl 5.34
Lyft,"Lyft, Inc._Earnings Call_2025-02-11T00_00_00_English.docx",2025-02-11,2024,FQ4,2023-04-21,662,non_event,0,0,0,,managerial_qa,6417,442,580,0.090384915069347,9.422636421778408,0,0,6404,434,596,9.306683,14.75576,9.624977,-0.2023405782215928,-2.1022447972768434,task10_li2008_formula_custom_implementation,Lingua::EN::Fathom 1.27 / Syllable 0.251 / Sentence 0.33 under perl 5.34
Meta,"Meta Platforms, Inc._Earnings Call_2021-04-28T00_00_00_English.docx",2021-04-28,2021,FQ1,2022-11-09,-560,non_event,0,0,0,,prepared_management,3944,216,625,0.1584685598377282,13.642446097212831,0,0,3917,216,633,16.160327,18.134259,13.717834,-0.0753879027871669,-0.5495612702935966,task10_li2008_formula_custom_implementation,Lingua::EN::Fathom 1.27 / Syllable 0.251 / Sentence 0.33 under perl 5.34
Meta,"Meta Platforms, Inc._Earnings Call_2021-04-28T00_00_00_English.docx",2021-04-28,2021,FQ1,2022-11-09,-560,non_event,0,0,0,,managerial_qa,4520,242,502,0.1110619469026548,11.913552256271483,0,0,4510,240,473,10.487805,18.791667,11.711789,0.2017632562714855,1.7227364348135499,task10_li2008_formula_custom_implementation,Lingua::EN::Fathom 1.27 / Syllable 0.251 / Sentence 0.33 under perl 5.34
Meta,"Meta Platforms, Inc._Earnings Call_2021-07-28T00_00_00_English.docx",2021-07-28,2021,FQ2,2022-11-09,-469,non_event,0,0,0,,prepared_management,4167,223,675,0.161987041036717,13.953921103352094,0,0,4146,223,666,16.063676,18.591928,13.862242,0.09167910335209406,0.6613584105088777,task10_li2008_formula_custom_implementation,Lingua::EN::Fathom 1.27 / Syllable 0.251 / Sentence 0.33 under perl 5.34
Meta,"Meta Platforms, Inc._Earnings Call_2021-07-28T00_00_00_English.docx",2021-07-28,2021,FQ2,2022-11-09,-469,non_event,0,0,0,,managerial_qa,4683,237,571,0.1219303865043775,12.781012928529533,0,0,4669,236,559,11.972585,19.783898,12.702593,0.07841992852953261,0.6173537051020418,task10_li2008_formula_custom_implementation,Lingua::EN::Fathom 1.27 / Syllable 0.251 / Sentence 0.33 under perl 5.34
Meta,"Meta Platforms, Inc._Earnings Call_2021-10-25T00_00_00_English.docx",2021-10-25,2021,FQ3,2022-11-09,-380,non_event,0,0,0,,prepared_management,4272,222,699,0.1636235955056179,14.242241117522015,0,0,4243,222,709,16.709875,19.112613,14.328995,-0.08675388247798388,-0.6054428972721665,task10_li2008_formula_custom_implementation,Lingua::EN::Fathom 1.27 / Syllable 0.251 / Sentence 0.33 under perl 5.34
Meta,"Meta Platforms, Inc._Earnings Call_2021-10-25T00_00_00_English.docx",2021-10-25,2021,FQ3,2022-11-09,-380,non_event,0,0,0,,managerial_qa,3852,211,455,0.1181204569055036,12.027187944466592,0,0,3828,211,461,12.042842,18.14218,12.074009,-0.04682105553340854,-0.3877838382711868,task10_li2008_formula_custom_implementation,Lingua::EN::Fathom 1.27 / Syllable 0.251 / Sentence 0.33 under perl 5.34
Meta,"Meta Platforms, Inc._Earnings Call_2022-02-02T00_00_00_English.docx",2022-02-02,2021,FQ4,2022-11-09,-280,non_event,0,0,0,,prepared_management,4447,235,743,0.1670789296154711,14.252518886746504,0,0,4408,234,758,17.196007,18.837607,14.413446,-0.1609271132534964,-1.1165068593138407,task10_li2008_formula_custom_implementation,Lingua::EN::Fathom 1.27 / Syllable 0.251 / Sentence 0.33 under perl 5.34
Meta,"Meta Platforms, Inc._Earnings Call_2022-02-02T00_00_00_English.docx",2022-02-02,2021,FQ4,2022-11-09,-280,non_event,0,0,0,,managerial_qa,4170,205,499,0.1196642685851318,12.923156109258937,0,0,4145,205,481,11.604343,20.219512,12.729542,0.19361410925893452,1.5209825244218096,task10_li2008_formula_custom_implementation,Lingua::EN::Fathom 1.27 / Syllable 0.251 / Sentence 0.33 under perl 5.34
Meta,"Meta Platforms, Inc._Earnings Call_2022-04-27T00_00_00_English.docx",2022-04-27,2022,FQ1,2022-11-09,-196,non_event,0,0,0,,prepared_management,4085,202,703,0.1720930232558139,14.97282984112365,0,0,4060,202,693,17.068966,20.09901,14.86719,0.10563984112364899,0.7105568780895986,task10_li2008_formula_custom_implementation,Lingua::EN::Fathom 1.27 / Syllable 0.251 / Sentence 0.33 under perl 5.34
Meta,"Meta Platforms, Inc._Earnings Call_2022-04-27T00_00_00_English.docx",2022-04-27,2022,FQ1,2022-11-09,-196,non_event,0,0,0,,managerial_qa,4220,207,480,0.1137440758293838,12.704352405156031,0,0,4204,207,464,11.037108,20.309179,12.538515,0.16583740515603296,1.322623972264921,task10_li2008_formula_custom_implementation,Lingua::EN::Fathom 1.27 / Syllable 0.251 / Sentence 0.33 under perl 5.34
Meta,"Meta Platforms, Inc._Earnings Call_2022-07-27T00_00_00_English.docx",2022-07-27,2022,FQ2,2022-11-09,-105,pre_2,0,0,0,,prepared_management,4766,244,779,0.163449433487201,14.351092093586402,0,0,4742,243,800,16.870519,19.514403,14.553969,-0.20287690641359823,-1.3939627493613476,task10_li2008_formula_custom_implementation,Lingua::EN::Fathom 1.27 / Syllable 0.251 / Sentence 0.33 under perl 5.34
Meta,"Meta Platforms, Inc._Earnings Call_2022-07-27T00_00_00_English.docx",2022-07-27,2022,FQ2,2022-11-09,-105,pre_2,0,0,0,,managerial_qa,3718,219,464,0.1247982786444324,11.782798725685977,0,0,3703,217,462,12.476371,17.064516,11.816355,-0.03355627431402297,-0.283981602736402,task10_li2008_formula_custom_implementation,Lingua::EN::Fathom 1.27 / Syllable 0.251 / Sentence 0.33 under perl 5.34
Meta,"Meta Platforms, Inc._Earnings Call_2022-10-26T00_00_00_English.docx",2022-10-26,2022,FQ3,2022-11-09,-14,pre_1,0,0,0,,prepared_management,3504,189,607,0.1732305936073059,14.345096760165257,0,0,3475,188,611,17.582734,18.484043,14.426711,-0.08161423983474414,-0.5657161901610432,task10_li2008_formula_custom_implementation,Lingua::EN::Fathom 1.27 / Syllable 0.251 / Sentence 0.33 under perl 5.34
Meta,"Meta Platforms, Inc._Earnings Call_2022-10-26T00_00_00_English.docx",2022-10-26,2022,FQ3,2022-11-09,-14,pre_1,0,0,0,,managerial_qa,4284,197,476,0.1111111111111111,13.142921601804852,0,0,4271,197,482,11.285413,21.680203,13.186247,-0.04332539819514736,-0.3285650435271488,task10_li2008_formula_custom_implementation,Lingua::EN::Fathom 1.27 / Syllable 0.251 / Sentence 0.33 under perl 5.34
Meta,"Meta Platforms, Inc._Earnings Call_2023-02-01T00_00_00_English.docx",2023-02-01,2022,FQ4,2022-11-09,84,post_1,0,0,0,,prepared_management,3351,180,603,0.1799462846911369,14.644518054312147,0,0,3320,180,626,18.855422,18.444444,14.919946,-0.2754279456878521,-1.8460384889318777,task10_li2008_formula_custom_implementation,Lingua::EN::Fathom 1.27 / Syllable 0.251 / Sentence 0.33 under perl 5.34
Meta,"Meta Platforms, Inc._Earnings Call_2023-02-01T00_00_00_English.docx",2023-02-01,2022,FQ4,2022-11-09,84,post_1,0,0,0,,managerial_qa,4682,238,579,0.1236651003844511,12.815511578403257,0,0,4664,235,549,11.771012,19.846809,12.647128,0.16838357840325457,1.3313977561012633,task10_li2008_formula_custom_implementation,Lingua::EN::Fathom 1.27 / Syllable 0.251 / Sentence 0.33 under perl 5.34
Meta,"Meta Platforms, Inc._Earnings Call_2023-04-26T00_00_00_English.docx",2023-04-26,2023,FQ1,2022-11-09,168,post_2,0,0,0,,prepared_management,3694,189,672,0.1819166215484569,15.094654279927695,0,0,3669,189,694,18.915236,19.412698,15.331174,-0.23651972007230526,-1.5427371711540503,task10_li2008_formula_custom_implementation,Lingua::EN::Fathom 1.27 / Syllable 0.251 / Sentence 0.33 under perl 5.34
Meta,"Meta Platforms, Inc._Earnings Call_2023-04-26T00_00_00_English.docx",2023-04-26,2023,FQ1,2022-11-09,168,post_2,0,0,0,,managerial_qa,4367,178,614,0.1405999542019693,15.43748131414619,0,0,4347,178,596,13.710605,24.421348,15.252781,0.18470031414618937,1.2109287751931228,task10_li2008_formula_custom_implementation,Lingua::EN::Fathom 1.27 / Syllable 0.251 / Sentence 0.33 under perl 5.34
Meta,"Meta Platforms, Inc._Earnings Call_2023-07-26T00_00_00_English.docx",2023-07-26,2023,FQ2,2022-11-09,259,non_event,0,0,0,,prepared_management,3637,195,638,0.1754193016222161,14.477284885401469,0,0,3609,189,646,17.899695,19.095238,14.797973,-0.32068811459853386,-2.1671083911190663,task10_li2008_formula_custom_implementation,Lingua::EN::Fathom 1.27 / Syllable 0.251 / Sentence 0.33 under perl 5.34
Meta,"Meta Platforms, Inc._Earnings Call_2023-07-26T00_00_00_English.docx",2023-07-26,2023,FQ2,2022-11-09,259,non_event,0,0,0,,managerial_qa,5595,269,580,0.1036639857015192,12.466262030291253,0,0,5569,266,607,10.899623,20.93609,12.734285,-0.2680229697087473,-2.1047351281108226,task10_li2008_formula_custom_implementation,Lingua::EN::Fathom 1.27 / Syllable 0.251 / Sentence 0.33 under perl 5.34
Meta,"Meta Platforms, Inc._Earnings Call_2023-10-25T00_00_00_English.docx",2023-10-25,2023,FQ3,2022-11-09,350,non_event,0,0,0,,prepared_management,4242,225,727,0.1713814238566713,14.396590287600189,0,0,4219,219,730,17.302678,19.26484,14.627007,-0.23041671239981198,-1.5752827109456635,task10_li2008_formula_custom_implementation,Lingua::EN::Fathom 1.27 / Syllable 0.251 / Sentence 0.33 under perl 5.34
Meta,"Meta Platforms, Inc._Earnings Call_2023-10-25T00_00_00_English.docx",2023-10-25,2023,FQ3,2022-11-09,350,non_event,0,0,0,,managerial_qa,4288,205,618,0.1441231343283582,14.131754641427012,0,0,4274,200,608,14.22555,21.37,14.23822,-0.10646535857298822,-0.7477434579110888,task10_li2008_formula_custom_implementation,Lingua::EN::Fathom 1.27 / Syllable 0.251 / Sentence 0.33 under perl 5.34
Meta,"Meta Platforms, Inc._Earnings Call_2024-02-01T00_00_00_English.docx",2024-02-01,2023,FQ4,2022-11-09,449,non_event,0,0,0,,prepared_management,4935,248,859,0.1740628166160081,14.922190083995162,0,0,4894,244,846,17.286473,20.057377,14.93754,-0.015349916004838704,-0.10276066879043473,task10_li2008_formula_custom_implementation,Lingua::EN::Fathom 1.27 / Syllable 0.251 / Sentence 0.33 under perl 5.34
Meta,"Meta Platforms, Inc._Earnings Call_2024-02-01T00_00_00_English.docx",2024-02-01,2023,FQ4,2022-11-09,449,non_event,0,0,0,,managerial_qa,3435,165,507,0.1475982532751091,14.231202858277095,0,0,3425,164,485,14.160584,20.884146,14.017892,0.2133108582770955,1.5217042496624706,task10_li2008_formula_custom_implementation,Lingua::EN::Fathom 1.27 / Syllable 0.251 / Sentence 0.33 under perl 5.34
Meta,"Meta Platforms, Inc._Earnings Call_2024-04-24T00_00_00_English.docx",2024-04-24,2024,FQ1,2022-11-09,532,non_event,0,0,0,,prepared_management,3928,189,678,0.1726069246435845,15.217504498970897,0,0,3905,185,672,17.208707,21.108108,15.326726,-0.109221501029106,-0.712621214922913,task10_li2008_formula_custom_implementation,Lingua::EN::Fathom 1.27 / Syllable 0.251 / Sentence 0.33 under perl 5.34
Meta,"Meta Platforms, Inc._Earnings Call_2024-04-24T00_00_00_English.docx",2024-04-24,2024,FQ1,2022-11-09,532,non_event,0,0,0,,managerial_qa,3900,170,541,0.1387179487179487,14.725188536953244,0,0,3888,169,540,13.888889,23.005917,14.757922,-0.03273346304675684,-0.2218026565444433,task10_li2008_formula_custom_implementation,Lingua::EN::Fathom 1.27 / Syllable 0.251 / Sentence 0.33 under perl 5.34
Meta,"Meta Platforms, Inc._Earnings Call_2024-07-31T00_00_00_English.docx",2024-07-31,2024,FQ2,2022-11-09,630,non_event,0,0,0,,prepared_management,4149,210,732,0.1764280549530007,14.959979340977174,0,0,4122,204,745,18.073751,20.205882,15.311853,-0.3518736590228251,-2.298047525814316,task10_li2008_formula_custom_implementation,Lingua::EN::Fathom 1.27 / Syllable 0.251 / Sentence 0.33 under perl 5.34
Meta,"Meta Platforms, Inc._Earnings Call_2024-07-31T00_00_00_English.docx",2024-07-31,2024,FQ2,2022-11-09,630,non_event,0,0,0,,managerial_qa,4169,180,475,0.1139361957303909,13.821892273660085,0,0,4155,181,477,11.480144,22.955801,13.774378,0.04751427366008265,0.3449467820621929,task10_li2008_formula_custom_implementation,Lingua::EN::Fathom 1.27 / Syllable 0.251 / Sentence 0.33 under perl 5.34
Meta,"Meta Platforms, Inc._Earnings Call_2024-10-30T00_00_00_English.docx",2024-10-30,2024,FQ3,2022-11-09,721,non_event,0,0,0,,prepared_management,3471,186,640,0.184384903486027,14.83991226847334,0,0,3445,184,622,18.055152,18.722826,14.711191,0.12872126847334187,0.874988765174362,task10_li2008_formula_custom_implementation,Lingua::EN::Fathom 1.27 / Syllable 0.251 / Sentence 0.33 under perl 5.34
Meta,"Meta Platforms, Inc._Earnings Call_2024-10-30T00_00_00_English.docx",2024-10-30,2024,FQ3,2022-11-09,721,non_event,0,0,0,,managerial_qa,3889,183,497,0.1277963486757521,13.612400395117518,0,0,3872,181,495,12.784091,21.392265,13.670542,-0.05814160488248099,-0.4253057770678075,task10_li2008_formula_custom_implementation,Lingua::EN::Fathom 1.27 / Syllable 0.251 / Sentence 0.33 under perl 5.34
Meta,"Meta Platforms, Inc._Earnings Call_2025-01-29T00_00_00_English.docx",2025-01-29,2024,FQ4,2022-11-09,812,non_event,0,0,0,,prepared_management,3745,197,683,0.1823765020026702,14.899120993812392,0,0,3721,192,669,17.979038,19.380208,14.943698,-0.04457700618760718,-0.29829969922844524,task10_li2008_formula_custom_implementation,Lingua::EN::Fathom 1.27 / Syllable 0.251 / Sentence 0.33 under perl 5.34
Meta,"Meta Platforms, Inc._Earnings Call_2025-01-29T00_00_00_English.docx",2025-01-29,2024,FQ4,2022-11-09,812,non_event,0,0,0,,managerial_qa,4285,203,514,0.119953325554259,13.241482775864943,0,0,4283,202,506,11.814149,21.20297,13.206848,0.034634775864944345,0.2622486142412205,task10_li2008_formula_custom_implementation,Lingua::EN::Fathom 1.27 / Syllable 0.251 / Sentence 0.33 under perl 5.34
Microsoft,Microsoft Corporation_Earnings Call_2020-10-27T00_00_00_English.docx,2020-10-27,2021,FQ1,2023-01-18,-813,non_event,0,0,0,,prepared_management,4690,241,1044,0.2226012793176972,16.688283537853117,0,0,4642,240,1065,22.942697,19.341667,16.913746,-0.2254624621468828,-1.3330131725218224,task10_li2008_formula_custom_implementation,Lingua::EN::Fathom 1.27 / Syllable 0.251 / Sentence 0.33 under perl 5.34
Microsoft,Microsoft Corporation_Earnings Call_2020-10-27T00_00_00_English.docx,2020-10-27,2021,FQ1,2023-01-18,-813,non_event,0,0,0,,managerial_qa,2901,143,342,0.1178903826266804,12.830300619752531,0,0,2889,141,340,11.768778,20.489362,12.903256,-0.07295538024746762,-0.5654028738751491,task10_li2008_formula_custom_implementation,Lingua::EN::Fathom 1.27 / Syllable 0.251 / Sentence 0.33 under perl 5.34
Microsoft,Microsoft Corporation_Earnings Call_2021-01-26T00_00_00_English.docx,2021-01-26,2021,FQ2,2023-01-18,-722,non_event,0,0,0,,prepared_management,4722,242,1069,0.2263871240999576,16.860443641684256,0,0,4676,241,1121,23.973482,19.40249,17.350388,-0.4899443583157428,-2.8238236419597236,task10_li2008_formula_custom_implementation,Lingua::EN::Fathom 1.27 / Syllable 0.251 / Sentence 0.33 under perl 5.34
Microsoft,Microsoft Corporation_Earnings Call_2021-01-26T00_00_00_English.docx,2021-01-26,2021,FQ2,2023-01-18,-722,non_event,0,0,0,,managerial_qa,2299,110,296,0.1287516311439756,13.510065245759026,0,0,2283,109,308,13.491021,20.944954,13.77439,-0.2643247542409739,-1.9189579664941525,task10_li2008_formula_custom_implementation,Lingua::EN::Fathom 1.27 / Syllable 0.251 / Sentence 0.33 under perl 5.34
Microsoft,Microsoft Corporation_Earnings Call_2021-04-27T00_00_00_English.docx,2021-04-27,2021,FQ3,2023-01-18,-631,non_event,0,0,0,,prepared_management,4635,250,1060,0.2286947141316073,16.563788565264293,0,0,4583,249,1077,23.499891,18.405622,16.762205,-0.1984164347357087,-1.1837132091852396,task10_li2008_formula_custom_implementation,Lingua::EN::Fathom 1.27 / Syllable 0.251 / Sentence 0.33 under perl 5.34
Microsoft,Microsoft Corporation_Earnings Call_2021-04-27T00_00_00_English.docx,2021-04-27,2021,FQ3,2023-01-18,-631,non_event,0,0,0,,managerial_qa,2408,119,331,0.1374584717607973,13.592456517490715,0,0,2396,120,333,13.898164,19.966667,13.545932,0.04652451749071673,0.3434574859132375,task10_li2008_formula_custom_implementation,Lingua::EN::Fathom 1.27 / Syllable 0.251 / Sentence 0.33 under perl 5.34
Microsoft,Microsoft Corporation_Earnings Call_2021-07-27T00_00_00_English.docx,2021-07-27,2021,FQ4,2023-01-18,-540,non_event,0,0,0,,prepared_management,4922,266,1078,0.2190166598943519,16.16217015517257,0,0,4873,266,1131,23.209522,18.319549,16.611628,-0.44945784482742823,-2.7056820970673567,task10_li2008_formula_custom_implementation,Lingua::EN::Fathom 1.27 / Syllable 0.251 / Sentence 0.33 under perl 5.34
Microsoft,Microsoft Corporation_Earnings Call_2021-07-27T00_00_00_English.docx,2021-07-27,2021,FQ4,2023-01-18,-540,non_event,0,0,0,,managerial_qa,2070,98,266,0.1285024154589372,13.589076210194223,0,0,2060,97,263,12.76699,21.237113,13.601641,-0.012564789805775689,-0.0923770139630629,task10_li2008_formula_custom_implementation,Lingua::EN::Fathom 1.27 / Syllable 0.251 / Sentence 0.33 under perl 5.34
Microsoft,Microsoft Corporation_Earnings Call_2021-10-26T00_00_00_English.docx,2021-10-26,2022,FQ1,2023-01-18,-449,non_event,0,0,0,,prepared_management,4747,263,1040,0.2190857383610701,15.983201397560675,0,0,4694,263,1080,23.008095,17.847909,16.342402,-0.3592006024393246,-2.1979669967690465,task10_li2008_formula_custom_implementation,Lingua::EN::Fathom 1.27 / Syllable 0.251 / Sentence 0.33 under perl 5.34
Microsoft,Microsoft Corporation_Earnings Call_2021-10-26T00_00_00_English.docx,2021-10-26,2022,FQ1,2023-01-18,-449,non_event,0,0,0,,managerial_qa,2682,127,307,0.1144668158090976,13.025916726852095,0,0,2663,125,303,11.378145,21.304,13.072858,-0.04694127314790286,-0.3590742984273436,task10_li2008_formula_custom_implementation,Lingua::EN::Fathom 1.27 / Syllable 0.251 / Sentence 0.33 under perl 5.34
Microsoft,Microsoft Corporation_Earnings Call_2022-01-25T00_00_00_English.docx,2022-01-25,2022,FQ2,2023-01-18,-358,non_event,0,0,0,,prepared_management,5008,260,1147,0.2290335463258786,16.86595723765053,0,0,4946,259,1173,23.716134,19.096525,17.125064,-0.25910676234946806,-1.5130265343794806,task10_li2008_formula_custom_implementation,Lingua::EN::Fathom 1.27 / Syllable 0.251 / Sentence 0.33 under perl 5.34
Microsoft,Microsoft Corporation_Earnings Call_2022-01-25T00_00_00_English.docx,2022-01-25,2022,FQ2,2023-01-18,-358,non_event,0,0,0,,managerial_qa,2576,130,307,0.1191770186335403,12.69323459149546,0,0,2560,130,313,12.226562,19.692308,12.767548,-0.07431340850453871,-0.5820491805046569,task10_li2008_formula_custom_implementation,Lingua::EN::Fathom 1.27 / Syllable 0.251 / Sentence 0.33 under perl 5.34
Microsoft,Microsoft Corporation_Earnings Call_2022-04-26T00_00_00_English.docx,2022-04-26,2022,FQ3,2023-01-18,-267,non_event,0,0,0,,prepared_management,4932,270,1060,0.2149229521492295,15.903584752635846,0,0,4880,267,1121,22.971311,18.277154,16.499386,-0.5958012473641556,-3.6110510255603185,task10_li2008_formula_custom_implementation,Lingua::EN::Fathom 1.27 / Syllable 0.251 / Sentence 0.33 under perl 5.34
Microsoft,Microsoft Corporation_Earnings Call_2022-04-26T00_00_00_English.docx,2022-04-26,2022,FQ3,2023-01-18,-267,non_event,0,0,0,,managerial_qa,2851,147,321,0.1125920729568572,12.261506047525993,0,0,2834,143,320,11.291461,19.818182,12.443857,-0.18235095247400857,-1.4653893280355808,task10_li2008_formula_custom_implementation,Lingua::EN::Fathom 1.27 / Syllable 0.251 / Sentence 0.33 under perl 5.34
Microsoft,Microsoft Corporation_Earnings Call_2022-07-26T00_00_00_English.docx,2022-07-26,2022,FQ4,2023-01-18,-176,pre_2,0,0,0,,prepared_management,5576,288,1208,0.2166427546628407,16.410154630958072,0,0,5502,288,1267,23.02799,19.104167,16.852863,-0.44270836904192734,-2.6269030315022874,task10_li2008_formula_custom_implementation,Lingua::EN::Fathom 1.27 / Syllable 0.251 / Sentence 0.33 under perl 5.34
Microsoft,Microsoft Corporation_Earnings Call_2022-07-26T00_00_00_English.docx,2022-07-26,2022,FQ4,2023-01-18,-176,pre_2,0,0,0,,managerial_qa,2070,110,174,0.0840579710144927,10.889591567852438,0,0,2036,109,171,8.398821,18.678899,10.831088,0.05850356785243882,0.540144885282428,task10_li2008_formula_custom_implementation,Lingua::EN::Fathom 1.27 / Syllable 0.251 / Sentence 0.33 under perl 5.34
Microsoft,Microsoft Corporation_Earnings Call_2022-10-25T00_00_00_English.docx,2022-10-25,2023,FQ1,2023-01-18,-85,pre_1,0,0,0,,prepared_management,5173,265,1066,0.2060699787357433,16.051101036222185,0,0,5085,265,1112,21.86824,19.188679,16.422768,-0.37166696377781605,-2.263120101177926,task10_li2008_formula_custom_implementation,Lingua::EN::Fathom 1.27 / Syllable 0.251 / Sentence 0.33 under perl 5.34
Microsoft,Microsoft Corporation_Earnings Call_2022-10-25T00_00_00_English.docx,2022-10-25,2023,FQ1,2023-01-18,-85,pre_1,0,0,0,,managerial_qa,2694,142,261,0.0968819599109131,11.464010790802725,0,0,2663,143,261,9.800976,18.622378,11.369342,0.09466879080272506,0.8326672801532847,task10_li2008_formula_custom_implementation,Lingua::EN::Fathom 1.27 / Syllable 0.251 / Sentence 0.33 under perl 5.34
Microsoft,Microsoft Corporation_Earnings Call_2023-01-24T00_00_00_English.docx,2023-01-24,2023,FQ2,2023-01-18,6,post_1,0,0,0,,prepared_management,5157,283,1116,0.2164048865619546,15.945241398873948,0,0,5074,282,1169,23.039022,17.992908,16.412772,-0.4675306011260538,-2.848577931418616,task10_li2008_formula_custom_implementation,Lingua::EN::Fathom 1.27 / Syllable 0.251 / Sentence 0.33 under perl 5.34
Microsoft,Microsoft Corporation_Earnings Call_2023-01-24T00_00_00_English.docx,2023-01-24,2023,FQ2,2023-01-18,6,post_1,0,0,0,,managerial_qa,2464,119,229,0.0929383116883117,11.99988540870894,0,0,2452,119,230,9.380098,20.605042,11.994056,0.005829408708940775,0.04860248033643311,task10_li2008_formula_custom_implementation,Lingua::EN::Fathom 1.27 / Syllable 0.251 / Sentence 0.33 under perl 5.34
Microsoft,Microsoft Corporation_Earnings Call_2023-04-25T00_00_00_English.docx,2023-04-25,2023,FQ3,2023-01-18,97,post_2,0,0,0,,prepared_management,5014,260,1102,0.2197846031112884,16.505230278297688,0,0,4948,258,1145,23.140663,19.178295,16.927583,-0.4223527217023104,-2.495056274143275,task10_li2008_formula_custom_implementation,Lingua::EN::Fathom 1.27 / Syllable 0.251 / Sentence 0.33 under perl 5.34
Microsoft,Microsoft Corporation_Earnings Call_2023-04-25T00_00_00_English.docx,2023-04-25,2023,FQ3,2023-01-18,97,post_2,0,0,0,,managerial_qa,2487,107,279,0.1121833534378769,13.78453039919732,0,0,2469,107,276,11.178615,23.074766,13.701352,0.08317839919732073,0.607081689437077,task10_li2008_formula_custom_implementation,Lingua::EN::Fathom 1.27 / Syllable 0.251 / Sentence 0.33 under perl 5.34
Microsoft,Microsoft Corporation_Earnings Call_2023-07-25T00_00_00_English.docx,2023-07-25,2023,FQ4,2023-01-18,188,non_event,0,0,0,,prepared_management,5062,263,1072,0.2117740023706045,16.169819410413535,0,0,5013,263,1127,22.481548,19.060837,16.616954,-0.4471345895864651,-2.690833648492167,task10_li2008_formula_custom_implementation,Lingua::EN::Fathom 1.27 / Syllable 0.251 / Sentence 0.33 under perl 5.34
Microsoft,Microsoft Corporation_Earnings Call_2023-07-25T00_00_00_English.docx,2023-07-25,2023,FQ4,2023-01-18,188,non_event,0,0,0,,managerial_qa,3064,164,296,0.0966057441253263,11.337400496720372,0,0,3046,164,314,10.308601,18.573171,11.552709,-0.21530850327962803,-1.8637057618228592,task10_li2008_formula_custom_implementation,Lingua::EN::Fathom 1.27 / Syllable 0.251 / Sentence 0.33 under perl 5.34
Microsoft,Microsoft Corporation_Earnings Call_2023-10-24T00_00_00_English.docx,2023-10-24,2024,FQ1,2023-01-18,279,non_event,0,0,0,,prepared_management,4943,270,1125,0.2275945781913817,16.426746090618234,0,0,4888,268,1152,23.567921,18.238806,16.722691,-0.29594490938176676,-1.7697206112447257,task10_li2008_formula_custom_implementation,Lingua::EN::Fathom 1.27 / Syllable 0.251 / Sentence 0.33 under perl 5.34
Microsoft,Microsoft Corporation_Earnings Call_2023-10-24T00_00_00_English.docx,2023-10-24,2024,FQ1,2023-01-18,279,non_event,0,0,0,,managerial_qa,2484,128,280,0.1127214170692431,12.271356682769728,0,0,2468,128,286,11.588331,19.28125,12.347832,-0.07647531723027257,-0.6193420612644598,task10_li2008_formula_custom_implementation,Lingua::EN::Fathom 1.27 / Syllable 0.251 / Sentence 0.33 under perl 5.34
Microsoft,Microsoft Corporation_Earnings Call_2024-01-30T00_00_00_English.docx,2024-01-30,2024,FQ2,2023-01-18,377,non_event,0,0,0,,prepared_management,4965,263,1119,0.2253776435045317,16.566436538660355,0,0,4891,263,1150,23.512574,18.596958,16.843813,-0.2773764613396459,-1.646755763315859,task10_li2008_formula_custom_implementation,Lingua::EN::Fathom 1.27 / Syllable 0.251 / Sentence 0.33 under perl 5.34
Microsoft,Microsoft Corporation_Earnings Call_2024-01-30T00_00_00_English.docx,2024-01-30,2024,FQ2,2023-01-18,377,non_event,0,0,0,,managerial_qa,2885,172,290,0.1005199306759098,10.73009955261779,0,0,2865,174,286,9.982548,16.465517,10.579226,0.15087355261779045,1.4261303484564036,task10_li2008_formula_custom_implementation,Lingua::EN::Fathom 1.27 / Syllable 0.251 / Sentence 0.33 under perl 5.34
Microsoft,Microsoft Corporation_Earnings Call_2024-04-25T00_00_00_English.docx,2024-04-25,2024,FQ3,2023-01-18,463,non_event,0,0,0,,prepared_management,4764,253,1057,0.221872376154492,16.40691085645636,0,0,4713,253,1097,23.276045,18.628458,16.761801,-0.35489014354363846,-2.1172554401739916,task10_li2008_formula_custom_implementation,Lingua::EN::Fathom 1.27 / Syllable 0.251 / Sentence 0.33 under perl 5.34
Microsoft,Microsoft Corporation_Earnings Call_2024-04-25T00_00_00_English.docx,2024-04-25,2024,FQ3,2023-01-18,463,non_event,0,0,0,,managerial_qa,2838,165,312,0.1099365750528541,11.277463002114166,0,0,2826,164,323,11.429582,17.231707,11.464516,-0.18705299788583396,-1.6315821608677938,task10_li2008_formula_custom_implementation,Lingua::EN::Fathom 1.27 / Syllable 0.251 / Sentence 0.33 under perl 5.34
Microsoft,Microsoft Corporation_Earnings Call_2024-07-30T00_00_00_English.docx,2024-07-30,2024,FQ4,2023-01-18,559,non_event,0,0,0,,prepared_management,4644,255,1033,0.2224375538329026,16.18220803566905,0,0,4599,255,1075,23.374647,18.035294,16.563976,-0.38176796433095106,-2.3048087266665385,task10_li2008_formula_custom_implementation,Lingua::EN::Fathom 1.27 / Syllable 0.251 / Sentence 0.33 under perl 5.34
Microsoft,Microsoft Corporation_Earnings Call_2024-07-30T00_00_00_English.docx,2024-07-30,2024,FQ4,2023-01-18,559,non_event,0,0,0,,managerial_qa,2629,141,257,0.0977558006846709,11.368388055755634,0,0,2606,141,249,9.554873,18.48227,11.214857,0.15353105575563397,1.3689969988528072,task10_li2008_formula_custom_implementation,Lingua::EN::Fathom 1.27 / Syllable 0.251 / Sentence 0.33 under perl 5.34
PayPal,"PayPal Holdings, Inc._Earnings Call_2021-05-05T00_00_00_English.docx",2021-05-05,2021,FQ1,2024-01-30,-1000,non_event,0,0,0,,prepared_management,3483,197,682,0.1958082113120872,14.904409670757603,0,0,3427,195,710,20.717829,17.574359,15.316875,-0.4124653292423943,-2.69288173496483,task10_li2008_formula_custom_implementation,Lingua::EN::Fathom 1.27 / Syllable 0.251 / Sentence 0.33 under perl 5.34
PayPal,"PayPal Holdings, Inc._Earnings Call_2021-05-05T00_00_00_English.docx",2021-05-05,2021,FQ1,2024-01-30,-1000,non_event,0,0,0,,managerial_qa,3480,207,376,0.1080459770114942,11.046476761619193,0,0,3448,203,377,10.933875,16.985222,11.167639,-0.12116223838080842,-1.0849404997852135,task10_li2008_formula_custom_implementation,Lingua::EN::Fathom 1.27 / Syllable 0.251 / Sentence 0.33 under perl 5.34
PayPal,"PayPal Holdings, Inc._Earnings Call_2021-07-28T00_00_00_English.docx",2021-07-28,2021,FQ2,2024-01-30,-916,non_event,0,0,0,,prepared_management,3565,187,628,0.1761570827489481,14.671951759155789,0,0,3505,186,674,19.229672,18.844086,15.229503,-0.5575512408442123,-3.6609943268943987,task10_li2008_formula_custom_implementation,Lingua::EN::Fathom 1.27 / Syllable 0.251 / Sentence 0.33 under perl 5.34
PayPal,"PayPal Holdings, Inc._Earnings Call_2021-07-28T00_00_00_English.docx",2021-07-28,2021,FQ2,2024-01-30,-916,non_event,0,0,0,,managerial_qa,3940,217,408,0.1035532994923857,11.40480479075534,0,0,3914,213,398,10.168625,18.375587,11.417685,-0.0128802092446616,-0.11280928878894102,task10_li2008_formula_custom_implementation,Lingua::EN::Fathom 1.27 / Syllable 0.251 / Sentence 0.33 under perl 5.34
PayPal,"PayPal Holdings, Inc._Earnings Call_2021-11-08T00_00_00_English.docx",2021-11-08,2021,FQ3,2024-01-30,-813,non_event,0,0,0,,prepared_management,3755,199,693,0.1845539280958721,14.929895817302224,0,0,3716,199,720,19.375673,18.673367,15.219616,-0.289720182697776,-1.9035971912680056,task10_li2008_formula_custom_implementation,Lingua::EN::Fathom 1.27 / Syllable 0.251 / Sentence 0.33 under perl 5.34
PayPal,"PayPal Holdings, Inc._Earnings Call_2021-11-08T00_00_00_English.docx",2021-11-08,2021,FQ3,2024-01-30,-813,non_event,0,0,0,,managerial_qa,3750,207,373,0.0994666666666666,11.22504347826087,0,0,3718,208,385,10.35503,17.875,11.292012,-0.06696852173912937,-0.5930610217127769,task10_li2008_formula_custom_implementation,Lingua::EN::Fathom 1.27 / Syllable 0.251 / Sentence 0.33 under perl 5.34
PayPal,"PayPal Holdings, Inc._Earnings Call_2022-02-01T00_00_00_English.docx",2022-02-01,2021,FQ4,2024-01-30,-728,non_event,0,0,0,,prepared_management,4010,215,706,0.1760598503740648,14.502859131241664,0,0,3984,215,752,18.875502,18.530233,14.962294,-0.4594348687583363,-3.0706178394725856,task10_li2008_formula_custom_implementation,Lingua::EN::Fathom 1.27 / Syllable 0.251 / Sentence 0.33 under perl 5.34
PayPal,"PayPal Holdings, Inc._Earnings Call_2022-02-01T00_00_00_English.docx",2022-02-01,2021,FQ4,2024-01-30,-728,non_event,0,0,0,,managerial_qa,3541,189,373,0.1053374752894662,11.707678905758543,0,0,3531,183,398,11.271594,19.295082,12.226671,-0.5189920942414545,-4.244753901053317,task10_li2008_formula_custom_implementation,Lingua::EN::Fathom 1.27 / Syllable 0.251 / Sentence 0.33 under perl 5.34
PayPal,"PayPal Holdings, Inc._Earnings Call_2022-04-27T00_00_00_English.docx",2022-04-27,2022,FQ1,2024-01-30,-643,non_event,0,0,0,,prepared_management,2253,122,430,0.1908566355969818,15.021150669780912,0,0,2229,122,451,20.233288,18.270492,15.401512,-0.38036133021908825,-2.4696362942747974,task10_li2008_formula_custom_implementation,Lingua::EN::Fathom 1.27 / Syllable 0.251 / Sentence 0.33 under perl 5.34
PayPal,"PayPal Holdings, Inc._Earnings Call_2022-04-27T00_00_00_English.docx",2022-04-27,2022,FQ1,2024-01-30,-643,non_event,0,0,0,,managerial_qa,3397,198,379,0.1115690314983809,11.3253875225615,0,0,3373,199,375,11.117699,16.949749,11.226979,0.09840852256149901,0.8765360883056699,task10_li2008_formula_custom_implementation,Lingua::EN::Fathom 1.27 / Syllable 0.251 / Sentence 0.33 under perl 5.34
PayPal,"PayPal Holdings, Inc._Earnings Call_2022-08-02T00_00_00_English.docx",2022-08-02,2022,FQ2,2024-01-30,-546,non_event,0,0,0,,prepared_management,4648,233,920,0.1979345955249569,15.896782962629182,0,0,4616,232,960,20.797227,19.896552,16.277512,-0.38072903737081987,-2.3389879078007736,task10_li2008_formula_custom_implementation,Lingua::EN::Fathom 1.27 / Syllable 0.251 / Sentence 0.33 under perl 5.34
PayPal,"PayPal Holdings, Inc._Earnings Call_2022-08-02T00_00_00_English.docx",2022-08-02,2022,FQ2,2024-01-30,-546,non_event,0,0,0,,managerial_qa,3550,243,361,0.1016901408450704,9.911227032979774,0,0,3520,238,366,10.397727,14.789916,10.075057,-0.16382996702022545,-1.62609469127793,task10_li2008_formula_custom_implementation,Lingua::EN::Fathom 1.27 / Syllable 0.251 / Sentence 0.33 under perl 5.34
PayPal,"PayPal Holdings, Inc._Earnings Call_2022-11-03T00_00_00_English.docx",2022-11-03,2022,FQ3,2024-01-30,-453,non_event,0,0,0,,prepared_management,4333,219,833,0.1922455573505654,15.603977545164168,0,0,4277,219,841,19.663315,19.52968,15.677198,-0.07322045483583217,-0.46705064792721357,task10_li2008_formula_custom_implementation,Lingua::EN::Fathom 1.27 / Syllable 0.251 / Sentence 0.33 under perl 5.34
PayPal,"PayPal Holdings, Inc._Earnings Call_2022-11-03T00_00_00_English.docx",2022-11-03,2022,FQ3,2024-01-30,-453,non_event,0,0,0,,managerial_qa,2970,187,355,0.1195286195286195,11.134085957615367,0,0,2949,184,323,10.952865,16.027174,10.792016,0.34206995761536874,3.169657621109612,task10_li2008_formula_custom_implementation,Lingua::EN::Fathom 1.27 / Syllable 0.251 / Sentence 0.33 under perl 5.34
PayPal,"PayPal Holdings, Inc._Earnings Call_2023-02-09T00_00_00_English.docx",2023-02-09,2022,FQ4,2024-01-30,-355,non_event,0,0,0,,prepared_management,3812,201,692,0.1815320041972717,14.847349819632166,0,0,3768,201,720,19.10828,18.746269,15.14182,-0.2944701803678331,-1.9447475955191196,task10_li2008_formula_custom_implementation,Lingua::EN::Fathom 1.27 / Syllable 0.251 / Sentence 0.33 under perl 5.34
PayPal,"PayPal Holdings, Inc._Earnings Call_2023-02-09T00_00_00_English.docx",2023-02-09,2022,FQ4,2024-01-30,-355,non_event,0,0,0,,managerial_qa,3874,233,369,0.0952503871966959,10.460659264691872,0,0,3826,231,379,9.905907,16.562771,10.587471,-0.12681173530812906,-1.1977528468142113,task10_li2008_formula_custom_implementation,Lingua::EN::Fathom 1.27 / Syllable 0.251 / Sentence 0.33 under perl 5.34
PayPal,"PayPal Holdings, Inc._Earnings Call_2023-05-08T00_00_00_English.docx",2023-05-08,2023,FQ1,2024-01-30,-267,non_event,0,0,0,,prepared_management,3045,160,575,0.1888341543513957,15.165866174055829,0,0,3005,160,592,19.700499,18.78125,15.3927,-0.2268338259441709,-1.4736454679437065,task10_li2008_formula_custom_implementation,Lingua::EN::Fathom 1.27 / Syllable 0.251 / Sentence 0.33 under perl 5.34
PayPal,"PayPal Holdings, Inc._Earnings Call_2023-05-08T00_00_00_English.docx",2023-05-08,2023,FQ1,2024-01-30,-267,non_event,0,0,0,,managerial_qa,4329,278,469,0.1083391083391083,10.5623413119816,0,0,4275,276,465,10.877193,15.48913,10.546529,0.015812311981601823,0.1499290617946608,task10_li2008_formula_custom_implementation,Lingua::EN::Fathom 1.27 / Syllable 0.251 / Sentence 0.33 under perl 5.34
PayPal,"PayPal Holdings, Inc._Earnings Call_2023-08-02T00_00_00_English.docx",2023-08-02,2023,FQ2,2024-01-30,-181,pre_2,0,0,0,,prepared_management,3086,155,598,0.1937783538561244,15.715005121986913,0,0,3048,155,614,20.144357,19.664516,15.923549,-0.20854387801308683,-1.3096570244050922,task10_li2008_formula_custom_implementation,Lingua::EN::Fathom 1.27 / Syllable 0.251 / Sentence 0.33 under perl 5.34
PayPal,"PayPal Holdings, Inc._Earnings Call_2023-08-02T00_00_00_English.docx",2023-08-02,2023,FQ2,2024-01-30,-181,pre_2,0,0,0,,managerial_qa,3007,191,347,0.115397406052544,10.913278441054644,0,0,2971,191,337,11.342982,15.554974,10.759182,0.15409644105464437,1.4322319397017764,task10_li2008_formula_custom_implementation,Lingua::EN::Fathom 1.27 / Syllable 0.251 / Sentence 0.33 under perl 5.34
PayPal,"PayPal Holdings, Inc._Earnings Call_2023-11-01T00_00_00_English.docx",2023-11-01,2023,FQ3,2024-01-30,-90,pre_1,0,0,0,,prepared_management,4886,269,867,0.1774457634056488,14.363258045519633,0,0,4851,261,905,18.655947,18.586207,14.896862,-0.5336039544803679,-3.5819889751302516,task10_li2008_formula_custom_implementation,Lingua::EN::Fathom 1.27 / Syllable 0.251 / Sentence 0.33 under perl 5.34
PayPal,"PayPal Holdings, Inc._Earnings Call_2023-11-01T00_00_00_English.docx",2023-11-01,2023,FQ3,2024-01-30,-90,pre_1,0,0,0,,managerial_qa,1715,106,227,0.1323615160349854,11.766158754606964,0,0,1705,101,236,13.841642,16.881188,12.289132,-0.522973245393036,-4.255575132507618,task10_li2008_formula_custom_implementation,Lingua::EN::Fathom 1.27 / Syllable 0.251 / Sentence 0.33 under perl 5.34
PayPal,"PayPal Holdings, Inc._Earnings Call_2024-02-07T00_00_00_English.docx",2024-02-07,2023,FQ4,2024-01-30,8,post_1,0,0,0,,prepared_management,4430,223,822,0.1855530474040632,15.368310236969704,0,0,4390,223,842,19.179954,19.686099,15.546421,-0.17811076303029694,-1.1456705246197625,task10_li2008_formula_custom_implementation,Lingua::EN::Fathom 1.27 / Syllable 0.251 / Sentence 0.33 under perl 5.34
PayPal,"PayPal Holdings, Inc._Earnings Call_2024-02-07T00_00_00_English.docx",2024-02-07,2023,FQ4,2024-01-30,8,post_1,0,0,0,,managerial_qa,2814,144,346,0.122956645344705,12.73493248045487,0,0,2807,139,324,11.542572,20.194245,12.694727,0.04020548045486905,0.3167100832878804,task10_li2008_formula_custom_implementation,Lingua::EN::Fathom 1.27 / Syllable 0.251 / Sentence 0.33 under perl 5.34
PayPal,"PayPal Holdings, Inc._Earnings Call_2024-04-30T00_00_00_English.docx",2024-04-30,2024,FQ1,2024-01-30,91,post_2,0,0,0,,prepared_management,3885,195,729,0.1876447876447876,15.475022275022276,0,0,3851,195,733,19.034017,19.748718,15.513094,-0.038071724977724486,-0.245416710410731,task10_li2008_formula_custom_implementation,Lingua::EN::Fathom 1.27 / Syllable 0.251 / Sentence 0.33 under perl 5.34
PayPal,"PayPal Holdings, Inc._Earnings Call_2024-04-30T00_00_00_English.docx",2024-04-30,2024,FQ1,2024-01-30,91,post_2,0,0,0,,managerial_qa,3907,231,496,0.1269516252879447,11.843432976885754,0,0,3887,223,501,12.889118,17.430493,12.127844,-0.28441102311424515,-2.3451078618280805,task10_li2008_formula_custom_implementation,Lingua::EN::Fathom 1.27 / Syllable 0.251 / Sentence 0.33 under perl 5.34
PayPal,"PayPal Holdings, Inc._Earnings Call_2024-07-30T00_00_00_English.docx",2024-07-30,2024,FQ2,2024-01-30,182,non_event,0,0,0,,prepared_management,3780,190,685,0.1812169312169312,15.206571985519355,0,0,3749,186,675,18.004801,20.155914,15.264286,-0.05771401448064495,-0.37809835638984324,task10_li2008_formula_custom_implementation,Lingua::EN::Fathom 1.27 / Syllable 0.251 / Sentence 0.33 under perl 5.34
PayPal,"PayPal Holdings, Inc._Earnings Call_2024-07-30T00_00_00_English.docx",2024-07-30,2024,FQ2,2024-01-30,182,non_event,0,0,0,,managerial_qa,3478,215,403,0.1158711903392754,11.105545287989624,0,0,3460,212,397,11.473988,16.320755,11.117897,-0.012351712010376659,-0.1110975574821089,task10_li2008_formula_custom_implementation,Lingua::EN::Fathom 1.27 / Syllable 0.251 / Sentence 0.33 under perl 5.34
PayPal,"PayPal Holdings, Inc._Earnings Call_2024-10-29T00_00_00_English.docx",2024-10-29,2024,FQ3,2024-01-30,273,non_event,0,0,0,,prepared_management,3384,182,613,0.1811465721040189,14.683225521523395,0,0,3360,176,599,17.827381,19.090909,14.767316,-0.08409047847660389,-0.5694364397471002,task10_li2008_formula_custom_implementation,Lingua::EN::Fathom 1.27 / Syllable 0.251 / Sentence 0.33 under perl 5.34
PayPal,"PayPal Holdings, Inc._Earnings Call_2024-10-29T00_00_00_English.docx",2024-10-29,2024,FQ3,2024-01-30,273,non_event,0,0,0,,managerial_qa,4609,265,567,0.1230201779127793,11.877788248586649,0,0,4599,261,540,11.741683,17.62069,11.744949,0.13283924858664697,1.1310329962833128,task10_li2008_formula_custom_implementation,Lingua::EN::Fathom 1.27 / Syllable 0.251 / Sentence 0.33 under perl 5.34
PayPal,"PayPal Holdings, Inc._Earnings Call_2025-02-04T00_00_00_English.docx",2025-02-04,2024,FQ4,2024-01-30,371,non_event,0,0,0,,prepared_management,3470,213,556,0.1602305475504322,12.92565382689992,0,0,3434,210,579,16.860804,16.352381,13.285274,-0.3596201731000779,-2.706908213560954,task10_li2008_formula_custom_implementation,Lingua::EN::Fathom 1.27 / Syllable 0.251 / Sentence 0.33 under perl 5.34
PayPal,"PayPal Holdings, Inc._Earnings Call_2025-02-04T00_00_00_English.docx",2025-02-04,2024,FQ4,2024-01-30,371,non_event,0,0,0,,managerial_qa,3648,211,451,0.1236293859649122,11.860815249023032,0,0,3610,211,413,11.440443,17.109005,11.419779,0.44103624902303196,3.862038389911328,task10_li2008_formula_custom_implementation,Lingua::EN::Fathom 1.27 / Syllable 0.251 / Sentence 0.33 under perl 5.34
SAP,SAP SE_Earnings Call_2021-04-22T00_00_00_English.docx,2021-04-22,2021,FQ1,2024-01-23,-1006,non_event,0,0,0,,prepared_management,3271,190,606,0.1852644451238153,14.296893594426296,0,1,3223,189,659,20.446789,17.05291,14.99988,-0.7029864055737018,-4.6866135300662535,task10_li2008_formula_custom_implementation,Lingua::EN::Fathom 1.27 / Syllable 0.251 / Sentence 0.33 under perl 5.34
SAP,SAP SE_Earnings Call_2021-04-22T00_00_00_English.docx,2021-04-22,2021,FQ1,2024-01-23,-1006,non_event,0,0,0,,managerial_qa,4802,262,679,0.141399416909621,12.987274386308506,0,1,4754,259,702,14.766512,18.355212,13.24869,-0.2614156136914936,-1.973143108424256,task10_li2008_formula_custom_implementation,Lingua::EN::Fathom 1.27 / Syllable 0.251 / Sentence 0.33 under perl 5.34
SAP,SAP SE_Earnings Call_2021-07-21T00_00_00_English.docx,2021-07-21,2021,FQ2,2024-01-23,-916,non_event,0,0,0,,prepared_management,2709,164,470,0.1734957548911037,13.547147268814882,0,0,2672,163,510,19.086826,16.392638,14.191786,-0.6446387311851183,-4.542336892517392,task10_li2008_formula_custom_implementation,Lingua::EN::Fathom 1.27 / Syllable 0.251 / Sentence 0.33 under perl 5.34
SAP,SAP SE_Earnings Call_2021-07-21T00_00_00_English.docx,2021-07-21,2021,FQ2,2024-01-23,-916,non_event,0,0,0,,managerial_qa,5351,274,701,0.1310035507381798,13.051820861643982,0,0,5267,271,730,13.859882,19.435424,13.318123,-0.2663021383560178,-1.9995470709800307,task10_li2008_formula_custom_implementation,Lingua::EN::Fathom 1.27 / Syllable 0.251 / Sentence 0.33 under perl 5.34
SAP,SAP SE_Earnings Call_2021-10-21T00_00_00_English.docx,2021-10-21,2021,FQ3,2024-01-23,-824,non_event,0,0,0,,prepared_management,3184,178,557,0.1749371859296482,14.15254361696121,0,0,3134,178,615,19.623484,17.606742,14.89209,-0.739546383038789,-4.9660348751504255,task10_li2008_formula_custom_implementation,Lingua::EN::Fathom 1.27 / Syllable 0.251 / Sentence 0.33 under perl 5.34
SAP,SAP SE_Earnings Call_2021-10-21T00_00_00_English.docx,2021-10-21,2021,FQ3,2024-01-23,-824,non_event,0,0,0,,managerial_qa,5537,302,709,0.1280476792486906,12.455682004384713,0,0,5463,298,748,13.692111,18.332215,12.80973,-0.35404799561528755,-2.7638989706675123,task10_li2008_formula_custom_implementation,Lingua::EN::Fathom 1.27 / Syllable 0.251 / Sentence 0.33 under perl 5.34
SAP,SAP SE_Earnings Call_2022-01-27T00_00_00_English.docx,2022-01-27,2021,FQ4,2024-01-23,-726,non_event,0,0,0,,prepared_management,2923,173,538,0.1840574751967157,14.120680510758802,0,0,2872,173,587,20.438719,16.601156,14.81595,-0.6952694892411984,-4.692709473514681,task10_li2008_formula_custom_implementation,Lingua::EN::Fathom 1.27 / Syllable 0.251 / Sentence 0.33 under perl 5.34
SAP,SAP SE_Earnings Call_2022-01-27T00_00_00_English.docx,2022-01-27,2021,FQ4,2024-01-23,-726,non_event,0,0,0,,managerial_qa,6225,303,839,0.1347791164658634,13.608986440812757,0,0,6174,301,826,13.378685,20.511628,13.556125,0.05286144081275701,0.3899450677295836,task10_li2008_formula_custom_implementation,Lingua::EN::Fathom 1.27 / Syllable 0.251 / Sentence 0.33 under perl 5.34
SAP,SAP SE_Earnings Call_2022-04-22T00_00_00_English.docx,2022-04-22,2022,FQ1,2024-01-23,-641,non_event,0,0,0,,prepared_management,3201,176,647,0.2021243361449547,15.359973445798188,0,0,3157,173,696,22.046246,18.248555,16.117921,-0.7579475542018113,-4.702514388808652,task10_li2008_formula_custom_implementation,Lingua::EN::Fathom 1.27 / Syllable 0.251 / Sentence 0.33 under perl 5.34
SAP,SAP SE_Earnings Call_2022-04-22T00_00_00_English.docx,2022-04-22,2022,FQ1,2024-01-23,-641,non_event,0,0,0,,managerial_qa,5264,297,634,0.1204407294832826,11.907191468893595,0,0,5206,290,687,13.196312,17.951724,12.459214,-0.5520225311064024,-4.430636885331631,task10_li2008_formula_custom_implementation,Lingua::EN::Fathom 1.27 / Syllable 0.251 / Sentence 0.33 under perl 5.34
SAP,SAP SE_Earnings Call_2022-07-21T00_00_00_English.docx,2022-07-21,2022,FQ2,2024-01-23,-551,non_event,0,0,0,,prepared_management,3036,160,653,0.2150856389986824,16.193425559947297,0,0,2998,160,692,23.082055,18.7375,16.727822,-0.5343964400527028,-3.194656423607944,task10_li2008_formula_custom_implementation,Lingua::EN::Fathom 1.27 / Syllable 0.251 / Sentence 0.33 under perl 5.34
SAP,SAP SE_Earnings Call_2022-07-21T00_00_00_English.docx,2022-07-21,2022,FQ2,2024-01-23,-551,non_event,0,0,0,,managerial_qa,5305,309,651,0.1227144203581526,11.775890730183711,0,0,5263,308,672,12.768383,17.087662,11.942418,-0.16652726981628696,-1.3944183649934792,task10_li2008_formula_custom_implementation,Lingua::EN::Fathom 1.27 / Syllable 0.251 / Sentence 0.33 under perl 5.34
SAP,SAP SE_Earnings Call_2022-10-25T00_00_00_English.docx,2022-10-25,2022,FQ3,2024-01-23,-455,non_event,0,0,0,,prepared_management,2517,131,546,0.2169249106078665,16.362492607520768,0,0,2482,131,572,23.045931,18.946565,16.796998,-0.43450539247923103,-2.5868038591135813,task10_li2008_formula_custom_implementation,Lingua::EN::Fathom 1.27 / Syllable 0.251 / Sentence 0.33 under perl 5.34
SAP,SAP SE_Earnings Call_2022-10-25T00_00_00_English.docx,2022-10-25,2022,FQ3,2024-01-23,-455,non_event,0,0,0,,managerial_qa,4616,265,610,0.1321490467937608,12.253509041561756,0,0,4563,264,669,14.661407,17.284091,12.778199,-0.5246899584382447,-4.106133880355476,task10_li2008_formula_custom_implementation,Lingua::EN::Fathom 1.27 / Syllable 0.251 / Sentence 0.33 under perl 5.34
SAP,SAP SE_Earnings Call_2023-01-26T00_00_00_English.docx,2023-01-26,2022,FQ4,2024-01-23,-362,non_event,0,0,0,,prepared_management,3166,162,565,0.1784586228679722,14.955628865336172,0,0,3120,161,615,19.711538,19.378882,15.636168,-0.6805391346638263,-4.352339618401556,task10_li2008_formula_custom_implementation,Lingua::EN::Fathom 1.27 / Syllable 0.251 / Sentence 0.33 under perl 5.34
SAP,SAP SE_Earnings Call_2023-01-26T00_00_00_English.docx,2023-01-26,2022,FQ4,2024-01-23,-362,non_event,0,0,0,,managerial_qa,4492,236,542,0.1206589492430988,12.439917291757856,0,0,4436,236,574,12.939585,18.79661,12.694478,-0.2545607082421455,-2.005286930601995,task10_li2008_formula_custom_implementation,Lingua::EN::Fathom 1.27 / Syllable 0.251 / Sentence 0.33 under perl 5.34
SAP,SAP SE_Earnings Call_2023-04-21T00_00_00_English.docx,2023-04-21,2023,FQ1,2024-01-23,-277,non_event,0,0,0,,prepared_management,2598,142,522,0.2009237875288683,15.355261360309663,0,0,2556,141,544,21.283255,18.12766,15.764366,-0.4091046396903373,-2.5951226943750054,task10_li2008_formula_custom_implementation,Lingua::EN::Fathom 1.27 / Syllable 0.251 / Sentence 0.33 under perl 5.34
SAP,SAP SE_Earnings Call_2023-04-21T00_00_00_English.docx,2023-04-21,2023,FQ1,2024-01-23,-277,non_event,0,0,0,,managerial_qa,4339,229,534,0.1230698317584697,12.501832571648832,0,0,4302,228,530,12.319851,18.868421,12.475309,0.02652357164883412,0.21260853457685194,task10_li2008_formula_custom_implementation,Lingua::EN::Fathom 1.27 / Syllable 0.251 / Sentence 0.33 under perl 5.34
SAP,SAP SE_Earnings Call_2023-07-20T00_00_00_English.docx,2023-07-20,2023,FQ2,2024-01-23,-187,pre_2,0,0,0,,prepared_management,2622,146,513,0.1956521739130435,15.009648600357355,0,0,2594,146,566,21.819584,17.767123,15.834683,-0.8250343996426448,-5.2102994397970885,task10_li2008_formula_custom_implementation,Lingua::EN::Fathom 1.27 / Syllable 0.251 / Sentence 0.33 under perl 5.34
SAP,SAP SE_Earnings Call_2023-07-20T00_00_00_English.docx,2023-07-20,2023,FQ2,2024-01-23,-187,pre_2,0,0,0,,managerial_qa,2847,151,327,0.1148577449947313,12.136031654093888,0,0,2821,151,343,12.158809,18.682119,12.336371,-0.20033934590611224,-1.623973094730308,task10_li2008_formula_custom_implementation,Lingua::EN::Fathom 1.27 / Syllable 0.251 / Sentence 0.33 under perl 5.34
SAP,SAP SE_Earnings Call_2023-10-18T00_00_00_English.docx,2023-10-18,2023,FQ3,2024-01-23,-97,pre_1,0,0,0,,prepared_management,2392,137,450,0.1881270903010033,14.509025217879552,0,0,2358,137,490,20.780322,17.211679,15.1968,-0.6877747821204476,-4.525786890137711,task10_li2008_formula_custom_implementation,Lingua::EN::Fathom 1.27 / Syllable 0.251 / Sentence 0.33 under perl 5.34
SAP,SAP SE_Earnings Call_2023-10-18T00_00_00_English.docx,2023-10-18,2023,FQ3,2024-01-23,-97,pre_1,0,0,0,,managerial_qa,4661,262,582,0.124865908603304,12.110666878483308,0,0,4605,262,585,12.703583,17.576336,12.111968,-0.0013011215166915946,-0.010742445131060409,task10_li2008_formula_custom_implementation,Lingua::EN::Fathom 1.27 / Syllable 0.251 / Sentence 0.33 under perl 5.34
SAP,SAP SE_Earnings Call_2024-01-24T00_00_00_English.docx,2024-01-24,2023,FQ4,2024-01-23,1,post_1,0,0,0,,prepared_management,3368,187,629,0.1867577197149643,14.674586863464883,0,0,3342,187,676,20.227409,17.871658,15.239627,-0.5650401365351154,-3.707703190735019,task10_li2008_formula_custom_implementation,Lingua::EN::Fathom 1.27 / Syllable 0.251 / Sentence 0.33 under perl 5.34
SAP,SAP SE_Earnings Call_2024-01-24T00_00_00_English.docx,2024-01-24,2023,FQ4,2024-01-23,1,post_1,0,0,0,,managerial_qa,3841,216,519,0.1351210622233793,12.517805451898136,0,0,3820,215,526,13.769634,17.767442,12.61483,-0.09702454810186367,-0.7691308412548062,task10_li2008_formula_custom_implementation,Lingua::EN::Fathom 1.27 / Syllable 0.251 / Sentence 0.33 under perl 5.34
SAP,SAP SE_Earnings Call_2024-04-22T00_00_00_English.docx,2024-04-22,2024,FQ1,2024-01-23,90,post_2,0,0,0,,prepared_management,2773,146,516,0.1860800576992426,15.040462581942313,0,0,2738,145,567,20.708546,18.882759,15.836522,-0.7960594180576894,-5.026731362212545,task10_li2008_formula_custom_implementation,Lingua::EN::Fathom 1.27 / Syllable 0.251 / Sentence 0.33 under perl 5.34
SAP,SAP SE_Earnings Call_2024-04-22T00_00_00_English.docx,2024-04-22,2024,FQ1,2024-01-23,90,post_2,0,0,0,,managerial_qa,5379,277,642,0.1193530395984383,12.541630609208292,0,0,5330,274,677,12.701689,19.452555,12.861697,-0.3200663907917072,-2.4885237989334317,task10_li2008_formula_custom_implementation,Lingua::EN::Fathom 1.27 / Syllable 0.251 / Sentence 0.33 under perl 5.34
SAP,SAP SE_Earnings Call_2024-07-22T00_00_00_English.docx,2024-07-22,2024,FQ2,2024-01-23,181,non_event,0,0,0,,prepared_management,2619,157,505,0.1928216876670485,14.385478971650096,0,0,2589,157,548,21.166474,16.490446,15.062768,-0.6772890283499056,-4.496444666411283,task10_li2008_formula_custom_implementation,Lingua::EN::Fathom 1.27 / Syllable 0.251 / Sentence 0.33 under perl 5.34
SAP,SAP SE_Earnings Call_2024-07-22T00_00_00_English.docx,2024-07-22,2024,FQ2,2024-01-23,181,non_event,0,0,0,,managerial_qa,4738,275,545,0.1150274377374419,11.492733873134044,0,0,4714,270,556,11.794654,17.459259,11.701565,-0.20883112686595773,-1.7846427111754515,task10_li2008_formula_custom_implementation,Lingua::EN::Fathom 1.27 / Syllable 0.251 / Sentence 0.33 under perl 5.34
SAP,SAP SE_Earnings Call_2024-10-21T00_00_00_English.docx,2024-10-21,2024,FQ3,2024-01-23,272,non_event,0,0,0,,prepared_management,2495,149,432,0.1731462925851703,13.623838280588023,0,0,2459,149,461,18.747458,16.503356,14.100326,-0.4764877194119759,-3.379267397164972,task10_li2008_formula_custom_implementation,Lingua::EN::Fathom 1.27 / Syllable 0.251 / Sentence 0.33 under perl 5.34
SAP,SAP SE_Earnings Call_2024-10-21T00_00_00_English.docx,2024-10-21,2024,FQ3,2024-01-23,272,non_event,0,0,0,,managerial_qa,5388,305,617,0.1145137342242019,11.6467788771648,0,0,5342,303,621,11.62486,17.630363,11.702089,-0.05531012283520198,-0.47265170206107626,task10_li2008_formula_custom_implementation,Lingua::EN::Fathom 1.27 / Syllable 0.251 / Sentence 0.33 under perl 5.34
SAP,SAP SE_Earnings Call_2025-01-28T00_00_00_English.docx,2025-01-28,2024,FQ4,2024-01-23,371,non_event,0,0,0,,prepared_management,3637,210,665,0.1828430024745669,14.241339146601726,0,0,3608,208,697,19.318182,17.346154,14.665734,-0.4243948533982742,-2.8937852916074585,task10_li2008_formula_custom_implementation,Lingua::EN::Fathom 1.27 / Syllable 0.251 / Sentence 0.33 under perl 5.34
SAP,SAP SE_Earnings Call_2025-01-28T00_00_00_English.docx,2025-01-28,2024,FQ4,2024-01-23,371,non_event,0,0,0,,managerial_qa,4002,210,475,0.1186906546726636,12.37048332976369,0,0,3979,210,484,12.16386,18.947619,12.444592,-0.07410867023630985,-0.5955090390774551,task10_li2008_formula_custom_implementation,Lingua::EN::Fathom 1.27 / Syllable 0.251 / Sentence 0.33 under perl 5.34
Salesforce,"Salesforce, Inc._Earnings Call_2020-05-28T00_00_00_English.docx",2020-05-28,2021,FQ1,2023-01-04,-951,non_event,0,0,0,,prepared_management,5822,289,1057,0.1815527310202679,15.320240728699993,0,0,5755,285,1104,19.183319,20.192982,15.750521,-0.430280271300008,-2.73184786268345,task10_li2008_formula_custom_implementation,Lingua::EN::Fathom 1.27 / Syllable 0.251 / Sentence 0.33 under perl 5.34
Salesforce,"Salesforce, Inc._Earnings Call_2020-05-28T00_00_00_English.docx",2020-05-28,2021,FQ1,2023-01-04,-951,non_event,0,0,0,,managerial_qa,3588,199,459,0.1279264214046822,12.32911715769483,0,0,3577,199,459,12.831982,17.974874,12.322743,0.006374157694830629,0.05172677621233056,task10_li2008_formula_custom_implementation,Lingua::EN::Fathom 1.27 / Syllable 0.251 / Sentence 0.33 under perl 5.34
Salesforce,"Salesforce, Inc._Earnings Call_2020-08-25T00_00_00_English.docx",2020-08-25,2021,FQ2,2023-01-04,-862,non_event,0,0,0,,prepared_management,2172,110,378,0.1740331491712707,14.859507785032648,0,0,2143,111,380,17.732151,19.306306,14.815383,0.04412478503264694,0.29783087641167927,task10_li2008_formula_custom_implementation,Lingua::EN::Fathom 1.27 / Syllable 0.251 / Sentence 0.33 under perl 5.34
Salesforce,"Salesforce, Inc._Earnings Call_2020-08-25T00_00_00_English.docx",2020-08-25,2021,FQ2,2023-01-04,-862,non_event,0,0,0,,managerial_qa,5692,402,723,0.1270203794799718,10.744496771238676,0,0,5665,399,710,12.533098,14.197995,10.692437,0.05205977123867633,0.4868840586919178,task10_li2008_formula_custom_implementation,Lingua::EN::Fathom 1.27 / Syllable 0.251 / Sentence 0.33 under perl 5.34
Salesforce,"Salesforce, Inc._Earnings Call_2020-12-01T00_00_00_English.docx",2020-12-01,2021,FQ3,2023-01-04,-764,non_event,0,0,0,,prepared_management,5136,299,773,0.150506230529595,12.891152231217246,0,0,5100,300,781,15.313725,17.0,12.92549,-0.03433776878275374,-0.2656593195519376,task10_li2008_formula_custom_implementation,Lingua::EN::Fathom 1.27 / Syllable 0.251 / Sentence 0.33 under perl 5.34
Salesforce,"Salesforce, Inc._Earnings Call_2020-12-01T00_00_00_English.docx",2020-12-01,2021,FQ3,2023-01-04,-764,non_event,0,0,0,,managerial_qa,4121,233,613,0.1487503033244358,13.024690244565416,0,0,4091,231,609,14.886336,17.709957,13.038517,-0.013826755434585891,-0.1060454608034479,task10_li2008_formula_custom_implementation,Lingua::EN::Fathom 1.27 / Syllable 0.251 / Sentence 0.33 under perl 5.34
Salesforce,"Salesforce, Inc._Earnings Call_2021-02-25T00_00_00_English.docx",2021-02-25,2021,FQ4,2023-01-04,-678,non_event,0,0,0,,prepared_management,3787,193,665,0.1756007393715342,14.872734238073804,0,0,3745,193,684,18.264352,19.404145,15.067399,-0.1946647619261963,-1.2919599588900268,task10_li2008_formula_custom_implementation,Lingua::EN::Fathom 1.27 / Syllable 0.251 / Sentence 0.33 under perl 5.34
Salesforce,"Salesforce, Inc._Earnings Call_2021-02-25T00_00_00_English.docx",2021-02-25,2021,FQ4,2023-01-04,-678,non_event,0,0,0,,managerial_qa,3125,178,476,0.15232,13.115271910112362,0,0,3108,180,463,14.89704,17.266667,12.865483,0.24978891011236293,1.9415431982799476,task10_li2008_formula_custom_implementation,Lingua::EN::Fathom 1.27 / Syllable 0.251 / Sentence 0.33 under perl 5.34
Salesforce,"Salesforce, Inc._Earnings Call_2021-05-27T00_00_00_English.docx",2021-05-27,2022,FQ1,2023-01-04,-587,non_event,0,0,0,,prepared_management,4653,301,738,0.1586073500967117,12.527682708187408,0,0,4593,301,773,16.829959,15.259136,12.835638,-0.3079552918125916,-2.399220761855325,task10_li2008_formula_custom_implementation,Lingua::EN::Fathom 1.27 / Syllable 0.251 / Sentence 0.33 under perl 5.34
Salesforce,"Salesforce, Inc._Earnings Call_2021-05-27T00_00_00_English.docx",2021-05-27,2022,FQ1,2023-01-04,-587,non_event,0,0,0,,managerial_qa,3784,226,480,0.1268498942917547,11.771340904413552,0,0,3771,223,465,12.330947,16.910314,11.696504,0.07483690441355328,0.6398228429071908,task10_li2008_formula_custom_implementation,Lingua::EN::Fathom 1.27 / Syllable 0.251 / Sentence 0.33 under perl 5.34
Salesforce,"Salesforce, Inc._Earnings Call_2021-08-25T00_00_00_English.docx",2021-08-25,2022,FQ2,2023-01-04,-497,non_event,0,0,0,,prepared_management,4917,299,847,0.1722595078299776,13.46830673460379,0,0,4871,300,831,17.060152,16.236667,13.318727,0.1495797346037886,1.1230783137441633,task10_li2008_formula_custom_implementation,Lingua::EN::Fathom 1.27 / Syllable 0.251 / Sentence 0.33 under perl 5.34
Salesforce,"Salesforce, Inc._Earnings Call_2021-08-25T00_00_00_English.docx",2021-08-25,2022,FQ2,2023-01-04,-497,non_event,0,0,0,,managerial_qa,3455,232,471,0.1363241678726483,11.409863266630072,0,0,3441,227,476,13.833188,15.15859,11.596711,-0.18684773336992855,-1.611213156643539,task10_li2008_formula_custom_implementation,Lingua::EN::Fathom 1.27 / Syllable 0.251 / Sentence 0.33 under perl 5.34
Salesforce,"Salesforce, Inc._Earnings Call_2021-11-30T00_00_00_English.docx",2021-11-30,2022,FQ3,2023-01-04,-400,non_event,0,0,0,,prepared_management,4939,339,796,0.1611662279813727,12.274377732824233,0,0,4903,347,827,16.867224,14.129683,12.398763,-0.12438526717576792,-1.0032070713487138,task10_li2008_formula_custom_implementation,Lingua::EN::Fathom 1.27 / Syllable 0.251 / Sentence 0.33 under perl 5.34
Salesforce,"Salesforce, Inc._Earnings Call_2021-11-30T00_00_00_English.docx",2021-11-30,2022,FQ3,2023-01-04,-400,non_event,0,0,0,,managerial_qa,3713,220,471,0.1268516024777807,11.824973190020325,0,0,3695,220,451,12.205683,16.795455,11.600455,0.2245181900203228,1.9354257227007285,task10_li2008_formula_custom_implementation,Lingua::EN::Fathom 1.27 / Syllable 0.251 / Sentence 0.33 under perl 5.34
Salesforce,"Salesforce, Inc._Earnings Call_2022-03-01T00_00_00_English.docx",2022-03-01,2022,FQ4,2023-01-04,-309,non_event,0,0,0,,prepared_management,5619,329,897,0.1596369460758142,13.21708878528181,0,0,5564,331,904,16.247304,16.809668,13.222789,-0.005700214718190821,-0.043109019724891784,task10_li2008_formula_custom_implementation,Lingua::EN::Fathom 1.27 / Syllable 0.251 / Sentence 0.33 under perl 5.34
Salesforce,"Salesforce, Inc._Earnings Call_2022-03-01T00_00_00_English.docx",2022-03-01,2022,FQ4,2023-01-04,-309,non_event,0,0,0,,managerial_qa,3301,192,426,0.1290518024840957,12.039155432697164,0,0,3285,195,422,12.846271,16.846154,11.87697,0.16218543269716434,1.3655455280022122,task10_li2008_formula_custom_implementation,Lingua::EN::Fathom 1.27 / Syllable 0.251 / Sentence 0.33 under perl 5.34
Salesforce,"Salesforce, Inc._Earnings Call_2022-05-31T00_00_00_English.docx",2022-05-31,2023,FQ1,2023-01-04,-218,non_event,0,0,0,,prepared_management,4117,218,766,0.1860578090842846,14.99644080373836,0,0,4073,215,772,18.954088,18.944186,15.15931,-0.16286919626164043,-1.0743839677507778,task10_li2008_formula_custom_implementation,Lingua::EN::Fathom 1.27 / Syllable 0.251 / Sentence 0.33 under perl 5.34
Salesforce,"Salesforce, Inc._Earnings Call_2022-05-31T00_00_00_English.docx",2022-05-31,2023,FQ1,2023-01-04,-218,non_event,0,0,0,,managerial_qa,3751,218,561,0.1495601173020528,12.864973499421565,0,0,3739,216,548,14.656325,17.310185,12.786604,0.07836949942156402,0.6129031556898455,task10_li2008_formula_custom_implementation,Lingua::EN::Fathom 1.27 / Syllable 0.251 / Sentence 0.33 under perl 5.34
Salesforce,"Salesforce, Inc._Earnings Call_2022-08-24T00_00_00_English.docx",2022-08-24,2023,FQ2,2023-01-04,-133,pre_2,0,0,0,,prepared_management,3339,190,639,0.1913746630727762,14.684460207121578,0,0,3298,185,638,19.345058,17.827027,14.868834,-0.18437379287842148,-1.240001689967226,task10_li2008_formula_custom_implementation,Lingua::EN::Fathom 1.27 / Syllable 0.251 / Sentence 0.33 under perl 5.34
Salesforce,"Salesforce, Inc._Earnings Call_2022-08-24T00_00_00_English.docx",2022-08-24,2023,FQ2,2023-01-04,-133,pre_2,0,0,0,,managerial_qa,4688,260,649,0.138438566552901,12.749850354423735,0,0,4674,262,652,13.949508,17.839695,12.715681,0.03416935442373514,0.26871824186007137,task10_li2008_formula_custom_implementation,Lingua::EN::Fathom 1.27 / Syllable 0.251 / Sentence 0.33 under perl 5.34
Salesforce,"Salesforce, Inc._Earnings Call_2022-11-30T00_00_00_English.docx",2022-11-30,2023,FQ3,2023-01-04,-35,pre_1,0,0,0,,prepared_management,4871,268,858,0.1761445288441798,14.315930407498536,0,0,4837,267,875,18.089725,18.116105,14.482332,-0.16640159250146347,-1.1489972229711587,task10_li2008_formula_custom_implementation,Lingua::EN::Fathom 1.27 / Syllable 0.251 / Sentence 0.33 under perl 5.34
Salesforce,"Salesforce, Inc._Earnings Call_2022-11-30T00_00_00_English.docx",2022-11-30,2023,FQ3,2023-01-04,-35,pre_1,0,0,0,,managerial_qa,3817,210,442,0.1157977469216662,11.90238606734284,0,0,3810,211,450,11.811024,18.056872,11.947158,-0.0447719326571594,-0.37474964888854234,task10_li2008_formula_custom_implementation,Lingua::EN::Fathom 1.27 / Syllable 0.251 / Sentence 0.33 under perl 5.34
Salesforce,"Salesforce, Inc._Earnings Call_2023-03-01T00_00_00_English.docx",2023-03-01,2023,FQ4,2023-01-04,56,post_1,0,0,0,,prepared_management,4231,223,831,0.1964074686835263,15.445536415502488,0,0,4197,222,864,20.586133,18.905405,15.796615,-0.35107858449751106,-2.2224925054988747,task10_li2008_formula_custom_implementation,Lingua::EN::Fathom 1.27 / Syllable 0.251 / Sentence 0.33 under perl 5.34
Salesforce,"Salesforce, Inc._Earnings Call_2023-03-01T00_00_00_English.docx",2023-03-01,2023,FQ4,2023-01-04,56,post_1,0,0,0,,managerial_qa,3894,246,468,0.1201848998459167,11.139103310909844,0,0,3873,247,454,11.722179,15.680162,10.960936,0.17816731090984383,1.6254753326708944,task10_li2008_formula_custom_implementation,Lingua::EN::Fathom 1.27 / Syllable 0.251 / Sentence 0.33 under perl 5.34
Salesforce,"Salesforce, Inc._Earnings Call_2023-05-31T00_00_00_English.docx",2023-05-31,2024,FQ1,2023-01-04,147,post_2,0,0,0,,prepared_management,3702,201,718,0.1939492166396542,15.125132844690649,0,0,3627,201,735,20.264682,18.044776,15.323783,-0.19865015530935182,-1.2963519211238623,task10_li2008_formula_custom_implementation,Lingua::EN::Fathom 1.27 / Syllable 0.251 / Sentence 0.33 under perl 5.34
Salesforce,"Salesforce, Inc._Earnings Call_2023-05-31T00_00_00_English.docx",2023-05-31,2024,FQ1,2023-01-04,147,post_2,0,0,0,,managerial_qa,5332,288,682,0.127906976744186,12.521834625323,0,0,5288,289,696,13.161876,18.297578,12.583782,-0.06194737467700051,-0.4922794647666378,task10_li2008_formula_custom_implementation,Lingua::EN::Fathom 1.27 / Syllable 0.251 / Sentence 0.33 under perl 5.34
Salesforce,"Salesforce, Inc._Earnings Call_2023-08-30T00_00_00_English.docx",2023-08-30,2024,FQ2,2023-01-04,238,non_event,0,0,0,,prepared_management,5973,331,972,0.1627322953289804,13.727418701376742,0,0,5925,333,982,16.57384,17.792793,13.746653,-0.01923429862325854,-0.13991986720882924,task10_li2008_formula_custom_implementation,Lingua::EN::Fathom 1.27 / Syllable 0.251 / Sentence 0.33 under perl 5.34
Salesforce,"Salesforce, Inc._Earnings Call_2023-08-30T00_00_00_English.docx",2023-08-30,2024,FQ2,2023-01-04,238,non_event,0,0,0,,managerial_qa,3607,176,486,0.1347380094261158,13.587247649771909,0,0,3599,175,465,12.920256,20.565714,13.394388,0.1928596497719095,1.4398541372096247,task10_li2008_formula_custom_implementation,Lingua::EN::Fathom 1.27 / Syllable 0.251 / Sentence 0.33 under perl 5.34
Salesforce,"Salesforce, Inc._Earnings Call_2023-11-29T00_00_00_English.docx",2023-11-29,2024,FQ3,2023-01-04,329,non_event,0,0,0,,prepared_management,4749,304,733,0.1543482838492314,12.422615564495572,0,0,4708,296,728,15.463042,15.905405,12.547379,-0.12476343550442692,-0.9943386224679029,task10_li2008_formula_custom_implementation,Lingua::EN::Fathom 1.27 / Syllable 0.251 / Sentence 0.33 under perl 5.34
Salesforce,"Salesforce, Inc._Earnings Call_2023-11-29T00_00_00_English.docx",2023-11-29,2024,FQ3,2023-01-04,329,non_event,0,0,0,,managerial_qa,4130,248,561,0.1358353510895883,12.09470436616418,0,0,4116,249,556,13.50826,16.53012,12.015352,0.07935236616417995,0.6604248145554117,task10_li2008_formula_custom_implementation,Lingua::EN::Fathom 1.27 / Syllable 0.251 / Sentence 0.33 under perl 5.34
Salesforce,"Salesforce, Inc._Earnings Call_2024-02-28T00_00_00_English.docx",2024-02-28,2024,FQ4,2023-01-04,420,non_event,0,0,0,,prepared_management,7500,440,1174,0.1565333333333333,13.079515151515151,0,0,7466,435,1192,15.965711,17.163218,13.251572,-0.17205684848484637,-1.2983882099787585,task10_li2008_formula_custom_implementation,Lingua::EN::Fathom 1.27 / Syllable 0.251 / Sentence 0.33 under perl 5.34
Salesforce,"Salesforce, Inc._Earnings Call_2024-02-28T00_00_00_English.docx",2024-02-28,2024,FQ4,2023-01-04,420,non_event,0,0,0,,managerial_qa,3840,250,426,0.1109375,10.5815,0,0,3832,247,425,11.090814,15.51417,10.641994,-0.06049400000000027,-0.5684461013603302,task10_li2008_formula_custom_implementation,Lingua::EN::Fathom 1.27 / Syllable 0.251 / Sentence 0.33 under perl 5.34
Shopify,Shopify Inc._Earnings Call_2021-04-28T00_00_00_English.docx,2021-04-28,2021,FQ1,2023-05-04,-736,non_event,0,0,0,,prepared_management,3915,177,715,0.1826309067688378,16.152693897872155,0,0,3859,177,753,19.512827,21.80226,16.526035,-0.37334110212784566,-2.2591087464588187,task10_li2008_formula_custom_implementation,Lingua::EN::Fathom 1.27 / Syllable 0.251 / Sentence 0.33 under perl 5.34
Shopify,Shopify Inc._Earnings Call_2021-04-28T00_00_00_English.docx,2021-04-28,2021,FQ1,2023-05-04,-736,non_event,0,0,0,,managerial_qa,3445,182,466,0.1352685050798258,12.982168774621606,0,0,3414,181,458,13.415349,18.861878,12.910891,0.07127777462160623,0.5520747919071288,task10_li2008_formula_custom_implementation,Lingua::EN::Fathom 1.27 / Syllable 0.251 / Sentence 0.33 under perl 5.34
Shopify,Shopify Inc._Earnings Call_2021-07-28T00_00_00_English.docx,2021-07-28,2021,FQ2,2023-05-04,-645,non_event,0,0,0,,prepared_management,3307,139,607,0.1835500453583308,16.858548576923162,0,0,3237,138,617,19.060859,23.456522,17.006952,-0.14840342307683585,-0.8726044683188138,task10_li2008_formula_custom_implementation,Lingua::EN::Fathom 1.27 / Syllable 0.251 / Sentence 0.33 under perl 5.34
Shopify,Shopify Inc._Earnings Call_2021-07-28T00_00_00_English.docx,2021-07-28,2021,FQ2,2023-05-04,-645,non_event,0,0,0,,managerial_qa,3995,215,536,0.1341677096370463,12.799266525016735,0,0,3958,213,524,13.23901,18.58216,12.728468,0.07079852501673756,0.5562218879502039,task10_li2008_formula_custom_implementation,Lingua::EN::Fathom 1.27 / Syllable 0.251 / Sentence 0.33 under perl 5.34
Shopify,Shopify Inc._Earnings Call_2021-10-28T00_00_00_English.docx,2021-10-28,2021,FQ3,2023-05-04,-553,non_event,0,0,0,,prepared_management,3978,166,745,0.1872800402212167,17.07674377752337,0,0,3893,166,758,19.470845,23.451807,17.169061,-0.09231722247663043,-0.537695232585116,task10_li2008_formula_custom_implementation,Lingua::EN::Fathom 1.27 / Syllable 0.251 / Sentence 0.33 under perl 5.34
Shopify,Shopify Inc._Earnings Call_2021-10-28T00_00_00_English.docx,2021-10-28,2021,FQ3,2023-05-04,-553,non_event,0,0,0,,managerial_qa,3687,191,487,0.1320857065364795,13.004894230045569,0,0,3642,187,450,12.355848,19.475936,12.732714,0.2721802300455689,2.137645046025293,task10_li2008_formula_custom_implementation,Lingua::EN::Fathom 1.27 / Syllable 0.251 / Sentence 0.33 under perl 5.34
Shopify,Shopify Inc._Earnings Call_2022-02-16T00_00_00_English.docx,2022-02-16,2021,FQ4,2023-05-04,-442,non_event,0,0,0,,prepared_management,5313,217,966,0.1818181818181818,17.06627565982405,0,0,5233,217,985,18.822855,24.115207,17.175225,-0.10894934017595048,-0.6343401042836438,task10_li2008_formula_custom_implementation,Lingua::EN::Fathom 1.27 / Syllable 0.251 / Sentence 0.33 under perl 5.34
Shopify,Shopify Inc._Earnings Call_2022-02-16T00_00_00_English.docx,2022-02-16,2021,FQ4,2023-05-04,-442,non_event,0,0,0,,managerial_qa,2067,97,276,0.1335268505079825,13.864785360525488,0,0,2041,97,271,13.277805,21.041237,13.727617,0.13716836052548764,0.9992146526632236,task10_li2008_formula_custom_implementation,Lingua::EN::Fathom 1.27 / Syllable 0.251 / Sentence 0.33 under perl 5.34
Shopify,Shopify Inc._Earnings Call_2022-05-05T00_00_00_English.docx,2022-05-05,2022,FQ1,2023-05-04,-364,non_event,0,0,0,,prepared_management,4110,153,729,0.1773722627737226,17.83998855016459,0,0,4048,152,740,18.280632,26.631579,17.964885,-0.12489644983540771,-0.6952254347044677,task10_li2008_formula_custom_implementation,Lingua::EN::Fathom 1.27 / Syllable 0.251 / Sentence 0.33 under perl 5.34
Shopify,Shopify Inc._Earnings Call_2022-05-05T00_00_00_English.docx,2022-05-05,2022,FQ1,2023-05-04,-364,non_event,0,0,0,,managerial_qa,4069,228,530,0.1302531334480216,12.348721829148936,0,0,4043,222,496,12.268118,18.211712,12.191932,0.15678982914893602,1.2860129891549266,task10_li2008_formula_custom_implementation,Lingua::EN::Fathom 1.27 / Syllable 0.251 / Sentence 0.33 under perl 5.34
Shopify,Shopify Inc._Earnings Call_2022-07-27T00_00_00_English.docx,2022-07-27,2022,FQ2,2023-05-04,-281,non_event,0,0,0,,prepared_management,4896,206,958,0.1956699346405228,17.33359350212577,0,0,4784,205,963,20.129599,23.336585,17.386474,-0.05288049787423077,-0.30414733817926953,task10_li2008_formula_custom_implementation,Lingua::EN::Fathom 1.27 / Syllable 0.251 / Sentence 0.33 under perl 5.34
Shopify,Shopify Inc._Earnings Call_2022-07-27T00_00_00_English.docx,2022-07-27,2022,FQ2,2023-05-04,-281,non_event,0,0,0,,managerial_qa,2731,165,356,0.1303551812522885,11.834813310697603,0,0,2704,161,346,12.795858,16.795031,11.836356,-0.0015426893023970933,-0.013033481777644178,task10_li2008_formula_custom_implementation,Lingua::EN::Fathom 1.27 / Syllable 0.251 / Sentence 0.33 under perl 5.34
Shopify,Shopify Inc._Earnings Call_2022-10-27T00_00_00_English.docx,2022-10-27,2022,FQ3,2023-05-04,-189,pre_2,0,0,0,,prepared_management,5254,239,1067,0.203083365055196,16.916640041538386,0,0,5154,234,1082,20.993403,22.025641,17.207618,-0.2909779584616139,-1.690983368305909,task10_li2008_formula_custom_implementation,Lingua::EN::Fathom 1.27 / Syllable 0.251 / Sentence 0.33 under perl 5.34
Shopify,Shopify Inc._Earnings Call_2022-10-27T00_00_00_English.docx,2022-10-27,2022,FQ3,2023-05-04,-189,pre_2,0,0,0,,managerial_qa,3427,184,466,0.1359789903705865,12.889159614823464,0,0,3393,182,456,13.439434,18.642857,12.832917,0.05624261482346249,0.4382683595901266,task10_li2008_formula_custom_implementation,Lingua::EN::Fathom 1.27 / Syllable 0.251 / Sentence 0.33 under perl 5.34
Shopify,Shopify Inc._Earnings Call_2023-02-15T00_00_00_English.docx,2023-02-15,2022,FQ4,2023-05-04,-78,pre_1,0,0,0,,prepared_management,4964,224,944,0.1901692183722804,16.471054449176933,0,0,4865,224,957,19.67112,21.71875,16.555948,-0.08489355082306815,-0.5127676821832743,task10_li2008_formula_custom_implementation,Lingua::EN::Fathom 1.27 / Syllable 0.251 / Sentence 0.33 under perl 5.34
Shopify,Shopify Inc._Earnings Call_2023-02-15T00_00_00_English.docx,2023-02-15,2022,FQ4,2023-05-04,-78,pre_1,0,0,0,,managerial_qa,3179,172,367,0.1154451085246933,12.010827596801686,0,0,3153,169,368,11.671424,18.656805,12.131292,-0.12046440319831397,-0.9930055528983556,task10_li2008_formula_custom_implementation,Lingua::EN::Fathom 1.27 / Syllable 0.251 / Sentence 0.33 under perl 5.34
Shopify,Shopify Inc._Earnings Call_2023-05-04T00_00_00_English.docx,2023-05-04,2023,FQ1,2023-05-04,0,same_day,1,0,0,,prepared_management,4421,197,850,0.1922641936213526,16.667217491047,0,0,4349,197,872,20.050586,22.076142,16.850691,-0.18347350895299996,-1.088818903349423,task10_li2008_formula_custom_implementation,Lingua::EN::Fathom 1.27 / Syllable 0.251 / Sentence 0.33 under perl 5.34
Shopify,Shopify Inc._Earnings Call_2023-05-04T00_00_00_English.docx,2023-05-04,2023,FQ1,2023-05-04,0,same_day,1,0,0,,managerial_qa,3793,211,441,0.116266807276562,11.8411936180767,0,0,3759,212,461,12.2639,17.731132,11.998013,-0.1568193819232988,-1.3070446074970814,task10_li2008_formula_custom_implementation,Lingua::EN::Fathom 1.27 / Syllable 0.251 / Sentence 0.33 under perl 5.34
Shopify,Shopify Inc._Earnings Call_2023-08-02T00_00_00_English.docx,2023-08-02,2023,FQ2,2023-05-04,90,post_1,0,0,0,,prepared_management,5350,226,1002,0.1872897196261682,16.960615333719296,0,0,5234,226,1058,20.213985,23.159292,17.349311,-0.38869566628070373,-2.240409813857759,task10_li2008_formula_custom_implementation,Lingua::EN::Fathom 1.27 / Syllable 0.251 / Sentence 0.33 under perl 5.34
Shopify,Shopify Inc._Earnings Call_2023-08-02T00_00_00_English.docx,2023-08-02,2023,FQ2,2023-05-04,90,post_1,0,0,0,,managerial_qa,2913,160,360,0.1235839340885684,12.22585736354274,0,0,2891,159,378,13.075061,18.18239,12.50298,-0.27712263645726054,-2.216452689336946,task10_li2008_formula_custom_implementation,Lingua::EN::Fathom 1.27 / Syllable 0.251 / Sentence 0.33 under perl 5.34
Shopify,Shopify Inc._Earnings Call_2023-11-02T00_00_00_English.docx,2023-11-02,2023,FQ3,2023-05-04,182,post_2,0,0,0,,prepared_management,5159,219,937,0.1816243458034502,16.687804882366322,0,0,5052,219,965,19.101346,23.068493,16.867936,-0.18013111763367817,-1.0678906870033071,task10_li2008_formula_custom_implementation,Lingua::EN::Fathom 1.27 / Syllable 0.251 / Sentence 0.33 under perl 5.34
Shopify,Shopify Inc._Earnings Call_2023-11-02T00_00_00_English.docx,2023-11-02,2023,FQ3,2023-05-04,182,post_2,0,0,0,,managerial_qa,3891,237,496,0.127473657157543,11.66603489389666,0,0,3857,234,472,12.23749,16.482906,11.488159,0.17787589389666003,1.5483411562867475,task10_li2008_formula_custom_implementation,Lingua::EN::Fathom 1.27 / Syllable 0.251 / Sentence 0.33 under perl 5.34
Shopify,Shopify Inc._Earnings Call_2024-02-13T00_00_00_English.docx,2024-02-13,2023,FQ4,2023-05-04,285,non_event,0,0,0,,prepared_management,6129,264,1093,0.178332517539566,16.419664337946276,0,0,6012,264,1091,18.147039,22.772727,16.367907,0.05175733794627746,0.31621231686053364,task10_li2008_formula_custom_implementation,Lingua::EN::Fathom 1.27 / Syllable 0.251 / Sentence 0.33 under perl 5.34
Shopify,Shopify Inc._Earnings Call_2024-02-13T00_00_00_English.docx,2024-02-13,2023,FQ4,2023-05-04,285,non_event,0,0,0,,managerial_qa,3717,203,408,0.1097659402744148,11.714775542011076,0,0,3681,200,411,11.165444,18.405,11.828178,-0.11340245798892212,-0.9587483210763494,task10_li2008_formula_custom_implementation,Lingua::EN::Fathom 1.27 / Syllable 0.251 / Sentence 0.33 under perl 5.34
Shopify,Shopify Inc._Earnings Call_2024-05-08T00_00_00_English.docx,2024-05-08,2024,FQ1,2023-05-04,370,non_event,0,0,0,,prepared_management,5540,258,1008,0.1819494584837545,15.867125626171884,0,0,5406,258,1030,19.052904,20.953488,16.002557,-0.13543137382811565,-0.8463108353753445,task10_li2008_formula_custom_implementation,Lingua::EN::Fathom 1.27 / Syllable 0.251 / Sentence 0.33 under perl 5.34
Shopify,Shopify Inc._Earnings Call_2024-05-08T00_00_00_English.docx,2024-05-08,2024,FQ1,2023-05-04,370,non_event,0,0,0,,managerial_qa,3567,224,391,0.1096159237454443,10.754279806960632,0,0,3514,221,400,11.383039,15.900452,10.913397,-0.15911719303936778,-1.4579987609666154,task10_li2008_formula_custom_implementation,Lingua::EN::Fathom 1.27 / Syllable 0.251 / Sentence 0.33 under perl 5.34
Shopify,Shopify Inc._Earnings Call_2024-08-07T00_00_00_English.docx,2024-08-07,2024,FQ2,2023-05-04,461,non_event,0,0,0,,prepared_management,4977,234,883,0.1774161141249748,15.604336872691304,0,0,4847,230,881,18.176191,21.073913,15.700042,-0.09570512730869574,-0.6095851674071683,task10_li2008_formula_custom_implementation,Lingua::EN::Fathom 1.27 / Syllable 0.251 / Sentence 0.33 under perl 5.34
Shopify,Shopify Inc._Earnings Call_2024-08-07T00_00_00_English.docx,2024-08-07,2024,FQ2,2023-05-04,461,non_event,0,0,0,,managerial_qa,3893,205,427,0.1096840482918058,11.983459492647844,0,0,3861,205,426,11.033411,18.834146,11.947023,0.03643649264784443,0.3049838662555888,task10_li2008_formula_custom_implementation,Lingua::EN::Fathom 1.27 / Syllable 0.251 / Sentence 0.33 under perl 5.34
Shopify,Shopify Inc._Earnings Call_2024-11-12T00_00_00_English.docx,2024-11-12,2024,FQ3,2023-05-04,558,non_event,0,0,0,,prepared_management,4544,233,806,0.1773767605633802,14.895928791633924,0,0,4444,233,799,17.979298,19.072961,14.820904,0.07502479163392373,0.5062092813901482,task10_li2008_formula_custom_implementation,Lingua::EN::Fathom 1.27 / Syllable 0.251 / Sentence 0.33 under perl 5.34
Shopify,Shopify Inc._Earnings Call_2024-11-12T00_00_00_English.docx,2024-11-12,2024,FQ3,2023-05-04,558,non_event,0,0,0,,managerial_qa,4821,241,585,0.1213441194772868,12.855424530128818,0,0,4781,240,570,11.922192,19.920833,12.73721,0.1182145301288191,0.9281038008230932,task10_li2008_formula_custom_implementation,Lingua::EN::Fathom 1.27 / Syllable 0.251 / Sentence 0.33 under perl 5.34
Shopify,Shopify Inc._Earnings Call_2025-02-11T00_00_00_English.docx,2025-02-11,2024,FQ4,2023-05-04,649,non_event,0,0,0,,prepared_management,5436,275,916,0.1685062545989698,14.647159274867889,0,0,5295,275,932,17.601511,19.254545,14.742423,-0.09526372513211356,-0.646187706946908,task10_li2008_formula_custom_implementation,Lingua::EN::Fathom 1.27 / Syllable 0.251 / Sentence 0.33 under perl 5.34
Shopify,Shopify Inc._Earnings Call_2025-02-11T00_00_00_English.docx,2025-02-11,2024,FQ4,2023-05-04,649,non_event,0,0,0,,managerial_qa,3794,199,474,0.1249341064839219,12.623494912623212,0,0,3758,197,468,12.453433,19.076142,12.61183,0.011664912623212231,0.09249183205936198,task10_li2008_formula_custom_implementation,Lingua::EN::Fathom 1.27 / Syllable 0.251 / Sentence 0.33 under perl 5.34
Snap,Snap Inc._Earnings Call_2021-04-22T00_00_00_English.docx,2021-04-22,2021,FQ1,2022-08-31,-496,non_event,0,0,0,,prepared_management,4888,183,997,0.2039689034369885,18.842909142944023,0,0,4825,183,964,19.979275,26.36612,18.538158,0.30475114294402417,1.643912749821337,task10_li2008_formula_custom_implementation,Lingua::EN::Fathom 1.27 / Syllable 0.251 / Sentence 0.33 under perl 5.34
Snap,Snap Inc._Earnings Call_2021-04-22T00_00_00_English.docx,2021-04-22,2021,FQ1,2022-08-31,-496,non_event,0,0,0,,managerial_qa,3920,191,609,0.1553571428571428,14.423709798055349,0,0,3902,191,550,14.095336,20.429319,13.809862,0.6138477980553478,4.4449958881221825,task10_li2008_formula_custom_implementation,Lingua::EN::Fathom 1.27 / Syllable 0.251 / Sentence 0.33 under perl 5.34
Snap,Snap Inc._Earnings Call_2021-07-22T00_00_00_English.docx,2021-07-22,2021,FQ2,2022-08-31,-405,non_event,0,0,0,,prepared_management,5524,197,1085,0.196415640839971,19.072869288421177,0,0,5469,195,1067,19.509965,28.046154,19.022448,0.05042128842117677,0.2650620383936745,task10_li2008_formula_custom_implementation,Lingua::EN::Fathom 1.27 / Syllable 0.251 / Sentence 0.33 under perl 5.34
Snap,Snap Inc._Earnings Call_2021-07-22T00_00_00_English.docx,2021-07-22,2021,FQ2,2022-08-31,-405,non_event,0,0,0,,managerial_qa,3577,173,550,0.1537601341906625,14.420925598840377,0,0,3563,171,488,13.696323,20.836257,13.813032,0.6078935988403771,4.4008701264166845,task10_li2008_formula_custom_implementation,Lingua::EN::Fathom 1.27 / Syllable 0.251 / Sentence 0.33 under perl 5.34
Snap,Snap Inc._Earnings Call_2021-10-21T00_00_00_English.docx,2021-10-21,2021,FQ3,2022-08-31,-314,non_event,0,0,0,,prepared_management,5408,198,1120,0.2071005917159763,19.20927619389158,0,0,5353,197,1121,20.941528,27.172589,19.245647,-0.03637080610842247,-0.188981986983459,task10_li2008_formula_custom_implementation,Lingua::EN::Fathom 1.27 / Syllable 0.251 / Sentence 0.33 under perl 5.34
Snap,Snap Inc._Earnings Call_2021-10-21T00_00_00_English.docx,2021-10-21,2021,FQ3,2022-08-31,-314,non_event,0,0,0,,managerial_qa,3600,175,570,0.1583333333333333,14.561904761904763,0,0,3583,175,554,15.461903,20.474286,14.374476,0.18742876190476387,1.3038997867105826,task10_li2008_formula_custom_implementation,Lingua::EN::Fathom 1.27 / Syllable 0.251 / Sentence 0.33 under perl 5.34
Snap,Snap Inc._Earnings Call_2022-02-03T00_00_00_English.docx,2022-02-03,2021,FQ4,2022-08-31,-209,non_event,0,0,0,,prepared_management,5393,223,1116,0.206934915631374,17.95093922615182,0,0,5331,223,1084,20.333896,23.90583,17.69589,0.25504922615182224,1.441290752552272,task10_li2008_formula_custom_implementation,Lingua::EN::Fathom 1.27 / Syllable 0.251 / Sentence 0.33 under perl 5.34
Snap,Snap Inc._Earnings Call_2022-02-03T00_00_00_English.docx,2022-02-03,2021,FQ4,2022-08-31,-209,non_event,0,0,0,,managerial_qa,3970,167,660,0.1662468513853904,16.15885609134376,0,0,3949,166,635,16.08002,23.789157,15.947671,0.2111850913437614,1.3242378234650152,task10_li2008_formula_custom_implementation,Lingua::EN::Fathom 1.27 / Syllable 0.251 / Sentence 0.33 under perl 5.34
Snap,Snap Inc._Earnings Call_2022-04-21T00_00_00_English.docx,2022-04-21,2022,FQ1,2022-08-31,-132,pre_2,0,0,0,,prepared_management,5126,201,1139,0.222200546234881,19.089016874270865,0,0,5068,201,1120,22.099448,25.21393,18.925351,0.16366587427086543,0.8647970347861207,task10_li2008_formula_custom_implementation,Lingua::EN::Fathom 1.27 / Syllable 0.251 / Sentence 0.33 under perl 5.34
Snap,Snap Inc._Earnings Call_2022-04-21T00_00_00_English.docx,2022-04-21,2022,FQ1,2022-08-31,-132,pre_2,0,0,0,,managerial_qa,3274,161,496,0.1514966401954795,14.194027098502412,0,0,3256,161,488,14.987715,20.223602,14.084527,0.10950009850241216,0.7774495977210464,task10_li2008_formula_custom_implementation,Lingua::EN::Fathom 1.27 / Syllable 0.251 / Sentence 0.33 under perl 5.34
Snap,Snap Inc._Earnings Call_2022-07-21T00_00_00_English.docx,2022-07-21,2022,FQ2,2022-08-31,-41,pre_1,0,0,0,,prepared_management,269,14,46,0.1710037174721189,14.525862984599044,0,0,267,14,53,19.850187,19.071429,15.568646,-1.0427830154009552,-6.6979685670864075,task10_li2008_formula_custom_implementation,Lingua::EN::Fathom 1.27 / Syllable 0.251 / Sentence 0.33 under perl 5.34
Snap,Snap Inc._Earnings Call_2022-07-21T00_00_00_English.docx,2022-07-21,2022,FQ2,2022-08-31,-41,pre_1,0,0,0,,managerial_qa,4395,191,689,0.1567690557451649,15.47495071148199,0,0,4389,191,690,15.721121,22.979058,15.480071,-0.005120288518011051,-0.03307664750381992,task10_li2008_formula_custom_implementation,Lingua::EN::Fathom 1.27 / Syllable 0.251 / Sentence 0.33 under perl 5.34
Snap,Snap Inc._Earnings Call_2022-10-20T00_00_00_English.docx,2022-10-20,2022,FQ3,2022-08-31,50,post_1,0,0,0,,prepared_management,1085,48,251,0.2313364055299539,18.295122887864824,0,0,1081,48,267,24.699352,22.520833,18.888074,-0.5929511121351752,-3.139288379191945,task10_li2008_formula_custom_implementation,Lingua::EN::Fathom 1.27 / Syllable 0.251 / Sentence 0.33 under perl 5.34
Snap,Snap Inc._Earnings Call_2022-10-20T00_00_00_English.docx,2022-10-20,2022,FQ3,2022-08-31,50,post_1,0,0,0,,managerial_qa,3221,144,501,0.1555417572182552,15.16889251095243,0,0,3204,143,486,15.168539,22.405594,15.029653,0.13923951095243048,0.9264319738614756,task10_li2008_formula_custom_implementation,Lingua::EN::Fathom 1.27 / Syllable 0.251 / Sentence 0.33 under perl 5.34
Snap,Snap Inc._Earnings Call_2023-01-31T00_00_00_English.docx,2023-01-31,2022,FQ4,2022-08-31,153,post_2,0,0,0,,prepared_management,773,34,179,0.2315653298835705,18.35673084240164,0,0,769,34,195,25.357607,22.617647,19.190102,-0.8333711575983571,-4.342713538460385,task10_li2008_formula_custom_implementation,Lingua::EN::Fathom 1.27 / Syllable 0.251 / Sentence 0.33 under perl 5.34
Snap,Snap Inc._Earnings Call_2023-01-31T00_00_00_English.docx,2023-01-31,2022,FQ4,2022-08-31,153,post_2,0,0,0,,managerial_qa,3358,157,483,0.1438356164383561,14.3088386702731,0,0,3327,157,446,13.40547,21.191083,13.838621,0.47021767027309913,3.3978650782697146,task10_li2008_formula_custom_implementation,Lingua::EN::Fathom 1.27 / Syllable 0.251 / Sentence 0.33 under perl 5.34
Snap,Snap Inc._Earnings Call_2023-04-27T00_00_00_English.docx,2023-04-27,2023,FQ1,2022-08-31,239,non_event,0,0,0,,prepared_management,1005,40,202,0.2009950248756219,18.089800995024877,0,0,995,40,212,21.306533,24.875,18.472613,-0.382812004975122,-2.0723219014826006,task10_li2008_formula_custom_implementation,Lingua::EN::Fathom 1.27 / Syllable 0.251 / Sentence 0.33 under perl 5.34
Snap,Snap Inc._Earnings Call_2023-04-27T00_00_00_English.docx,2023-04-27,2023,FQ1,2022-08-31,239,non_event,0,0,0,,managerial_qa,3002,133,455,0.1515656229180546,15.091196345293618,0,0,2981,133,433,14.525327,22.413534,14.775544,0.31565234529361774,2.136316235081549,task10_li2008_formula_custom_implementation,Lingua::EN::Fathom 1.27 / Syllable 0.251 / Sentence 0.33 under perl 5.34
Snap,Snap Inc._Earnings Call_2023-07-25T00_00_00_English.docx,2023-07-25,2023,FQ2,2022-08-31,328,non_event,0,0,0,,prepared_management,855,33,183,0.2140350877192982,18.925039872408295,0,0,847,33,196,23.140496,25.666667,19.522865,-0.5978251275917046,-3.062179283582121,task10_li2008_formula_custom_implementation,Lingua::EN::Fathom 1.27 / Syllable 0.251 / Sentence 0.33 under perl 5.34
Snap,Snap Inc._Earnings Call_2023-07-25T00_00_00_English.docx,2023-07-25,2023,FQ2,2022-08-31,328,non_event,0,0,0,,managerial_qa,4068,178,613,0.1506882989183874,15.169104990443362,0,0,4039,176,601,14.879921,22.948864,15.131514,0.03759099044336267,0.24842848140220913,task10_li2008_formula_custom_implementation,Lingua::EN::Fathom 1.27 / Syllable 0.251 / Sentence 0.33 under perl 5.34
Snap,Snap Inc._Earnings Call_2023-10-24T00_00_00_English.docx,2023-10-24,2023,FQ3,2022-08-31,419,non_event,0,0,0,,prepared_management,706,31,133,0.188385269121813,16.645088184227358,0,0,700,31,142,20.285714,22.580645,17.146544,-0.5014558157726405,-2.924529956431107,task10_li2008_formula_custom_implementation,Lingua::EN::Fathom 1.27 / Syllable 0.251 / Sentence 0.33 under perl 5.34
Snap,Snap Inc._Earnings Call_2023-10-24T00_00_00_English.docx,2023-10-24,2023,FQ3,2022-08-31,419,non_event,0,0,0,,managerial_qa,3128,152,388,0.1240409207161125,13.19321577601292,0,0,3098,152,351,11.32989,20.381579,12.684588,0.5086277760129203,4.00980919532365,task10_li2008_formula_custom_implementation,Lingua::EN::Fathom 1.27 / Syllable 0.251 / Sentence 0.33 under perl 5.34
Snap,Snap Inc._Earnings Call_2024-02-06T00_00_00_English.docx,2024-02-06,2023,FQ4,2022-08-31,524,non_event,0,0,0,,prepared_management,709,31,139,0.1960507757404795,16.990418126393376,0,0,700,31,149,21.285714,22.580645,17.546544,-0.556125873606625,-3.1694325310250555,task10_li2008_formula_custom_implementation,Lingua::EN::Fathom 1.27 / Syllable 0.251 / Sentence 0.33 under perl 5.34
Snap,Snap Inc._Earnings Call_2024-02-06T00_00_00_English.docx,2024-02-06,2023,FQ4,2022-08-31,524,non_event,0,0,0,,managerial_qa,2703,133,367,0.1357750647428783,13.560325897985807,0,0,2673,133,330,12.345679,20.097744,12.977369,0.5829568979858095,4.492103892443912,task10_li2008_formula_custom_implementation,Lingua::EN::Fathom 1.27 / Syllable 0.251 / Sentence 0.33 under perl 5.34
Snap,Snap Inc._Earnings Call_2024-04-25T00_00_00_English.docx,2024-04-25,2024,FQ1,2022-08-31,603,non_event,0,0,0,,prepared_management,2647,112,558,0.2108046845485455,17.88575881051325,0,0,2580,112,565,21.899225,23.035714,17.973976,-0.08821718948675183,-0.49080509224420815,task10_li2008_formula_custom_implementation,Lingua::EN::Fathom 1.27 / Syllable 0.251 / Sentence 0.33 under perl 5.34
Snap,Snap Inc._Earnings Call_2024-04-25T00_00_00_English.docx,2024-04-25,2024,FQ1,2022-08-31,603,non_event,0,0,0,,managerial_qa,2925,139,406,0.1388034188034188,13.969402939187114,0,0,2886,138,377,13.063063,20.913043,13.590443,0.3789599391871139,2.788429627990154,task10_li2008_formula_custom_implementation,Lingua::EN::Fathom 1.27 / Syllable 0.251 / Sentence 0.33 under perl 5.34
Snap,Snap Inc._Earnings Call_2024-08-01T00_00_00_English.docx,2024-08-01,2024,FQ2,2022-08-31,701,non_event,0,0,0,,prepared_management,3532,142,784,0.2219705549263873,18.82811797170338,0,0,3440,142,771,22.412791,24.225352,18.655257,0.17286097170338266,0.9266072920002264,task10_li2008_formula_custom_implementation,Lingua::EN::Fathom 1.27 / Syllable 0.251 / Sentence 0.33 under perl 5.34
Snap,Snap Inc._Earnings Call_2024-08-01T00_00_00_English.docx,2024-08-01,2024,FQ2,2022-08-31,701,non_event,0,0,0,,managerial_qa,3601,149,498,0.1382949180783115,15.198910817092196,0,0,3552,149,473,13.316441,23.838926,14.862147,0.33676381709219605,2.265916338280035,task10_li2008_formula_custom_implementation,Lingua::EN::Fathom 1.27 / Syllable 0.251 / Sentence 0.33 under perl 5.34
Snap,Snap Inc._Earnings Call_2024-10-29T00_00_00_English.docx,2024-10-29,2024,FQ3,2022-08-31,790,non_event,0,0,0,,prepared_management,3555,146,762,0.2143459915611814,18.31356568984452,0,0,3470,146,743,21.412104,23.767123,18.071691,0.24187468984451854,1.3384175827514897,task10_li2008_formula_custom_implementation,Lingua::EN::Fathom 1.27 / Syllable 0.251 / Sentence 0.33 under perl 5.34
Snap,Snap Inc._Earnings Call_2024-10-29T00_00_00_English.docx,2024-10-29,2024,FQ3,2022-08-31,790,non_event,0,0,0,,managerial_qa,2334,110,352,0.1508140531276778,14.519834852379844,0,0,2323,109,323,13.904434,21.311927,14.086544,0.43329085237984266,3.075920200013876,task10_li2008_formula_custom_implementation,Lingua::EN::Fathom 1.27 / Syllable 0.251 / Sentence 0.33 under perl 5.34
Snap,Snap Inc._Earnings Call_2025-02-04T00_00_00_English.docx,2025-02-04,2024,FQ4,2022-08-31,888,non_event,0,0,0,,prepared_management,3740,152,818,0.2187165775401069,18.590768364762173,0,0,3667,152,832,22.688846,24.125,18.725539,-0.13477063523782817,-0.7197156527127372,task10_li2008_formula_custom_implementation,Lingua::EN::Fathom 1.27 / Syllable 0.251 / Sentence 0.33 under perl 5.34
Snap,Snap Inc._Earnings Call_2025-02-04T00_00_00_English.docx,2025-02-04,2024,FQ4,2022-08-31,888,non_event,0,0,0,,managerial_qa,2480,108,341,0.1375,14.685185185185183,0,0,2454,108,323,13.162184,22.722222,14.353763,0.3314221851851844,2.3089567884406645,task10_li2008_formula_custom_implementation,Lingua::EN::Fathom 1.27 / Syllable 0.251 / Sentence 0.33 under perl 5.34
Spotify,Spotify Technology S.A._Earnings Call_2021-04-28T00_00_00_English.docx,2021-04-28,2021,FQ1,2023-12-04,-950,non_event,0,0,0,,prepared_management,1485,72,237,0.1595959595959596,14.633838383838384,0,0,1473,73,242,16.429056,20.178082,14.642855,-0.009016616161616753,-0.06157689987107536,task10_li2008_formula_custom_implementation,Lingua::EN::Fathom 1.27 / Syllable 0.251 / Sentence 0.33 under perl 5.34
Spotify,Spotify Technology S.A._Earnings Call_2021-04-28T00_00_00_English.docx,2021-04-28,2021,FQ1,2023-12-04,-950,non_event,0,0,0,,managerial_qa,4443,234,564,0.1269412559081701,12.6725220311986,0,0,4434,233,504,11.366712,19.030043,12.158702,0.5138200311986001,4.225944769421934,task10_li2008_formula_custom_implementation,Lingua::EN::Fathom 1.27 / Syllable 0.251 / Sentence 0.33 under perl 5.34
Spotify,Spotify Technology S.A._Earnings Call_2021-07-28T00_00_00_English.docx,2021-07-28,2021,FQ2,2023-12-04,-859,non_event,0,0,0,,prepared_management,1081,56,169,0.156336725254394,13.974897581604331,0,0,1070,57,168,15.700935,18.77193,13.789146,0.18575158160433247,1.3470854656577895,task10_li2008_formula_custom_implementation,Lingua::EN::Fathom 1.27 / Syllable 0.251 / Sentence 0.33 under perl 5.34
Spotify,Spotify Technology S.A._Earnings Call_2021-07-28T00_00_00_English.docx,2021-07-28,2021,FQ2,2023-12-04,-859,non_event,0,0,0,,managerial_qa,5707,286,702,0.123006833712984,12.902091530337543,0,0,5683,286,664,11.68397,19.870629,12.62184,0.2802515303375426,2.2203698536627194,task10_li2008_formula_custom_implementation,Lingua::EN::Fathom 1.27 / Syllable 0.251 / Sentence 0.33 under perl 5.34
Spotify,Spotify Technology S.A._Earnings Call_2021-10-27T00_00_00_English.docx,2021-10-27,2021,FQ3,2023-12-04,-768,non_event,0,0,0,,prepared_management,1262,67,204,0.161648177496038,14.00025545805048,0,0,1250,68,207,16.56,18.382353,13.976941,0.023314458050478493,0.1668065855789081,task10_li2008_formula_custom_implementation,Lingua::EN::Fathom 1.27 / Syllable 0.251 / Sentence 0.33 under perl 5.34
Spotify,Spotify Technology S.A._Earnings Call_2021-10-27T00_00_00_English.docx,2021-10-27,2021,FQ3,2023-12-04,-768,non_event,0,0,0,,managerial_qa,4876,278,583,0.1195652173913043,11.79843603378167,0,0,4856,275,550,11.326194,17.658182,11.59375,0.2046860337816696,1.7654860056639967,task10_li2008_formula_custom_implementation,Lingua::EN::Fathom 1.27 / Syllable 0.251 / Sentence 0.33 under perl 5.34
Spotify,Spotify Technology S.A._Earnings Call_2022-02-02T00_00_00_English.docx,2022-02-02,2021,FQ4,2023-12-04,-670,non_event,0,0,0,,prepared_management,1872,98,304,0.1623931623931624,14.13654282225711,0,0,1849,99,304,16.44132,18.676768,14.047235,0.0893078222571102,0.6357679803684512,task10_li2008_formula_custom_implementation,Lingua::EN::Fathom 1.27 / Syllable 0.251 / Sentence 0.33 under perl 5.34
Spotify,Spotify Technology S.A._Earnings Call_2022-02-02T00_00_00_English.docx,2022-02-02,2021,FQ4,2023-12-04,-670,non_event,0,0,0,,managerial_qa,5472,308,679,0.1240862573099415,12.069943798891169,0,0,5434,301,629,11.575267,18.053156,11.851369,0.2185747988911686,1.8443000035790684,task10_li2008_formula_custom_implementation,Lingua::EN::Fathom 1.27 / Syllable 0.251 / Sentence 0.33 under perl 5.34
Spotify,Spotify Technology S.A._Earnings Call_2022-04-27T00_00_00_English.docx,2022-04-27,2022,FQ1,2023-12-04,-586,non_event,0,0,0,,prepared_management,1759,87,273,0.1552018192154633,14.295429090457615,0,0,1730,87,290,16.763006,19.885057,14.659225,-0.36379590954238417,-2.481685829519529,task10_li2008_formula_custom_implementation,Lingua::EN::Fathom 1.27 / Syllable 0.251 / Sentence 0.33 under perl 5.34
Spotify,Spotify Technology S.A._Earnings Call_2022-04-27T00_00_00_English.docx,2022-04-27,2022,FQ1,2023-12-04,-586,non_event,0,0,0,,managerial_qa,5023,292,567,0.1128807485566394,11.3960518600738,0,0,4985,287,552,11.07322,17.369338,11.377023,0.019028860073799336,0.1672569359647013,task10_li2008_formula_custom_implementation,Lingua::EN::Fathom 1.27 / Syllable 0.251 / Sentence 0.33 under perl 5.34
Spotify,Spotify Technology S.A._Earnings Call_2022-07-27T00_00_00_English.docx,2022-07-27,2022,FQ2,2023-12-04,-495,non_event,0,0,0,,prepared_management,1526,80,246,0.1612057667103538,14.078230668414154,0,0,1507,80,259,17.186463,18.8375,14.409585,-0.33135433158584604,-2.299541115069213,task10_li2008_formula_custom_implementation,Lingua::EN::Fathom 1.27 / Syllable 0.251 / Sentence 0.33 under perl 5.34
Spotify,Spotify Technology S.A._Earnings Call_2022-07-27T00_00_00_English.docx,2022-07-27,2022,FQ2,2023-12-04,-495,non_event,0,0,0,,managerial_qa,4811,282,580,0.1205570567449594,11.646395744975685,0,0,4778,279,592,12.390121,17.125448,11.806228,-0.15983225502431608,-1.3537961068032573,task10_li2008_formula_custom_implementation,Lingua::EN::Fathom 1.27 / Syllable 0.251 / Sentence 0.33 under perl 5.34
Spotify,Spotify Technology S.A._Earnings Call_2022-10-25T00_00_00_English.docx,2022-10-25,2022,FQ3,2023-12-04,-405,non_event,0,0,0,,prepared_management,2051,112,303,0.1477328132618235,13.23431253047294,0,0,2027,113,322,15.885545,17.938053,13.529439,-0.2951264695270588,-2.181365166190991,task10_li2008_formula_custom_implementation,Lingua::EN::Fathom 1.27 / Syllable 0.251 / Sentence 0.33 under perl 5.34
Spotify,Spotify Technology S.A._Earnings Call_2022-10-25T00_00_00_English.docx,2022-10-25,2022,FQ3,2023-12-04,-405,non_event,0,0,0,,managerial_qa,5051,262,587,0.1162146109681251,12.360034820404394,0,0,5036,258,600,11.914218,19.51938,12.573439,-0.21340417959560654,-1.6972618199015124,task10_li2008_formula_custom_implementation,Lingua::EN::Fathom 1.27 / Syllable 0.251 / Sentence 0.33 under perl 5.34
Spotify,Spotify Technology S.A._Earnings Call_2023-01-31T00_00_00_English.docx,2023-01-31,2022,FQ4,2023-12-04,-307,non_event,0,0,0,,prepared_management,1268,69,187,0.1474763406940063,13.249778265441414,0,0,1258,70,199,15.81876,17.971429,13.516075,-0.26629673455858693,-1.9702223800813987,task10_li2008_formula_custom_implementation,Lingua::EN::Fathom 1.27 / Syllable 0.251 / Sentence 0.33 under perl 5.34
Spotify,Spotify Technology S.A._Earnings Call_2023-01-31T00_00_00_English.docx,2023-01-31,2022,FQ4,2023-12-04,-307,non_event,0,0,0,,managerial_qa,4658,267,573,0.1230141691713181,11.898843920410778,0,0,4643,259,560,12.061167,17.926641,11.995123,-0.09627907958922144,-0.8026518743427762,task10_li2008_formula_custom_implementation,Lingua::EN::Fathom 1.27 / Syllable 0.251 / Sentence 0.33 under perl 5.34
Spotify,Spotify Technology S.A._Earnings Call_2023-04-25T00_00_00_English.docx,2023-04-25,2023,FQ1,2023-12-04,-223,non_event,0,0,0,,prepared_management,1471,80,219,0.1488783140720598,13.310132562882394,0,0,1450,81,226,15.586207,17.901235,13.394977,-0.08484443711760647,-0.6334048734656765,task10_li2008_formula_custom_implementation,Lingua::EN::Fathom 1.27 / Syllable 0.251 / Sentence 0.33 under perl 5.34
Spotify,Spotify Technology S.A._Earnings Call_2023-04-25T00_00_00_English.docx,2023-04-25,2023,FQ1,2023-12-04,-223,non_event,0,0,0,,managerial_qa,4799,263,553,0.1152323400708481,11.908152918423278,0,0,4774,255,523,10.955174,18.721569,11.870697,0.037455918423278334,0.3155325961338103,task10_li2008_formula_custom_implementation,Lingua::EN::Fathom 1.27 / Syllable 0.251 / Sentence 0.33 under perl 5.34
Spotify,Spotify Technology S.A._Earnings Call_2023-07-25T00_00_00_English.docx,2023-07-25,2023,FQ2,2023-12-04,-132,pre_2,0,0,0,,prepared_management,1366,72,207,0.1515373352855051,13.650382300309094,0,0,1344,73,218,16.220238,18.410959,13.852479,-0.20209669969090704,-1.4589208162012521,task10_li2008_formula_custom_implementation,Lingua::EN::Fathom 1.27 / Syllable 0.251 / Sentence 0.33 under perl 5.34
Spotify,Spotify Technology S.A._Earnings Call_2023-07-25T00_00_00_English.docx,2023-07-25,2023,FQ2,2023-12-04,-132,pre_2,0,0,0,,managerial_qa,5476,313,642,0.1172388604821037,11.6876374863768,0,0,5441,308,606,11.137659,17.665584,11.521297,0.1663404863768001,1.443765284210624,task10_li2008_formula_custom_implementation,Lingua::EN::Fathom 1.27 / Syllable 0.251 / Sentence 0.33 under perl 5.34
Spotify,Spotify Technology S.A._Earnings Call_2023-10-24T00_00_00_English.docx,2023-10-24,2023,FQ3,2023-12-04,-41,pre_1,0,0,0,,prepared_management,1271,63,182,0.1431943351691581,13.797614676607594,0,0,1254,64,200,15.948963,19.59375,14.217085,-0.41947032339240664,-2.9504664521060864,task10_li2008_formula_custom_implementation,Lingua::EN::Fathom 1.27 / Syllable 0.251 / Sentence 0.33 under perl 5.34
Spotify,Spotify Technology S.A._Earnings Call_2023-10-24T00_00_00_English.docx,2023-10-24,2023,FQ3,2023-12-04,-41,pre_1,0,0,0,,managerial_qa,5824,326,674,0.1157280219780219,11.775133149059531,0,0,5802,319,696,11.995863,18.188088,12.073581,-0.29844785094046955,-2.4719083007806013,task10_li2008_formula_custom_implementation,Lingua::EN::Fathom 1.27 / Syllable 0.251 / Sentence 0.33 under perl 5.34
Spotify,Spotify Technology S.A._Earnings Call_2024-02-06T00_00_00_English.docx,2024-02-06,2023,FQ4,2023-12-04,64,post_1,0,0,0,,prepared_management,1552,80,239,0.1539948453608247,13.91979381443299,0,0,1538,80,252,16.384915,19.225,14.243966,-0.32417218556700966,-2.275856215656578,task10_li2008_formula_custom_implementation,Lingua::EN::Fathom 1.27 / Syllable 0.251 / Sentence 0.33 under perl 5.34
Spotify,Spotify Technology S.A._Earnings Call_2024-02-06T00_00_00_English.docx,2024-02-06,2023,FQ4,2023-12-04,64,post_1,0,0,0,,managerial_qa,5416,283,606,0.1118906942392909,12.130751444483302,0,0,5403,279,601,11.12345,19.365591,12.195617,-0.06486555551669859,-0.531875964264035,task10_li2008_formula_custom_implementation,Lingua::EN::Fathom 1.27 / Syllable 0.251 / Sentence 0.33 under perl 5.34
Spotify,Spotify Technology S.A._Earnings Call_2024-04-23T00_00_00_English.docx,2024-04-23,2024,FQ1,2023-12-04,141,post_2,0,0,0,,prepared_management,1442,71,226,0.1567267683772538,14.393014397061984,0,0,1418,72,230,16.220028,19.694444,14.365789,0.02722539706198468,0.1895155014596461,task10_li2008_formula_custom_implementation,Lingua::EN::Fathom 1.27 / Syllable 0.251 / Sentence 0.33 under perl 5.34
Spotify,Spotify Technology S.A._Earnings Call_2024-04-23T00_00_00_English.docx,2024-04-23,2024,FQ1,2023-12-04,141,post_2,0,0,0,,managerial_qa,4660,245,585,0.1255364806866953,12.629622492773931,0,0,4651,245,563,12.104924,18.983673,12.435439,0.19418349277393254,1.561533073130209,task10_li2008_formula_custom_implementation,Lingua::EN::Fathom 1.27 / Syllable 0.251 / Sentence 0.33 under perl 5.34
Spotify,Spotify Technology S.A._Earnings Call_2024-07-23T00_00_00_English.docx,2024-07-23,2024,FQ2,2023-12-04,232,non_event,0,0,0,,prepared_management,1805,88,303,0.1678670360110803,14.919226894988668,0,0,1785,89,310,17.366947,20.05618,14.969251,-0.0500241050113317,-0.3341790782406661,task10_li2008_formula_custom_implementation,Lingua::EN::Fathom 1.27 / Syllable 0.251 / Sentence 0.33 under perl 5.34
Spotify,Spotify Technology S.A._Earnings Call_2024-07-23T00_00_00_English.docx,2024-07-23,2024,FQ2,2023-12-04,232,non_event,0,0,0,,managerial_qa,3951,208,461,0.1166793216907112,12.265249790705372,0,0,3946,205,449,11.378611,19.24878,12.250957,0.014292790705372482,0.116666728202315,task10_li2008_formula_custom_implementation,Lingua::EN::Fathom 1.27 / Syllable 0.251 / Sentence 0.33 under perl 5.34
Spotify,Spotify Technology S.A._Earnings Call_2024-11-12T00_00_00_English.docx,2024-11-12,2024,FQ3,2023-12-04,344,non_event,0,0,0,,prepared_management,1670,86,264,0.1580838323353293,14.090795153878291,0,0,1662,85,273,16.425993,19.552941,14.391574,-0.30077884612170713,-2.0899649066996226,task10_li2008_formula_custom_implementation,Lingua::EN::Fathom 1.27 / Syllable 0.251 / Sentence 0.33 under perl 5.34
Spotify,Spotify Technology S.A._Earnings Call_2024-11-12T00_00_00_English.docx,2024-11-12,2024,FQ3,2023-12-04,344,non_event,0,0,0,,managerial_qa,4104,234,489,0.1191520467836257,11.781466486729643,0,0,4097,233,473,11.545033,17.583691,11.65149,0.12997648672964424,1.1155353240627957,task10_li2008_formula_custom_implementation,Lingua::EN::Fathom 1.27 / Syllable 0.251 / Sentence 0.33 under perl 5.34
Spotify,Spotify Technology S.A._Earnings Call_2025-02-04T00_00_00_English.docx,2025-02-04,2024,FQ4,2023-12-04,428,non_event,0,0,0,,prepared_management,1865,115,313,0.167828418230563,13.20009325096165,0,0,1854,115,311,16.774542,16.121739,13.158512,0.04158125096165044,0.3160026829906789,task10_li2008_formula_custom_implementation,Lingua::EN::Fathom 1.27 / Syllable 0.251 / Sentence 0.33 under perl 5.34
Spotify,Spotify Technology S.A._Earnings Call_2025-02-04T00_00_00_English.docx,2025-02-04,2024,FQ4,2023-12-04,428,non_event,0,0,0,,managerial_qa,5140,310,598,0.1163424124513618,11.285954562570604,0,0,5121,309,589,11.50166,16.572816,11.22979,0.056164562570604204,0.5001390281617395,task10_li2008_formula_custom_implementation,Lingua::EN::Fathom 1.27 / Syllable 0.251 / Sentence 0.33 under perl 5.34
Twilio,Twilio Inc._Earnings Call_2021-05-05T00_00_00_English.docx,2021-05-05,2021,FQ1,2023-02-13,-649,non_event,0,0,0,,prepared_management,630,24,96,0.1523809523809524,16.5952380952381,0,0,618,24,112,18.122977,25.75,17.549191,-0.953952904761902,-5.435879663979393,task10_li2008_formula_custom_implementation,Lingua::EN::Fathom 1.27 / Syllable 0.251 / Sentence 0.33 under perl 5.34
Twilio,Twilio Inc._Earnings Call_2021-05-05T00_00_00_English.docx,2021-05-05,2021,FQ1,2023-02-13,-649,non_event,0,0,0,,managerial_qa,3878,205,510,0.1315110881897885,12.827272795884229,0,0,3868,203,503,13.004137,19.054187,12.823329,0.003943795884227441,0.03075485222462468,task10_li2008_formula_custom_implementation,Lingua::EN::Fathom 1.27 / Syllable 0.251 / Sentence 0.33 under perl 5.34
Twilio,Twilio Inc._Earnings Call_2021-07-29T00_00_00_English.docx,2021-07-29,2021,FQ2,2023-02-13,-564,non_event,0,0,0,,prepared_management,699,27,115,0.1645207439198855,16.93638531235098,0,0,693,27,128,18.470418,25.666667,17.654834,-0.7184486876490226,-4.06941627233098,task10_li2008_formula_custom_implementation,Lingua::EN::Fathom 1.27 / Syllable 0.251 / Sentence 0.33 under perl 5.34
Twilio,Twilio Inc._Earnings Call_2021-07-29T00_00_00_English.docx,2021-07-29,2021,FQ2,2023-02-13,-564,non_event,0,0,0,,managerial_qa,5797,312,748,0.1290322580645161,12.593341604631927,0,0,5784,312,727,12.569156,18.538462,12.443047,0.15029460463192734,1.2078601377293468,task10_li2008_formula_custom_implementation,Lingua::EN::Fathom 1.27 / Syllable 0.251 / Sentence 0.33 under perl 5.34
Twilio,Twilio Inc._Earnings Call_2021-10-27T00_00_00_English.docx,2021-10-27,2021,FQ3,2023-02-13,-474,non_event,0,0,0,,prepared_management,570,21,99,0.1736842105263158,17.804511278195488,0,0,565,21,103,18.230088,26.904762,18.05394,-0.24942872180451303,-1.381575001382042,task10_li2008_formula_custom_implementation,Lingua::EN::Fathom 1.27 / Syllable 0.251 / Sentence 0.33 under perl 5.34
Twilio,Twilio Inc._Earnings Call_2021-10-27T00_00_00_English.docx,2021-10-27,2021,FQ3,2023-02-13,-474,non_event,0,0,0,,managerial_qa,4923,281,709,0.1440178752793012,12.768544192666711,0,0,4889,281,709,14.501943,17.398577,12.760208,0.008336192666712705,0.06532959859833558,task10_li2008_formula_custom_implementation,Lingua::EN::Fathom 1.27 / Syllable 0.251 / Sentence 0.33 under perl 5.34
Twilio,Twilio Inc._Earnings Call_2022-02-09T00_00_00_English.docx,2022-02-09,2021,FQ4,2023-02-13,-369,non_event,0,0,0,,prepared_management,547,21,107,0.1956124314442413,18.24354487681727,0,0,543,21,124,22.836096,25.857143,19.477295,-1.2337501231827304,-6.334299106640477,task10_li2008_formula_custom_implementation,Lingua::EN::Fathom 1.27 / Syllable 0.251 / Sentence 0.33 under perl 5.34
Twilio,Twilio Inc._Earnings Call_2022-02-09T00_00_00_English.docx,2022-02-09,2021,FQ4,2023-02-13,-369,non_event,0,0,0,,managerial_qa,7171,391,954,0.1330358387951471,12.657494932880054,0,0,7142,385,937,13.119574,18.550649,12.668089,-0.01059406711994626,-0.0836279814575526,task10_li2008_formula_custom_implementation,Lingua::EN::Fathom 1.27 / Syllable 0.251 / Sentence 0.33 under perl 5.34
Twilio,Twilio Inc._Earnings Call_2022-05-04T00_00_00_English.docx,2022-05-04,2022,FQ1,2023-02-13,-285,pre_2,0,0,0,,prepared_management,223,11,45,0.2017937219730941,16.180839788014676,0,0,223,11,50,22.421525,20.272727,17.077701,-0.8968612119853248,-5.251650746112282,task10_li2008_formula_custom_implementation,Lingua::EN::Fathom 1.27 / Syllable 0.251 / Sentence 0.33 under perl 5.34
Twilio,Twilio Inc._Earnings Call_2022-05-04T00_00_00_English.docx,2022-05-04,2022,FQ1,2023-02-13,-285,pre_2,0,0,0,,managerial_qa,6077,331,794,0.1306565739674181,12.570069605222407,0,0,6051,327,800,13.220955,18.504587,12.690217,-0.12014739477759306,-0.9467717910386644,task10_li2008_formula_custom_implementation,Lingua::EN::Fathom 1.27 / Syllable 0.251 / Sentence 0.33 under perl 5.34
Twilio,Twilio Inc._Earnings Call_2022-08-04T00_00_00_English.docx,2022-08-04,2022,FQ2,2023-02-13,-193,pre_1,0,1,0,,prepared_management,124,7,29,0.2338709677419354,16.440552995391705,1,0,123,7,27,21.95122,17.571429,15.809059,0.6314939953917058,3.994507170804447,task10_li2008_formula_custom_implementation,Lingua::EN::Fathom 1.27 / Syllable 0.251 / Sentence 0.33 under perl 5.34
Twilio,Twilio Inc._Earnings Call_2022-08-04T00_00_00_English.docx,2022-08-04,2022,FQ2,2023-02-13,-193,pre_1,0,1,0,,managerial_qa,5410,311,711,0.1314232902033271,12.21513096504627,0,0,5389,312,677,12.562628,17.272436,11.934025,0.2811059650462706,2.355500051711561,task10_li2008_formula_custom_implementation,Lingua::EN::Fathom 1.27 / Syllable 0.251 / Sentence 0.33 under perl 5.34
Twilio,Twilio Inc._Earnings Call_2023-02-15T00_00_00_English.docx,2023-02-15,2022,FQ4,2023-02-13,2,post_1,0,0,0,,prepared_management,388,14,53,0.1365979381443298,16.549631811487483,0,0,380,13,69,18.157895,29.230769,18.955466,-2.405834188512518,-12.692033994376702,task10_li2008_formula_custom_implementation,Lingua::EN::Fathom 1.27 / Syllable 0.251 / Sentence 0.33 under perl 5.34
Twilio,Twilio Inc._Earnings Call_2023-02-15T00_00_00_English.docx,2023-02-15,2022,FQ4,2023-02-13,2,post_1,0,0,0,,managerial_qa,7514,389,857,0.1140537663029012,12.288628801216309,0,0,7490,386,869,11.602136,19.404145,12.402513,-0.11388419878369405,-0.9182348672699964,task10_li2008_formula_custom_implementation,Lingua::EN::Fathom 1.27 / Syllable 0.251 / Sentence 0.33 under perl 5.34
Twilio,Twilio Inc._Earnings Call_2023-05-09T00_00_00_English.docx,2023-05-09,2023,FQ1,2023-02-13,85,post_2,0,0,0,,prepared_management,627,32,81,0.1291866028708134,13.004964114832536,0,0,620,32,92,14.83871,19.375,13.685484,-0.680519885167465,-4.972567175318497,task10_li2008_formula_custom_implementation,Lingua::EN::Fathom 1.27 / Syllable 0.251 / Sentence 0.33 under perl 5.34
Twilio,Twilio Inc._Earnings Call_2023-05-09T00_00_00_English.docx,2023-05-09,2023,FQ1,2023-02-13,85,post_2,0,0,0,,managerial_qa,6741,339,816,0.1210502892745883,12.79599387186849,0,0,6715,338,797,11.86895,19.866864,12.694326,0.10166787186848936,0.8008922401117582,task10_li2008_formula_custom_implementation,Lingua::EN::Fathom 1.27 / Syllable 0.251 / Sentence 0.33 under perl 5.34
Twilio,Twilio Inc._Earnings Call_2023-08-08T00_00_00_English.docx,2023-08-08,2023,FQ2,2023-02-13,176,non_event,0,0,0,,prepared_management,3508,158,721,0.2055302166476625,17.102221324134348,0,0,3459,158,772,22.318589,21.892405,17.684398,-0.5821766758656537,-3.292035589029684,task10_li2008_formula_custom_implementation,Lingua::EN::Fathom 1.27 / Syllable 0.251 / Sentence 0.33 under perl 5.34
Twilio,Twilio Inc._Earnings Call_2023-08-08T00_00_00_English.docx,2023-08-08,2023,FQ2,2023-02-13,176,non_event,0,0,0,,managerial_qa,4393,256,550,0.1251991805144548,11.872029720578192,0,0,4369,254,538,12.314031,17.200787,11.805927,0.06610272057819166,0.5599113104645799,task10_li2008_formula_custom_implementation,Lingua::EN::Fathom 1.27 / Syllable 0.251 / Sentence 0.33 under perl 5.34
Twilio,Twilio Inc._Earnings Call_2023-11-08T00_00_00_English.docx,2023-11-08,2023,FQ3,2023-02-13,268,non_event,0,0,0,,prepared_management,3472,163,728,0.2096774193548387,16.907342172966555,0,0,3414,162,756,22.144112,21.074074,17.287275,-0.37993282703344633,-2.19776006937731,task10_li2008_formula_custom_implementation,Lingua::EN::Fathom 1.27 / Syllable 0.251 / Sentence 0.33 under perl 5.34
Twilio,Twilio Inc._Earnings Call_2023-11-08T00_00_00_English.docx,2023-11-08,2023,FQ3,2023-02-13,268,non_event,0,0,0,,managerial_qa,4755,248,591,0.1242902208201892,12.640963671517248,0,0,4733,248,604,12.761462,19.084677,12.738456,-0.09749232848275113,-0.7653386602171498,task10_li2008_formula_custom_implementation,Lingua::EN::Fathom 1.27 / Syllable 0.251 / Sentence 0.33 under perl 5.34
Twilio,Twilio Inc._Earnings Call_2024-02-14T00_00_00_English.docx,2024-02-14,2023,FQ4,2023-02-13,366,non_event,0,0,0,,prepared_management,2936,138,623,0.2121934604904632,16.99788334715476,0,0,2899,137,675,23.283891,21.160584,17.77779,-0.7799066528452379,-4.3869719062112775,task10_li2008_formula_custom_implementation,Lingua::EN::Fathom 1.27 / Syllable 0.251 / Sentence 0.33 under perl 5.34
Twilio,Twilio Inc._Earnings Call_2024-02-14T00_00_00_English.docx,2024-02-14,2023,FQ4,2023-02-13,366,non_event,0,0,0,,managerial_qa,4238,240,603,0.1422840962718263,12.754697184206387,0,0,4194,240,592,14.115403,17.475,12.636161,0.11853618420638767,0.9380711768897823,task10_li2008_formula_custom_implementation,Lingua::EN::Fathom 1.27 / Syllable 0.251 / Sentence 0.33 under perl 5.34
Twilio,Twilio Inc._Earnings Call_2024-05-07T00_00_00_English.docx,2024-05-07,2024,FQ1,2023-02-13,449,non_event,0,0,0,,prepared_management,2779,129,586,0.2108672184238935,17.051743000521633,0,0,2738,129,614,22.425128,21.224806,17.459974,-0.4082309994783664,-2.338096262218755,task10_li2008_formula_custom_implementation,Lingua::EN::Fathom 1.27 / Syllable 0.251 / Sentence 0.33 under perl 5.34
Twilio,Twilio Inc._Earnings Call_2024-05-07T00_00_00_English.docx,2024-05-07,2024,FQ1,2023-02-13,449,non_event,0,0,0,,managerial_qa,4331,223,520,0.1200646501962595,12.571195873321232,0,0,4308,223,567,13.16156,19.318386,12.991978,-0.42078212667876613,-3.2387841688060597,task10_li2008_formula_custom_implementation,Lingua::EN::Fathom 1.27 / Syllable 0.251 / Sentence 0.33 under perl 5.34
Twilio,Twilio Inc._Earnings Call_2024-08-01T00_00_00_English.docx,2024-08-01,2024,FQ2,2023-02-13,535,non_event,0,0,0,,prepared_management,2415,121,517,0.2140786749482401,16.546618072309773,0,0,2381,120,541,22.721546,19.841667,17.025285,-0.47866692769022734,-2.8115061080635497,task10_li2008_formula_custom_implementation,Lingua::EN::Fathom 1.27 / Syllable 0.251 / Sentence 0.33 under perl 5.34
Twilio,Twilio Inc._Earnings Call_2024-08-01T00_00_00_English.docx,2024-08-01,2024,FQ2,2023-02-13,535,non_event,0,0,0,,managerial_qa,4228,246,497,0.1175496688741721,11.576783502934369,0,0,4203,242,499,11.872472,17.367769,11.696096,-0.11931249706563207,-1.0201053160441917,task10_li2008_formula_custom_implementation,Lingua::EN::Fathom 1.27 / Syllable 0.251 / Sentence 0.33 under perl 5.34
Twilio,Twilio Inc._Earnings Call_2024-10-30T00_00_00_English.docx,2024-10-30,2024,FQ3,2023-02-13,625,non_event,0,0,0,,prepared_management,2937,130,637,0.2168879809329247,17.712442314240068,0,0,2901,130,675,23.267839,22.315385,18.233289,-0.5208466857599312,-2.85657012160522,task10_li2008_formula_custom_implementation,Lingua::EN::Fathom 1.27 / Syllable 0.251 / Sentence 0.33 under perl 5.34
Twilio,Twilio Inc._Earnings Call_2024-10-30T00_00_00_English.docx,2024-10-30,2024,FQ3,2023-02-13,625,non_event,0,0,0,,managerial_qa,4394,215,564,0.1283568502503413,13.30915773094389,0,0,4364,214,567,12.992667,20.392523,13.354076,-0.04491826905610985,-0.33636373685539794,task10_li2008_formula_custom_implementation,Lingua::EN::Fathom 1.27 / Syllable 0.251 / Sentence 0.33 under perl 5.34
Twilio,Twilio Inc._Earnings Call_2025-02-13T00_00_00_English.docx,2025-02-13,2024,FQ4,2023-02-13,731,non_event,0,0,0,,prepared_management,2915,140,597,0.2048027444253859,16.520681205586868,0,0,2874,141,631,21.955463,20.382979,16.935377,-0.41469579441313087,-2.448695381349532,task10_li2008_formula_custom_implementation,Lingua::EN::Fathom 1.27 / Syllable 0.251 / Sentence 0.33 under perl 5.34
Twilio,Twilio Inc._Earnings Call_2025-02-13T00_00_00_English.docx,2025-02-13,2024,FQ4,2023-02-13,731,non_event,0,0,0,,managerial_qa,4577,279,476,0.1039982521302163,10.721937253667434,0,0,4534,277,478,10.542567,16.368231,10.764319,-0.042381746332566195,-0.3937243622431312,task10_li2008_formula_custom_implementation,Lingua::EN::Fathom 1.27 / Syllable 0.251 / Sentence 0.33 under perl 5.34
Zoom,"Zoom Communications, Inc._Earnings Call_2020-06-02T00_00_00_English.docx",2020-06-02,2021,FQ1,2023-02-07,-980,non_event,0,0,0,,prepared_management,3212,165,587,0.1827521793275218,15.09675383976754,0,0,3156,165,595,18.852978,19.127273,15.1921,-0.09534616023246123,-0.6276035586420655,task10_li2008_formula_custom_implementation,Lingua::EN::Fathom 1.27 / Syllable 0.251 / Sentence 0.33 under perl 5.34
Zoom,"Zoom Communications, Inc._Earnings Call_2020-06-02T00_00_00_English.docx",2020-06-02,2021,FQ1,2023-02-07,-980,non_event,0,0,0,,managerial_qa,4373,314,534,0.122112965927281,10.455219274033915,0,0,4347,310,536,12.330343,14.022581,10.541169,-0.08594972596608308,-0.8153718621348646,task10_li2008_formula_custom_implementation,Lingua::EN::Fathom 1.27 / Syllable 0.251 / Sentence 0.33 under perl 5.34
Zoom,"Zoom Communications, Inc._Earnings Call_2020-08-31T00_00_00_English.docx",2020-08-31,2021,FQ2,2023-02-07,-890,non_event,0,0,0,,prepared_management,2936,157,556,0.1893732970027248,15.055186657179055,0,0,2878,157,553,19.214732,18.33121,15.018377,0.03680965717905771,0.24509743748647214,task10_li2008_formula_custom_implementation,Lingua::EN::Fathom 1.27 / Syllable 0.251 / Sentence 0.33 under perl 5.34
Zoom,"Zoom Communications, Inc._Earnings Call_2020-08-31T00_00_00_English.docx",2020-08-31,2021,FQ2,2023-02-07,-890,non_event,0,0,0,,managerial_qa,4336,291,538,0.1240774907749077,10.923237088040985,0,0,4279,292,538,12.573031,14.65411,10.890856,0.03238108804098516,0.29732362672856166,task10_li2008_formula_custom_implementation,Lingua::EN::Fathom 1.27 / Syllable 0.251 / Sentence 0.33 under perl 5.34
Zoom,"Zoom Communications, Inc._Earnings Call_2020-11-30T00_00_00_English.docx",2020-11-30,2021,FQ3,2023-02-07,-799,non_event,0,0,0,,prepared_management,2272,128,412,0.1813380281690141,14.353521126760564,0,0,2222,129,403,18.136814,17.224806,14.144648,0.20887312676056347,1.4766937060615681,task10_li2008_formula_custom_implementation,Lingua::EN::Fathom 1.27 / Syllable 0.251 / Sentence 0.33 under perl 5.34
Zoom,"Zoom Communications, Inc._Earnings Call_2020-11-30T00_00_00_English.docx",2020-11-30,2021,FQ3,2023-02-07,-799,non_event,0,0,0,,managerial_qa,3816,225,527,0.1381027253668763,12.308109014675054,0,0,3775,226,503,13.324503,16.70354,12.011217,0.2968920146750538,2.4717896169476727,task10_li2008_formula_custom_implementation,Lingua::EN::Fathom 1.27 / Syllable 0.251 / Sentence 0.33 under perl 5.34
Zoom,"Zoom Communications, Inc._Earnings Call_2021-03-01T00_00_00_English.docx",2021-03-01,2021,FQ4,2023-02-07,-708,non_event,0,0,0,,prepared_management,2804,150,543,0.1936519258202567,15.223410366143606,0,0,2766,150,527,19.052784,18.44,14.997114,0.2262963661436057,1.5089327596203224,task10_li2008_formula_custom_implementation,Lingua::EN::Fathom 1.27 / Syllable 0.251 / Sentence 0.33 under perl 5.34
Zoom,"Zoom Communications, Inc._Earnings Call_2021-03-01T00_00_00_English.docx",2021-03-01,2021,FQ4,2023-02-07,-708,non_event,0,0,0,,managerial_qa,4072,275,516,0.1267190569744597,10.99167136988748,0,0,4056,270,490,12.080868,15.022222,10.841236,0.15043536988748052,1.3876219453896264,task10_li2008_formula_custom_implementation,Lingua::EN::Fathom 1.27 / Syllable 0.251 / Sentence 0.33 under perl 5.34
Zoom,"Zoom Communications, Inc._Earnings Call_2021-06-01T00_00_00_English.docx",2021-06-01,2022,FQ1,2023-02-07,-616,non_event,0,0,0,,prepared_management,2709,146,500,0.1845699520118124,14.804715888691677,0,0,2673,146,483,18.069585,18.308219,14.551122,0.2535938886916753,1.7427789327288667,task10_li2008_formula_custom_implementation,Lingua::EN::Fathom 1.27 / Syllable 0.251 / Sentence 0.33 under perl 5.34
Zoom,"Zoom Communications, Inc._Earnings Call_2021-06-01T00_00_00_English.docx",2021-06-01,2022,FQ1,2023-02-07,-616,non_event,0,0,0,,managerial_qa,5003,333,667,0.1333200079952028,11.342409929417729,0,0,4968,334,653,13.144122,14.874251,11.20735,0.13505992941772682,1.2051013791639131,task10_li2008_formula_custom_implementation,Lingua::EN::Fathom 1.27 / Syllable 0.251 / Sentence 0.33 under perl 5.34
Zoom,"Zoom Communications, Inc._Earnings Call_2021-08-30T00_00_00_English.docx",2021-08-30,2022,FQ2,2023-02-07,-526,non_event,0,0,0,,prepared_management,2742,133,512,0.186725018234865,15.715617270747988,0,0,2704,133,506,18.713018,20.330827,15.617538,0.09807927074798783,0.6280072489529901,task10_li2008_formula_custom_implementation,Lingua::EN::Fathom 1.27 / Syllable 0.251 / Sentence 0.33 under perl 5.34
Zoom,"Zoom Communications, Inc._Earnings Call_2021-08-30T00_00_00_English.docx",2021-08-30,2022,FQ2,2023-02-07,-526,non_event,0,0,0,,managerial_qa,4600,281,519,0.1128260869565217,11.061086182887204,0,0,4563,282,509,11.154942,16.180851,10.934317,0.1267691828872035,1.1593699257777466,task10_li2008_formula_custom_implementation,Lingua::EN::Fathom 1.27 / Syllable 0.251 / Sentence 0.33 under perl 5.34
Zoom,"Zoom Communications, Inc._Earnings Call_2021-11-22T00_00_00_English.docx",2021-11-22,2022,FQ3,2023-02-07,-442,non_event,0,0,0,,prepared_management,2200,105,427,0.1940909090909091,16.144588744588745,0,0,2166,105,423,19.529086,20.628571,16.063063,0.0815257445887454,0.5075354842893003,task10_li2008_formula_custom_implementation,Lingua::EN::Fathom 1.27 / Syllable 0.251 / Sentence 0.33 under perl 5.34
Zoom,"Zoom Communications, Inc._Earnings Call_2021-11-22T00_00_00_English.docx",2021-11-22,2022,FQ3,2023-02-07,-442,non_event,0,0,0,,managerial_qa,5055,343,670,0.1325420375865479,11.196725235240343,0,0,5005,346,635,12.687313,14.465318,10.861052,0.3356732352403444,3.090614382845643,task10_li2008_formula_custom_implementation,Lingua::EN::Fathom 1.27 / Syllable 0.251 / Sentence 0.33 under perl 5.34
Zoom,"Zoom Communications, Inc._Earnings Call_2022-02-28T00_00_00_English.docx",2022-02-28,2022,FQ4,2023-02-07,-344,non_event,0,0,0,,prepared_management,2863,146,532,0.1858190709046454,15.276598452624178,0,0,2825,146,531,18.79646,19.349315,15.25831,0.01828845262417822,0.11985896619073948,task10_li2008_formula_custom_implementation,Lingua::EN::Fathom 1.27 / Syllable 0.251 / Sentence 0.33 under perl 5.34
Zoom,"Zoom Communications, Inc._Earnings Call_2022-02-28T00_00_00_English.docx",2022-02-28,2022,FQ4,2023-02-07,-344,non_event,0,0,0,,managerial_qa,4918,319,594,0.120780805205368,10.998003368089329,0,0,4898,317,595,12.147815,15.451104,11.039568,-0.04156463191067061,-0.3765059639169813,task10_li2008_formula_custom_implementation,Lingua::EN::Fathom 1.27 / Syllable 0.251 / Sentence 0.33 under perl 5.34
Zoom,"Zoom Communications, Inc._Earnings Call_2022-05-23T00_00_00_English.docx",2022-05-23,2023,FQ1,2023-02-07,-260,non_event,0,0,0,,prepared_management,2557,127,499,0.195150567070786,15.85956598991806,0,0,2521,127,512,20.309401,19.850394,16.063918,-0.2043520100819407,-1.272118110176737,task10_li2008_formula_custom_implementation,Lingua::EN::Fathom 1.27 / Syllable 0.251 / Sentence 0.33 under perl 5.34
Zoom,"Zoom Communications, Inc._Earnings Call_2022-05-23T00_00_00_English.docx",2022-05-23,2023,FQ1,2023-02-07,-260,non_event,0,0,0,,managerial_qa,4508,271,571,0.1266637089618456,11.720422897219212,0,0,4464,269,554,12.410394,16.594796,11.602076,0.11834689721921166,1.0200493189254376,task10_li2008_formula_custom_implementation,Lingua::EN::Fathom 1.27 / Syllable 0.251 / Sentence 0.33 under perl 5.34
Zoom,"Zoom Communications, Inc._Earnings Call_2022-08-22T00_00_00_English.docx",2022-08-22,2023,FQ2,2023-02-07,-169,pre_2,0,0,0,,prepared_management,2535,146,445,0.1755424063116371,13.96690173191754,0,0,2498,144,445,17.814251,17.347222,14.064589,-0.09768726808245987,-0.6945618395422708,task10_li2008_formula_custom_implementation,Lingua::EN::Fathom 1.27 / Syllable 0.251 / Sentence 0.33 under perl 5.34
Zoom,"Zoom Communications, Inc._Earnings Call_2022-08-22T00_00_00_English.docx",2022-08-22,2023,FQ2,2023-02-07,-169,pre_2,0,0,0,,managerial_qa,5245,309,572,0.1090562440419447,11.151893774622772,0,0,5211,307,564,10.823258,16.973941,11.11888,0.03301377462277166,0.29691636768066265,task10_li2008_formula_custom_implementation,Lingua::EN::Fathom 1.27 / Syllable 0.251 / Sentence 0.33 under perl 5.34
Zoom,"Zoom Communications, Inc._Earnings Call_2022-11-21T00_00_00_English.docx",2022-11-21,2023,FQ3,2023-02-07,-78,pre_1,0,0,0,,prepared_management,2171,111,422,0.1943804698295716,15.598642216606288,0,0,2128,111,429,20.159774,19.171171,15.732378,-0.13373578339371228,-0.8500671887855242,task10_li2008_formula_custom_implementation,Lingua::EN::Fathom 1.27 / Syllable 0.251 / Sentence 0.33 under perl 5.34
Zoom,"Zoom Communications, Inc._Earnings Call_2022-11-21T00_00_00_English.docx",2022-11-21,2023,FQ3,2023-02-07,-78,pre_1,0,0,0,,managerial_qa,5006,274,586,0.1170595285657211,11.990410339709138,0,0,4967,275,598,12.03946,18.061818,12.040511,-0.050100660290862464,-0.41610078086272634,task10_li2008_formula_custom_implementation,Lingua::EN::Fathom 1.27 / Syllable 0.251 / Sentence 0.33 under perl 5.34
Zoom,"Zoom Communications, Inc._Earnings Call_2023-02-27T00_00_00_English.docx",2023-02-27,2023,FQ4,2023-02-07,20,post_1,0,0,0,,prepared_management,2368,123,468,0.1976351351351351,15.606218413535489,0,0,2330,123,469,20.128755,18.943089,15.628738,-0.022519586464513353,-0.1440908822229495,task10_li2008_formula_custom_implementation,Lingua::EN::Fathom 1.27 / Syllable 0.251 / Sentence 0.33 under perl 5.34
Zoom,"Zoom Communications, Inc._Earnings Call_2023-02-27T00_00_00_English.docx",2023-02-27,2023,FQ4,2023-02-07,20,post_1,0,0,0,,managerial_qa,4435,276,525,0.1183765501691093,11.162598238648432,0,0,4403,275,524,11.900977,16.010909,11.164754,-0.0021557613515668095,-0.019308632788208404,task10_li2008_formula_custom_implementation,Lingua::EN::Fathom 1.27 / Syllable 0.251 / Sentence 0.33 under perl 5.34
Zoom,"Zoom Communications, Inc._Earnings Call_2023-05-22T00_00_00_English.docx",2023-05-22,2024,FQ1,2023-02-07,104,post_2,0,0,0,,prepared_management,2316,117,472,0.2037996545768566,16.069934901022986,0,0,2274,117,484,21.284081,19.435897,16.287991,-0.21805609897701572,-1.338753803197802,task10_li2008_formula_custom_implementation,Lingua::EN::Fathom 1.27 / Syllable 0.251 / Sentence 0.33 under perl 5.34
Zoom,"Zoom Communications, Inc._Earnings Call_2023-05-22T00_00_00_English.docx",2023-05-22,2024,FQ1,2023-02-07,104,post_2,0,0,0,,managerial_qa,4403,292,578,0.1312741312741312,11.28247210028032,0,0,4384,295,571,13.024635,14.861017,11.154261,0.12821110028031946,1.1494360790044222,task10_li2008_formula_custom_implementation,Lingua::EN::Fathom 1.27 / Syllable 0.251 / Sentence 0.33 under perl 5.34
Zoom,"Zoom Communications, Inc._Earnings Call_2023-08-21T00_00_00_English.docx",2023-08-21,2024,FQ2,2023-02-07,195,non_event,0,0,0,,prepared_management,2156,119,393,0.1822820037105751,14.53833897195242,0,0,2118,118,394,18.602455,17.949153,14.620643,-0.08230402804757908,-0.5629302900534476,task10_li2008_formula_custom_implementation,Lingua::EN::Fathom 1.27 / Syllable 0.251 / Sentence 0.33 under perl 5.34
Zoom,"Zoom Communications, Inc._Earnings Call_2023-08-21T00_00_00_English.docx",2023-08-21,2024,FQ2,2023-02-07,195,non_event,0,0,0,,managerial_qa,4791,305,579,0.1208515967438948,11.117342558280384,0,0,4774,302,568,11.89778,15.807947,11.082291,0.03505155828038298,0.3162844061790381,task10_li2008_formula_custom_implementation,Lingua::EN::Fathom 1.27 / Syllable 0.251 / Sentence 0.33 under perl 5.34
Zoom,"Zoom Communications, Inc._Earnings Call_2023-11-20T00_00_00_English.docx",2023-11-20,2024,FQ3,2023-02-07,286,non_event,0,0,0,,prepared_management,1587,89,287,0.1808443604284814,14.366358686802176,0,0,1562,89,280,17.925736,17.550562,14.190519,0.17583968680217588,1.2391349943027163,task10_li2008_formula_custom_implementation,Lingua::EN::Fathom 1.27 / Syllable 0.251 / Sentence 0.33 under perl 5.34
Zoom,"Zoom Communications, Inc._Earnings Call_2023-11-20T00_00_00_English.docx",2023-11-20,2024,FQ3,2023-02-07,286,non_event,0,0,0,,managerial_qa,4704,267,539,0.1145833333333333,11.630524344569288,0,0,4673,268,553,11.83394,17.436567,11.708203,-0.07767865543071117,-0.6634549762308629,task10_li2008_formula_custom_implementation,Lingua::EN::Fathom 1.27 / Syllable 0.251 / Sentence 0.33 under perl 5.34
Zoom,"Zoom Communications, Inc._Earnings Call_2024-02-26T00_00_00_English.docx",2024-02-26,2024,FQ4,2023-02-07,384,non_event,0,0,0,,prepared_management,2320,124,414,0.1784482758620689,14.621802002224696,0,0,2292,124,427,18.630017,18.483871,14.845555,-0.22375299777530344,-1.5072053404221226,task10_li2008_formula_custom_implementation,Lingua::EN::Fathom 1.27 / Syllable 0.251 / Sentence 0.33 under perl 5.34
Zoom,"Zoom Communications, Inc._Earnings Call_2024-02-26T00_00_00_English.docx",2024-02-26,2024,FQ4,2023-02-07,384,non_event,0,0,0,,managerial_qa,4178,291,518,0.1239827668741024,10.70226600142458,0,0,4152,297,510,12.283237,13.979798,10.505214,0.1970520014245789,1.8757542818697353,task10_li2008_formula_custom_implementation,Lingua::EN::Fathom 1.27 / Syllable 0.251 / Sentence 0.33 under perl 5.34
eBay,eBay Inc._Earnings Call_2021-04-28T00_00_00_English.docx,2021-04-28,2021,FQ1,2024-01-23,-1000,non_event,0,0,0,,prepared_management,4304,232,801,0.1861059479553903,14.864927573388028,0,0,4229,228,829,19.602743,18.548246,15.260395,-0.39546742661197243,-2.5914625841072425,task10_li2008_formula_custom_implementation,Lingua::EN::Fathom 1.27 / Syllable 0.251 / Sentence 0.33 under perl 5.34
eBay,eBay Inc._Earnings Call_2021-04-28T00_00_00_English.docx,2021-04-28,2021,FQ1,2024-01-23,-1000,non_event,0,0,0,,managerial_qa,3326,177,396,0.1190619362597715,12.27886163118182,0,0,3275,176,373,11.389313,18.607955,11.998907,0.27995463118181974,2.3331677725464472,task10_li2008_formula_custom_implementation,Lingua::EN::Fathom 1.27 / Syllable 0.251 / Sentence 0.33 under perl 5.34
eBay,eBay Inc._Earnings Call_2021-08-11T00_00_00_English.docx,2021-08-11,2021,FQ2,2024-01-23,-895,non_event,0,0,0,,prepared_management,4452,265,828,0.1859838274932614,14.15935309973046,0,0,4393,261,870,19.804234,16.831418,14.654261,-0.49490790026954024,-3.3772286454399865,task10_li2008_formula_custom_implementation,Lingua::EN::Fathom 1.27 / Syllable 0.251 / Sentence 0.33 under perl 5.34
eBay,eBay Inc._Earnings Call_2021-08-11T00_00_00_English.docx,2021-08-11,2021,FQ2,2024-01-23,-895,non_event,0,0,0,,managerial_qa,3635,194,402,0.1105914718019257,11.918504232901771,0,0,3601,194,391,10.858095,18.561856,11.76798,0.15052423290177153,1.279100006133351,task10_li2008_formula_custom_implementation,Lingua::EN::Fathom 1.27 / Syllable 0.251 / Sentence 0.33 under perl 5.34
eBay,eBay Inc._Earnings Call_2021-10-27T00_00_00_English.docx,2021-10-27,2021,FQ3,2024-01-23,-818,non_event,0,0,0,,prepared_management,4509,245,905,0.2007096917276558,15.390020322167455,0,0,4442,239,958,21.566862,18.585774,16.061054,-0.6710336778325416,-4.17801769318839,task10_li2008_formula_custom_implementation,Lingua::EN::Fathom 1.27 / Syllable 0.251 / Sentence 0.33 under perl 5.34
eBay,eBay Inc._Earnings Call_2021-10-27T00_00_00_English.docx,2021-10-27,2021,FQ3,2024-01-23,-818,non_event,0,0,0,,managerial_qa,3850,191,456,0.1184415584415584,12.80048956279323,0,0,3815,188,445,11.664482,20.292553,12.782814,0.01767556279322946,0.13827599144624542,task10_li2008_formula_custom_implementation,Lingua::EN::Fathom 1.27 / Syllable 0.251 / Sentence 0.33 under perl 5.34
eBay,eBay Inc._Earnings Call_2022-02-23T00_00_00_English.docx,2022-02-23,2021,FQ4,2024-01-23,-699,non_event,0,0,0,,prepared_management,4502,252,885,0.1965792980897379,15.009203669621265,0,0,4394,252,910,20.710059,17.436508,15.258627,-0.2494233303787361,-1.634638099343644,task10_li2008_formula_custom_implementation,Lingua::EN::Fathom 1.27 / Syllable 0.251 / Sentence 0.33 under perl 5.34
eBay,eBay Inc._Earnings Call_2022-02-23T00_00_00_English.docx,2022-02-23,2021,FQ4,2024-01-23,-699,non_event,0,0,0,,managerial_qa,3318,183,384,0.1157323688969258,11.881753772270478,0,0,3291,181,366,11.12124,18.18232,11.721424,0.16032977227047773,1.3678352755644512,task10_li2008_formula_custom_implementation,Lingua::EN::Fathom 1.27 / Syllable 0.251 / Sentence 0.33 under perl 5.34
eBay,eBay Inc._Earnings Call_2022-05-04T00_00_00_English.docx,2022-05-04,2022,FQ1,2024-01-23,-629,non_event,0,0,0,,prepared_management,4279,238,810,0.1892965646179013,14.76345922337152,0,0,4199,236,871,20.743034,17.792373,15.414163,-0.6507037766284807,-4.221466820017932,task10_li2008_formula_custom_implementation,Lingua::EN::Fathom 1.27 / Syllable 0.251 / Sentence 0.33 under perl 5.34
eBay,eBay Inc._Earnings Call_2022-05-04T00_00_00_English.docx,2022-05-04,2022,FQ1,2024-01-23,-629,non_event,0,0,0,,managerial_qa,3416,200,415,0.1214871194379391,11.691484777517566,0,0,3390,197,414,12.212389,17.208122,11.768204,-0.0767192224824349,-0.6519195493418953,task10_li2008_formula_custom_implementation,Lingua::EN::Fathom 1.27 / Syllable 0.251 / Sentence 0.33 under perl 5.34
eBay,eBay Inc._Earnings Call_2022-08-03T00_00_00_English.docx,2022-08-03,2022,FQ2,2024-01-23,-538,non_event,0,0,0,,prepared_management,3874,215,782,0.2018585441404233,15.281783626082053,0,0,3806,215,809,21.255912,17.702326,15.583295,-0.3015113739179469,-1.9348371054898654,task10_li2008_formula_custom_implementation,Lingua::EN::Fathom 1.27 / Syllable 0.251 / Sentence 0.33 under perl 5.34
eBay,eBay Inc._Earnings Call_2022-08-03T00_00_00_English.docx,2022-08-03,2022,FQ2,2024-01-23,-538,non_event,0,0,0,,managerial_qa,3491,193,437,0.1251790317960469,12.24239443246364,0,0,3476,192,422,12.140391,18.104167,12.097823,0.1445714324636409,1.1950202318519696,task10_li2008_formula_custom_implementation,Lingua::EN::Fathom 1.27 / Syllable 0.251 / Sentence 0.33 under perl 5.34
eBay,eBay Inc._Earnings Call_2022-11-02T00_00_00_English.docx,2022-11-02,2022,FQ3,2024-01-23,-447,non_event,0,0,0,,prepared_management,4421,241,914,0.2067405564351956,15.60738159350741,0,0,4336,241,939,21.655904,17.991701,15.859042,-0.25166040649259,-1.5868575573013175,task10_li2008_formula_custom_implementation,Lingua::EN::Fathom 1.27 / Syllable 0.251 / Sentence 0.33 under perl 5.34
eBay,eBay Inc._Earnings Call_2022-11-02T00_00_00_English.docx,2022-11-02,2022,FQ3,2024-01-23,-447,non_event,0,0,0,,managerial_qa,2947,164,389,0.1319986426874788,12.467750585547932,0,0,2913,160,367,12.598696,18.20625,12.321978,0.14577258554793282,1.1830291009116622,task10_li2008_formula_custom_implementation,Lingua::EN::Fathom 1.27 / Syllable 0.251 / Sentence 0.33 under perl 5.34
eBay,eBay Inc._Earnings Call_2023-02-22T00_00_00_English.docx,2023-02-22,2022,FQ4,2024-01-23,-335,non_event,0,0,0,,prepared_management,5229,263,1166,0.2229871868426085,16.872339184730958,0,0,5116,264,1205,23.553557,19.378788,17.172938,-0.30059881526904064,-1.7504215951227489,task10_li2008_formula_custom_implementation,Lingua::EN::Fathom 1.27 / Syllable 0.251 / Sentence 0.33 under perl 5.34
eBay,eBay Inc._Earnings Call_2023-02-22T00_00_00_English.docx,2023-02-22,2022,FQ4,2024-01-23,-335,non_event,0,0,0,,managerial_qa,2756,139,392,0.1422351233671988,13.620340186486516,0,0,2726,136,388,14.233309,20.044118,13.710971,-0.09063081351348501,-0.6610094464752716,task10_li2008_formula_custom_implementation,Lingua::EN::Fathom 1.27 / Syllable 0.251 / Sentence 0.33 under perl 5.34
eBay,eBay Inc._Earnings Call_2023-04-26T00_00_00_English.docx,2023-04-26,2023,FQ1,2024-01-23,-272,non_event,0,0,0,,prepared_management,4481,210,969,0.2162463735773264,17.185093038331157,0,0,4369,210,985,22.545205,20.804762,17.339987,-0.15489396166884362,-0.893276111849701,task10_li2008_formula_custom_implementation,Lingua::EN::Fathom 1.27 / Syllable 0.251 / Sentence 0.33 under perl 5.34
eBay,eBay Inc._Earnings Call_2023-04-26T00_00_00_English.docx,2023-04-26,2023,FQ1,2024-01-23,-272,non_event,0,0,0,,managerial_qa,3444,172,422,0.1225319396051103,12.91057990978581,0,0,3414,171,427,12.507323,19.964912,12.988894,-0.07831409021419056,-0.6029311673048572,task10_li2008_formula_custom_implementation,Lingua::EN::Fathom 1.27 / Syllable 0.251 / Sentence 0.33 under perl 5.34
eBay,eBay Inc._Earnings Call_2023-07-26T00_00_00_English.docx,2023-07-26,2023,FQ2,2024-01-23,-181,pre_2,0,0,0,,prepared_management,4802,222,1000,0.2082465639316951,16.982114809520056,0,0,4692,222,1006,21.44075,21.135135,17.030354,-0.04823919047994352,-0.28325418532077207,task10_li2008_formula_custom_implementation,Lingua::EN::Fathom 1.27 / Syllable 0.251 / Sentence 0.33 under perl 5.34
eBay,eBay Inc._Earnings Call_2023-07-26T00_00_00_English.docx,2023-07-26,2023,FQ2,2024-01-23,-181,pre_2,0,0,0,,managerial_qa,3223,161,433,0.1343468817871548,13.38132868763526,0,0,3178,159,412,12.964128,19.987421,13.18062,0.20070868763526128,1.5227560436099463,task10_li2008_formula_custom_implementation,Lingua::EN::Fathom 1.27 / Syllable 0.251 / Sentence 0.33 under perl 5.34
eBay,eBay Inc._Earnings Call_2023-11-07T00_00_00_English.docx,2023-11-07,2023,FQ3,2024-01-23,-77,pre_1,0,0,0,,prepared_management,4556,221,900,0.1975417032484635,16.147821976092388,0,0,4442,221,905,20.373706,20.099548,16.189301,-0.0414790239076126,-0.25621256845871604,task10_li2008_formula_custom_implementation,Lingua::EN::Fathom 1.27 / Syllable 0.251 / Sentence 0.33 under perl 5.34
eBay,eBay Inc._Earnings Call_2023-11-07T00_00_00_English.docx,2023-11-07,2023,FQ3,2024-01-23,-77,pre_1,0,0,0,,managerial_qa,3510,180,433,0.1233618233618233,12.734472934472937,0,0,3465,180,399,11.515152,19.25,12.306061,0.42841193447293513,3.4813083932619473,task10_li2008_formula_custom_implementation,Lingua::EN::Fathom 1.27 / Syllable 0.251 / Sentence 0.33 under perl 5.34
eBay,eBay Inc._Earnings Call_2024-02-27T00_00_00_English.docx,2024-02-27,2023,FQ4,2024-01-23,35,post_1,0,0,0,,prepared_management,4590,220,956,0.2082788671023965,16.676609229550404,0,0,4466,221,960,21.495746,20.208145,16.681556,-0.004946770449596016,-0.029654130883210273,task10_li2008_formula_custom_implementation,Lingua::EN::Fathom 1.27 / Syllable 0.251 / Sentence 0.33 under perl 5.34
eBay,eBay Inc._Earnings Call_2024-02-27T00_00_00_English.docx,2024-02-27,2023,FQ4,2024-01-23,35,post_1,0,0,0,,managerial_qa,3013,146,416,0.1380683703949552,13.777529336346152,0,0,2978,146,396,13.297515,20.39726,13.47791,0.29961933634615256,2.2230400436429134,task10_li2008_formula_custom_implementation,Lingua::EN::Fathom 1.27 / Syllable 0.251 / Sentence 0.33 under perl 5.34
eBay,eBay Inc._Earnings Call_2024-05-01T00_00_00_English.docx,2024-05-01,2024,FQ1,2024-01-23,99,post_2,0,0,0,,prepared_management,4710,229,953,0.2023354564755838,16.320492494831218,0,0,4580,229,963,21.026201,20.0,16.41048,-0.08998750516878218,-0.5483538883005383,task10_li2008_formula_custom_implementation,Lingua::EN::Fathom 1.27 / Syllable 0.251 / Sentence 0.33 under perl 5.34
eBay,eBay Inc._Earnings Call_2024-05-01T00_00_00_English.docx,2024-05-01,2024,FQ1,2024-01-23,99,post_2,0,0,0,,managerial_qa,2631,133,351,0.1334093500570125,13.249155957167725,0,0,2604,131,317,12.173579,19.877863,12.820577,0.42857895716772276,3.342899131355186,task10_li2008_formula_custom_implementation,Lingua::EN::Fathom 1.27 / Syllable 0.251 / Sentence 0.33 under perl 5.34
eBay,eBay Inc._Earnings Call_2024-07-31T00_00_00_English.docx,2024-07-31,2024,FQ2,2024-01-23,190,non_event,0,0,0,,prepared_management,4726,226,953,0.201650444350402,16.430619543927588,0,0,4601,226,972,21.125842,20.358407,16.5937,-0.16308045607241084,-0.9827853707877741,task10_li2008_formula_custom_implementation,Lingua::EN::Fathom 1.27 / Syllable 0.251 / Sentence 0.33 under perl 5.34
eBay,eBay Inc._Earnings Call_2024-07-31T00_00_00_English.docx,2024-07-31,2024,FQ2,2024-01-23,190,non_event,0,0,0,,managerial_qa,3149,162,448,0.1422673864718958,13.466004100851144,0,0,3120,159,434,13.910256,19.622642,13.413159,0.05284510085114391,0.39397953048304213,task10_li2008_formula_custom_implementation,Lingua::EN::Fathom 1.27 / Syllable 0.251 / Sentence 0.33 under perl 5.34
eBay,eBay Inc._Earnings Call_2024-10-30T00_00_00_English.docx,2024-10-30,2024,FQ3,2024-01-23,281,non_event,0,0,0,,prepared_management,4351,217,857,0.1969662146632958,15.898925084227685,0,0,4171,217,855,20.498681,19.221198,15.887952,0.010973084227684282,0.06906544171133122,task10_li2008_formula_custom_implementation,Lingua::EN::Fathom 1.27 / Syllable 0.251 / Sentence 0.33 under perl 5.34
eBay,eBay Inc._Earnings Call_2024-10-30T00_00_00_English.docx,2024-10-30,2024,FQ3,2024-01-23,281,non_event,0,0,0,,managerial_qa,4163,200,517,0.1241892865721835,13.293571462887344,0,0,4082,200,496,12.150906,20.41,13.024363,0.26920846288734346,2.066960686579017,task10_li2008_formula_custom_implementation,Lingua::EN::Fathom 1.27 / Syllable 0.251 / Sentence 0.33 under perl 5.34
eBay,eBay Inc._Earnings Call_2025-02-26T00_00_00_English.docx,2025-02-26,2024,FQ4,2024-01-23,400,non_event,0,0,0,,prepared_management,4903,232,982,0.2002855394656333,16.4648698544874,0,0,4727,232,994,21.028136,20.375,16.561254,-0.09638414551260155,-0.5819857935431794,task10_li2008_formula_custom_implementation,Lingua::EN::Fathom 1.27 / Syllable 0.251 / Sentence 0.33 under perl 5.34
eBay,eBay Inc._Earnings Call_2025-02-26T00_00_00_English.docx,2025-02-26,2024,FQ4,2024-01-23,400,non_event,0,0,0,,managerial_qa,3711,198,493,0.1328482888709242,12.81090125180667,0,0,3641,197,485,13.320516,18.482234,12.7211,0.08980125180666931,0.7059236371592812,task10_li2008_formula_custom_implementation,Lingua::EN::Fathom 1.27 / Syllable 0.251 / Sentence 0.33 under perl 5.34
