research_company,file_name,call_date,fiscal_year,fiscal_quarter,communication_context,event_position,days_from_layoff,substantive_prepared_management_flag,prepared_context_exclusion_reason,prepared_context_review_flag,prepared_context_review_notes,pre1_distance_gt_120_flag,same_day_flag,missing_post2_flag,missing_post2_reason,preliminary_transcript_flag,short_context_flag,eligible_rq1,manual_review_flag,notes
Alphabet,Alphabet Inc._Earnings Call_2021-04-27T00_00_00_English.docx,2021-04-27,2021,FQ1,prepared_management,non_event,-633,1,,0,"non-candidate: 3 executive prepared turn(s) totalling 3,469 words (CEO & Director; Senior VP & CFO; Senior VP & Chief Business Officer)",0,0,0,,0,0,1,0,"non-candidate: 3 executive prepared turn(s) totalling 3,469 words (CEO & Director; Senior VP & CFO; Senior VP & Chief Business Officer)"
Alphabet,Alphabet Inc._Earnings Call_2021-04-27T00_00_00_English.docx,2021-04-27,2021,FQ1,managerial_qa,non_event,-633,,not_applicable,0,,0,0,0,,0,0,1,0,managerial_qa eligibility is independent of prepared-context validity
Alphabet,Alphabet Inc._Earnings Call_2021-07-27T00_00_00_English.docx,2021-07-27,2021,FQ2,prepared_management,non_event,-542,1,,0,"non-candidate: 3 executive prepared turn(s) totalling 3,363 words (CEO & Director; Senior VP & CFO; Senior VP & Chief Business Officer)",0,0,0,,0,0,1,0,"non-candidate: 3 executive prepared turn(s) totalling 3,363 words (CEO & Director; Senior VP & CFO; Senior VP & Chief Business Officer)"
Alphabet,Alphabet Inc._Earnings Call_2021-07-27T00_00_00_English.docx,2021-07-27,2021,FQ2,managerial_qa,non_event,-542,,not_applicable,0,,0,0,0,,0,0,1,0,managerial_qa eligibility is independent of prepared-context validity
Alphabet,Alphabet Inc._Earnings Call_2021-10-26T00_00_00_English.docx,2021-10-26,2021,FQ3,prepared_management,non_event,-451,1,,0,"non-candidate: 3 executive prepared turn(s) totalling 3,530 words (CEO & Director; Senior VP & CFO; Senior VP & Chief Business Officer)",0,0,0,,0,0,1,0,"non-candidate: 3 executive prepared turn(s) totalling 3,530 words (CEO & Director; Senior VP & CFO; Senior VP & Chief Business Officer)"
Alphabet,Alphabet Inc._Earnings Call_2021-10-26T00_00_00_English.docx,2021-10-26,2021,FQ3,managerial_qa,non_event,-451,,not_applicable,0,,0,0,0,,0,0,1,0,managerial_qa eligibility is independent of prepared-context validity
Alphabet,Alphabet Inc._Earnings Call_2022-02-01T00_00_00_English.docx,2022-02-01,2021,FQ4,prepared_management,non_event,-353,1,,0,"non-candidate: 3 executive prepared turn(s) totalling 3,869 words (CEO & Director; Senior VP & CFO; Senior VP & Chief Business Officer)",0,0,0,,0,0,1,0,"non-candidate: 3 executive prepared turn(s) totalling 3,869 words (CEO & Director; Senior VP & CFO; Senior VP & Chief Business Officer)"
Alphabet,Alphabet Inc._Earnings Call_2022-02-01T00_00_00_English.docx,2022-02-01,2021,FQ4,managerial_qa,non_event,-353,,not_applicable,0,,0,0,0,,0,0,1,0,managerial_qa eligibility is independent of prepared-context validity
Alphabet,Alphabet Inc._Earnings Call_2022-04-26T00_00_00_English.docx,2022-04-26,2022,FQ1,prepared_management,non_event,-269,1,,0,"non-candidate: 3 executive prepared turn(s) totalling 3,945 words (CEO & Director; Senior VP & CFO; Senior VP & Chief Business Officer)",0,0,0,,0,0,1,0,"non-candidate: 3 executive prepared turn(s) totalling 3,945 words (CEO & Director; Senior VP & CFO; Senior VP & Chief Business Officer)"
Alphabet,Alphabet Inc._Earnings Call_2022-04-26T00_00_00_English.docx,2022-04-26,2022,FQ1,managerial_qa,non_event,-269,,not_applicable,0,,0,0,0,,0,0,1,0,managerial_qa eligibility is independent of prepared-context validity
Alphabet,Alphabet Inc._Earnings Call_2022-07-26T00_00_00_English.docx,2022-07-26,2022,FQ2,prepared_management,pre_2,-178,1,,0,"non-candidate: 3 executive prepared turn(s) totalling 3,651 words (CEO & Director; Senior VP & CFO; Senior VP & Chief Business Officer)",0,0,0,,0,0,1,0,"non-candidate: 3 executive prepared turn(s) totalling 3,651 words (CEO & Director; Senior VP & CFO; Senior VP & Chief Business Officer)"
Alphabet,Alphabet Inc._Earnings Call_2022-07-26T00_00_00_English.docx,2022-07-26,2022,FQ2,managerial_qa,pre_2,-178,,not_applicable,0,,0,0,0,,0,0,1,0,managerial_qa eligibility is independent of prepared-context validity
Alphabet,Alphabet Inc._Earnings Call_2022-10-25T00_00_00_English.docx,2022-10-25,2022,FQ3,prepared_management,pre_1,-87,1,,0,"non-candidate: 3 executive prepared turn(s) totalling 3,942 words (CEO & Director; Senior VP & CFO; Senior VP & Chief Business Officer)",0,0,0,,0,0,1,0,"non-candidate: 3 executive prepared turn(s) totalling 3,942 words (CEO & Director; Senior VP & CFO; Senior VP & Chief Business Officer)"
Alphabet,Alphabet Inc._Earnings Call_2022-10-25T00_00_00_English.docx,2022-10-25,2022,FQ3,managerial_qa,pre_1,-87,,not_applicable,0,,0,0,0,,0,0,1,0,managerial_qa eligibility is independent of prepared-context validity
Alphabet,Alphabet Inc._Earnings Call_2023-02-02T00_00_00_English.docx,2023-02-02,2022,FQ4,prepared_management,post_1,13,1,,0,"non-candidate: 3 executive prepared turn(s) totalling 4,139 words (CEO & Director; Senior VP & CFO; Senior VP & Chief Business Officer)",0,0,0,,0,0,1,0,"non-candidate: 3 executive prepared turn(s) totalling 4,139 words (CEO & Director; Senior VP & CFO; Senior VP & Chief Business Officer)"
Alphabet,Alphabet Inc._Earnings Call_2023-02-02T00_00_00_English.docx,2023-02-02,2022,FQ4,managerial_qa,post_1,13,,not_applicable,0,,0,0,0,,0,0,1,0,managerial_qa eligibility is independent of prepared-context validity
Alphabet,Alphabet Inc._Earnings Call_2023-04-25T00_00_00_English.docx,2023-04-25,2023,FQ1,prepared_management,post_2,95,1,,0,"non-candidate: 3 executive prepared turn(s) totalling 4,093 words (CEO & Director; Senior VP & CFO; Senior VP & Chief Business Officer)",0,0,0,,0,0,1,0,"non-candidate: 3 executive prepared turn(s) totalling 4,093 words (CEO & Director; Senior VP & CFO; Senior VP & Chief Business Officer)"
Alphabet,Alphabet Inc._Earnings Call_2023-04-25T00_00_00_English.docx,2023-04-25,2023,FQ1,managerial_qa,post_2,95,,not_applicable,0,,0,0,0,,0,0,1,0,managerial_qa eligibility is independent of prepared-context validity
Alphabet,Alphabet Inc._Earnings Call_2023-07-25T00_00_00_English.docx,2023-07-25,2023,FQ2,prepared_management,non_event,186,1,,0,"non-candidate: 3 executive prepared turn(s) totalling 4,382 words (CEO & Director; Senior VP & CFO; Senior VP & Chief Business Officer)",0,0,0,,0,0,1,0,"non-candidate: 3 executive prepared turn(s) totalling 4,382 words (CEO & Director; Senior VP & CFO; Senior VP & Chief Business Officer)"
Alphabet,Alphabet Inc._Earnings Call_2023-07-25T00_00_00_English.docx,2023-07-25,2023,FQ2,managerial_qa,non_event,186,,not_applicable,0,,0,0,0,,0,0,1,0,managerial_qa eligibility is independent of prepared-context validity
Alphabet,Alphabet Inc._Earnings Call_2023-10-24T00_00_00_English.docx,2023-10-24,2023,FQ3,prepared_management,non_event,277,1,,0,"non-candidate: 3 executive prepared turn(s) totalling 3,971 words (CEO & Director; President, Chief Investment Officer, Senior VP & CFO; )",0,0,0,,0,0,1,0,"non-candidate: 3 executive prepared turn(s) totalling 3,971 words (CEO & Director; President, Chief Investment Officer, Senior VP & CFO; )"
Alphabet,Alphabet Inc._Earnings Call_2023-10-24T00_00_00_English.docx,2023-10-24,2023,FQ3,managerial_qa,non_event,277,,not_applicable,0,,0,0,0,,0,0,1,0,managerial_qa eligibility is independent of prepared-context validity
Alphabet,Alphabet Inc._Earnings Call_2024-01-30T00_00_00_English.docx,2024-01-30,2023,FQ4,prepared_management,non_event,375,1,,0,"non-candidate: 3 executive prepared turn(s) totalling 4,277 words (CEO & Director; President, Chief Investment Officer, Senior VP & CFO; )",0,0,0,,0,0,1,0,"non-candidate: 3 executive prepared turn(s) totalling 4,277 words (CEO & Director; President, Chief Investment Officer, Senior VP & CFO; )"
Alphabet,Alphabet Inc._Earnings Call_2024-01-30T00_00_00_English.docx,2024-01-30,2023,FQ4,managerial_qa,non_event,375,,not_applicable,0,,0,0,0,,0,0,1,0,managerial_qa eligibility is independent of prepared-context validity
Alphabet,Alphabet Inc._Earnings Call_2024-04-25T00_00_00_English.docx,2024-04-25,2024,FQ1,prepared_management,non_event,461,1,,0,"non-candidate: 3 executive prepared turn(s) totalling 4,493 words (CEO & Director; President, Chief Investment Officer, Senior VP & CFO; )",0,0,0,,0,0,1,0,"non-candidate: 3 executive prepared turn(s) totalling 4,493 words (CEO & Director; President, Chief Investment Officer, Senior VP & CFO; )"
Alphabet,Alphabet Inc._Earnings Call_2024-04-25T00_00_00_English.docx,2024-04-25,2024,FQ1,managerial_qa,non_event,461,,not_applicable,0,,0,0,0,,0,0,1,0,managerial_qa eligibility is independent of prepared-context validity
Alphabet,Alphabet Inc._Earnings Call_2024-07-23T00_00_00_English.docx,2024-07-23,2024,FQ2,prepared_management,non_event,550,1,,0,"non-candidate: 3 executive prepared turn(s) totalling 4,341 words (CEO & Director; President, Chief Investment Officer, Senior VP & CFO; )",0,0,0,,0,0,1,0,"non-candidate: 3 executive prepared turn(s) totalling 4,341 words (CEO & Director; President, Chief Investment Officer, Senior VP & CFO; )"
Alphabet,Alphabet Inc._Earnings Call_2024-07-23T00_00_00_English.docx,2024-07-23,2024,FQ2,managerial_qa,non_event,550,,not_applicable,0,,0,0,0,,0,0,1,0,managerial_qa eligibility is independent of prepared-context validity
Alphabet,Alphabet Inc._Earnings Call_2024-10-29T00_00_00_English.docx,2024-10-29,2024,FQ3,prepared_management,non_event,648,1,,0,"non-candidate: 3 executive prepared turn(s) totalling 4,653 words (CEO & Director; Senior VP & CFO; Senior Vice President & Chief Busines)",0,0,0,,0,0,1,0,"non-candidate: 3 executive prepared turn(s) totalling 4,653 words (CEO & Director; Senior VP & CFO; Senior Vice President & Chief Busines)"
Alphabet,Alphabet Inc._Earnings Call_2024-10-29T00_00_00_English.docx,2024-10-29,2024,FQ3,managerial_qa,non_event,648,,not_applicable,0,,0,0,0,,0,0,1,0,managerial_qa eligibility is independent of prepared-context validity
Alphabet,Alphabet Inc._Earnings Call_2025-02-04T00_00_00_English.docx,2025-02-04,2024,FQ4,prepared_management,non_event,746,1,,0,"non-candidate: 3 executive prepared turn(s) totalling 4,616 words (CEO & Director; Senior VP & CFO; Senior Vice President & Chief Busines)",0,0,0,,0,0,1,0,"non-candidate: 3 executive prepared turn(s) totalling 4,616 words (CEO & Director; Senior VP & CFO; Senior Vice President & Chief Busines)"
Alphabet,Alphabet Inc._Earnings Call_2025-02-04T00_00_00_English.docx,2025-02-04,2024,FQ4,managerial_qa,non_event,746,,not_applicable,0,,0,0,0,,0,0,1,0,managerial_qa eligibility is independent of prepared-context validity
Amazon,"Amazon.com, Inc._Earnings Call_2021-04-29T00_00_00_English.docx",2021-04-29,2021,FQ1,prepared_management,non_event,-566,1,,0,non-candidate: 1 executive prepared turn(s) totalling 840 words (Senior VP & CFO),0,0,0,,0,0,1,0,non-candidate: 1 executive prepared turn(s) totalling 840 words (Senior VP & CFO)
Amazon,"Amazon.com, Inc._Earnings Call_2021-04-29T00_00_00_English.docx",2021-04-29,2021,FQ1,managerial_qa,non_event,-566,,not_applicable,0,,0,0,0,,0,0,1,0,managerial_qa eligibility is independent of prepared-context validity
Amazon,"Amazon.com, Inc._Earnings Call_2021-07-29T00_00_00_English.docx",2021-07-29,2021,FQ2,prepared_management,non_event,-475,1,,0,"non-candidate: 1 executive prepared turn(s) totalling 1,226 words (Senior VP & CFO)",0,0,0,,0,0,1,0,"non-candidate: 1 executive prepared turn(s) totalling 1,226 words (Senior VP & CFO)"
Amazon,"Amazon.com, Inc._Earnings Call_2021-07-29T00_00_00_English.docx",2021-07-29,2021,FQ2,managerial_qa,non_event,-475,,not_applicable,0,,0,0,0,,0,0,1,0,managerial_qa eligibility is independent of prepared-context validity
Amazon,"Amazon.com, Inc._Earnings Call_2021-10-28T00_00_00_English.docx",2021-10-28,2021,FQ3,prepared_management,non_event,-384,1,,0,"non-candidate: 1 executive prepared turn(s) totalling 1,660 words (Senior VP & CFO)",0,0,0,,0,0,1,0,"non-candidate: 1 executive prepared turn(s) totalling 1,660 words (Senior VP & CFO)"
Amazon,"Amazon.com, Inc._Earnings Call_2021-10-28T00_00_00_English.docx",2021-10-28,2021,FQ3,managerial_qa,non_event,-384,,not_applicable,0,,0,0,0,,0,0,1,0,managerial_qa eligibility is independent of prepared-context validity
Amazon,"Amazon.com, Inc._Earnings Call_2022-02-03T00_00_00_English.docx",2022-02-03,2021,FQ4,prepared_management,non_event,-286,1,,0,"non-candidate: 1 executive prepared turn(s) totalling 1,474 words (Senior VP & CFO)",0,0,0,,0,0,1,0,"non-candidate: 1 executive prepared turn(s) totalling 1,474 words (Senior VP & CFO)"
Amazon,"Amazon.com, Inc._Earnings Call_2022-02-03T00_00_00_English.docx",2022-02-03,2021,FQ4,managerial_qa,non_event,-286,,not_applicable,0,,0,0,0,,0,0,1,0,managerial_qa eligibility is independent of prepared-context validity
Amazon,"Amazon.com, Inc._Earnings Call_2022-04-28T00_00_00_English.docx",2022-04-28,2022,FQ1,prepared_management,non_event,-202,1,,0,"non-candidate: 1 executive prepared turn(s) totalling 1,587 words (Senior VP & CFO)",0,0,0,,0,0,1,0,"non-candidate: 1 executive prepared turn(s) totalling 1,587 words (Senior VP & CFO)"
Amazon,"Amazon.com, Inc._Earnings Call_2022-04-28T00_00_00_English.docx",2022-04-28,2022,FQ1,managerial_qa,non_event,-202,,not_applicable,0,,0,0,0,,0,0,1,0,managerial_qa eligibility is independent of prepared-context validity
Amazon,"Amazon.com, Inc._Earnings Call_2022-07-28T00_00_00_English.docx",2022-07-28,2022,FQ2,prepared_management,pre_2,-111,1,,0,"non-candidate: 1 executive prepared turn(s) totalling 1,562 words (Senior VP & CFO)",0,0,0,,0,0,1,0,"non-candidate: 1 executive prepared turn(s) totalling 1,562 words (Senior VP & CFO)"
Amazon,"Amazon.com, Inc._Earnings Call_2022-07-28T00_00_00_English.docx",2022-07-28,2022,FQ2,managerial_qa,pre_2,-111,,not_applicable,0,,0,0,0,,0,0,1,0,managerial_qa eligibility is independent of prepared-context validity
Amazon,"Amazon.com, Inc._Earnings Call_2022-10-27T00_00_00_English.docx",2022-10-27,2022,FQ3,prepared_management,pre_1,-20,1,,0,"non-candidate: 1 executive prepared turn(s) totalling 1,417 words (Senior VP & CFO)",0,0,0,,0,0,1,0,"non-candidate: 1 executive prepared turn(s) totalling 1,417 words (Senior VP & CFO)"
Amazon,"Amazon.com, Inc._Earnings Call_2022-10-27T00_00_00_English.docx",2022-10-27,2022,FQ3,managerial_qa,pre_1,-20,,not_applicable,0,,0,0,0,,0,0,1,0,managerial_qa eligibility is independent of prepared-context validity
Amazon,"Amazon.com, Inc._Earnings Call_2023-02-02T00_00_00_English.docx",2023-02-02,2022,FQ4,prepared_management,post_1,78,1,,0,"non-candidate: 2 executive prepared turn(s) totalling 1,589 words (President, CEO & Director; Senior VP & CFO)",0,0,0,,0,0,1,0,"non-candidate: 2 executive prepared turn(s) totalling 1,589 words (President, CEO & Director; Senior VP & CFO)"
Amazon,"Amazon.com, Inc._Earnings Call_2023-02-02T00_00_00_English.docx",2023-02-02,2022,FQ4,managerial_qa,post_1,78,,not_applicable,0,,0,0,0,,0,0,1,0,managerial_qa eligibility is independent of prepared-context validity
Amazon,"Amazon.com, Inc._Earnings Call_2023-04-27T00_00_00_English.docx",2023-04-27,2023,FQ1,prepared_management,post_2,162,1,,0,"non-candidate: 2 executive prepared turn(s) totalling 2,062 words (President, CEO & Director; Senior VP & CFO)",0,0,0,,0,0,1,0,"non-candidate: 2 executive prepared turn(s) totalling 2,062 words (President, CEO & Director; Senior VP & CFO)"
Amazon,"Amazon.com, Inc._Earnings Call_2023-04-27T00_00_00_English.docx",2023-04-27,2023,FQ1,managerial_qa,post_2,162,,not_applicable,0,,0,0,0,,0,0,1,0,managerial_qa eligibility is independent of prepared-context validity
Amazon,"Amazon.com, Inc._Earnings Call_2023-08-03T00_00_00_English.docx",2023-08-03,2023,FQ2,prepared_management,non_event,260,1,,0,"non-candidate: 2 executive prepared turn(s) totalling 3,372 words (President, CEO & Director; Senior VP & CFO)",0,0,0,,0,0,1,0,"non-candidate: 2 executive prepared turn(s) totalling 3,372 words (President, CEO & Director; Senior VP & CFO)"
Amazon,"Amazon.com, Inc._Earnings Call_2023-08-03T00_00_00_English.docx",2023-08-03,2023,FQ2,managerial_qa,non_event,260,,not_applicable,0,,0,0,0,,0,0,1,0,managerial_qa eligibility is independent of prepared-context validity
Amazon,"Amazon.com, Inc._Earnings Call_2023-10-26T00_00_00_English.docx",2023-10-26,2023,FQ3,prepared_management,non_event,344,1,,0,"non-candidate: 2 executive prepared turn(s) totalling 3,469 words (President, CEO & Director; Senior VP & CFO)",0,0,0,,0,0,1,0,"non-candidate: 2 executive prepared turn(s) totalling 3,469 words (President, CEO & Director; Senior VP & CFO)"
Amazon,"Amazon.com, Inc._Earnings Call_2023-10-26T00_00_00_English.docx",2023-10-26,2023,FQ3,managerial_qa,non_event,344,,not_applicable,0,,0,0,0,,0,0,1,0,managerial_qa eligibility is independent of prepared-context validity
Amazon,"Amazon.com, Inc._Earnings Call_2024-02-01T00_00_00_English.docx",2024-02-01,2023,FQ4,prepared_management,non_event,442,1,,0,"non-candidate: 2 executive prepared turn(s) totalling 3,452 words (President, CEO & Director; Senior VP & CFO)",0,0,0,,0,0,1,0,"non-candidate: 2 executive prepared turn(s) totalling 3,452 words (President, CEO & Director; Senior VP & CFO)"
Amazon,"Amazon.com, Inc._Earnings Call_2024-02-01T00_00_00_English.docx",2024-02-01,2023,FQ4,managerial_qa,non_event,442,,not_applicable,0,,0,0,0,,0,0,1,0,managerial_qa eligibility is independent of prepared-context validity
Amazon,"Amazon.com, Inc._Earnings Call_2024-04-30T00_00_00_English.docx",2024-04-30,2024,FQ1,prepared_management,non_event,531,1,,0,"non-candidate: 2 executive prepared turn(s) totalling 3,583 words (President, CEO & Director; Senior VP & CFO)",0,0,0,,0,0,1,0,"non-candidate: 2 executive prepared turn(s) totalling 3,583 words (President, CEO & Director; Senior VP & CFO)"
Amazon,"Amazon.com, Inc._Earnings Call_2024-04-30T00_00_00_English.docx",2024-04-30,2024,FQ1,managerial_qa,non_event,531,,not_applicable,0,,0,0,0,,0,0,1,0,managerial_qa eligibility is independent of prepared-context validity
Amazon,"Amazon.com, Inc._Earnings Call_2024-08-01T00_00_00_English.docx",2024-08-01,2024,FQ2,prepared_management,non_event,624,1,,0,"non-candidate: 2 executive prepared turn(s) totalling 3,255 words (President, CEO & Director; Senior VP & CFO)",0,0,0,,0,0,1,0,"non-candidate: 2 executive prepared turn(s) totalling 3,255 words (President, CEO & Director; Senior VP & CFO)"
Amazon,"Amazon.com, Inc._Earnings Call_2024-08-01T00_00_00_English.docx",2024-08-01,2024,FQ2,managerial_qa,non_event,624,,not_applicable,0,,0,0,0,,0,0,1,0,managerial_qa eligibility is independent of prepared-context validity
Amazon,"Amazon.com, Inc._Earnings Call_2024-10-31T00_00_00_English.docx",2024-10-31,2024,FQ3,prepared_management,non_event,715,1,,0,"non-candidate: 2 executive prepared turn(s) totalling 3,190 words (President, CEO & Director; Senior VP & CFO)",0,0,0,,0,0,1,0,"non-candidate: 2 executive prepared turn(s) totalling 3,190 words (President, CEO & Director; Senior VP & CFO)"
Amazon,"Amazon.com, Inc._Earnings Call_2024-10-31T00_00_00_English.docx",2024-10-31,2024,FQ3,managerial_qa,non_event,715,,not_applicable,0,,0,0,0,,0,0,1,0,managerial_qa eligibility is independent of prepared-context validity
Amazon,"Amazon.com, Inc._Earnings Call_2025-02-06T00_00_00_English.docx",2025-02-06,2024,FQ4,prepared_management,non_event,813,1,,0,"non-candidate: 2 executive prepared turn(s) totalling 3,588 words (President, CEO & Director; Senior VP & CFO)",0,0,0,,0,0,1,0,"non-candidate: 2 executive prepared turn(s) totalling 3,588 words (President, CEO & Director; Senior VP & CFO)"
Amazon,"Amazon.com, Inc._Earnings Call_2025-02-06T00_00_00_English.docx",2025-02-06,2024,FQ4,managerial_qa,non_event,813,,not_applicable,0,,0,0,0,,0,0,1,0,managerial_qa eligibility is independent of prepared-context validity
Block,"Block, Inc._Earnings Call_2021-05-06T00_00_00_English.docx",2021-05-06,2021,FQ1,prepared_management,non_event,-999,1,,0,"non-candidate: 2 executive prepared turn(s) totalling 1,530 words (CFO & Treasurer; Co-Founder, Chairman, President & CEO)",0,0,0,,0,0,1,0,"non-candidate: 2 executive prepared turn(s) totalling 1,530 words (CFO & Treasurer; Co-Founder, Chairman, President & CEO)"
Block,"Block, Inc._Earnings Call_2021-05-06T00_00_00_English.docx",2021-05-06,2021,FQ1,managerial_qa,non_event,-999,,not_applicable,0,,0,0,0,,0,0,1,0,managerial_qa eligibility is independent of prepared-context validity
Block,"Block, Inc._Earnings Call_2021-08-02T00_00_00_English.docx",2021-08-02,2021,FQ2,prepared_management,non_event,-911,1,,0,"non-candidate: 2 executive prepared turn(s) totalling 1,707 words (CFO & Treasurer; Co-Founder, Chairman, President & CEO)",0,0,0,,0,0,1,0,"non-candidate: 2 executive prepared turn(s) totalling 1,707 words (CFO & Treasurer; Co-Founder, Chairman, President & CEO)"
Block,"Block, Inc._Earnings Call_2021-08-02T00_00_00_English.docx",2021-08-02,2021,FQ2,managerial_qa,non_event,-911,,not_applicable,0,,0,0,0,,0,0,1,0,managerial_qa eligibility is independent of prepared-context validity
Block,"Block, Inc._Earnings Call_2021-11-04T00_00_00_English.docx",2021-11-04,2021,FQ3,prepared_management,non_event,-817,1,,0,"non-candidate: 2 executive prepared turn(s) totalling 1,689 words (CFO & Treasurer; Co-Founder, Chairman, President & CEO)",0,0,0,,0,0,1,0,"non-candidate: 2 executive prepared turn(s) totalling 1,689 words (CFO & Treasurer; Co-Founder, Chairman, President & CEO)"
Block,"Block, Inc._Earnings Call_2021-11-04T00_00_00_English.docx",2021-11-04,2021,FQ3,managerial_qa,non_event,-817,,not_applicable,0,,0,0,0,,0,0,1,0,managerial_qa eligibility is independent of prepared-context validity
Block,"Block, Inc._Earnings Call_2022-02-24T00_00_00_English.docx",2022-02-24,2021,FQ4,prepared_management,non_event,-705,1,,0,"non-candidate: 2 executive prepared turn(s) totalling 2,768 words (CFO & Treasurer; Co-Founder, Chairman, President & CEO)",0,0,0,,0,0,1,0,"non-candidate: 2 executive prepared turn(s) totalling 2,768 words (CFO & Treasurer; Co-Founder, Chairman, President & CEO)"
Block,"Block, Inc._Earnings Call_2022-02-24T00_00_00_English.docx",2022-02-24,2021,FQ4,managerial_qa,non_event,-705,,not_applicable,0,,0,0,0,,0,0,1,0,managerial_qa eligibility is independent of prepared-context validity
Block,"Block, Inc._Earnings Call_2022-05-05T00_00_00_English.docx",2022-05-05,2022,FQ1,prepared_management,non_event,-635,1,,0,"non-candidate: 2 executive prepared turn(s) totalling 2,197 words (CFO & Treasurer; Co-Founder, Chairman & President)",0,0,0,,0,0,1,0,"non-candidate: 2 executive prepared turn(s) totalling 2,197 words (CFO & Treasurer; Co-Founder, Chairman & President)"
Block,"Block, Inc._Earnings Call_2022-05-05T00_00_00_English.docx",2022-05-05,2022,FQ1,managerial_qa,non_event,-635,,not_applicable,0,,0,0,0,,0,0,1,0,managerial_qa eligibility is independent of prepared-context validity
Block,"Block, Inc._Earnings Call_2022-08-04T00_00_00_English.docx",2022-08-04,2022,FQ2,prepared_management,non_event,-544,1,,0,"non-candidate: 2 executive prepared turn(s) totalling 2,886 words (CFO & Treasurer; Co-Founder, Chairman & President)",0,0,0,,0,0,1,0,"non-candidate: 2 executive prepared turn(s) totalling 2,886 words (CFO & Treasurer; Co-Founder, Chairman & President)"
Block,"Block, Inc._Earnings Call_2022-08-04T00_00_00_English.docx",2022-08-04,2022,FQ2,managerial_qa,non_event,-544,,not_applicable,0,,0,0,0,,0,0,1,0,managerial_qa eligibility is independent of prepared-context validity
Block,"Block, Inc._Earnings Call_2022-11-03T00_00_00_English.docx",2022-11-03,2022,FQ3,prepared_management,non_event,-453,1,,0,"non-candidate: 2 executive prepared turn(s) totalling 2,744 words (CFO & Treasurer; Co-Founder, Chairman & President)",0,0,0,,0,0,1,0,"non-candidate: 2 executive prepared turn(s) totalling 2,744 words (CFO & Treasurer; Co-Founder, Chairman & President)"
Block,"Block, Inc._Earnings Call_2022-11-03T00_00_00_English.docx",2022-11-03,2022,FQ3,managerial_qa,non_event,-453,,not_applicable,0,,0,0,0,,0,0,1,0,managerial_qa eligibility is independent of prepared-context validity
Block,"Block, Inc._Earnings Call_2023-02-23T00_00_00_English.docx",2023-02-23,2022,FQ4,prepared_management,non_event,-341,1,,0,"non-candidate: 2 executive prepared turn(s) totalling 2,833 words (CFO & Treasurer; Co-Founder, Block Head, Chairman & President)",0,0,0,,0,0,1,0,"non-candidate: 2 executive prepared turn(s) totalling 2,833 words (CFO & Treasurer; Co-Founder, Block Head, Chairman & President)"
Block,"Block, Inc._Earnings Call_2023-02-23T00_00_00_English.docx",2023-02-23,2022,FQ4,managerial_qa,non_event,-341,,not_applicable,0,,0,0,0,,0,0,1,0,managerial_qa eligibility is independent of prepared-context validity
Block,"Block, Inc._Earnings Call_2023-05-04T00_00_00_English.docx",2023-05-04,2023,FQ1,prepared_management,non_event,-271,1,,0,"non-candidate: 2 executive prepared turn(s) totalling 2,597 words (COO, CFO & Treasurer; Co-Founder, Block Head, Chairman & President)",0,0,0,,0,0,1,0,"non-candidate: 2 executive prepared turn(s) totalling 2,597 words (COO, CFO & Treasurer; Co-Founder, Block Head, Chairman & President)"
Block,"Block, Inc._Earnings Call_2023-05-04T00_00_00_English.docx",2023-05-04,2023,FQ1,managerial_qa,non_event,-271,,not_applicable,0,,0,0,0,,0,0,1,0,managerial_qa eligibility is independent of prepared-context validity
Block,"Block, Inc._Earnings Call_2023-08-03T00_00_00_English.docx",2023-08-03,2023,FQ2,prepared_management,pre_2,-180,1,,0,"non-candidate: 2 executive prepared turn(s) totalling 2,171 words (COO, CFO & Treasurer; Co-Founder, Block Head, Chairman & President)",0,0,0,,0,0,1,0,"non-candidate: 2 executive prepared turn(s) totalling 2,171 words (COO, CFO & Treasurer; Co-Founder, Block Head, Chairman & President)"
Block,"Block, Inc._Earnings Call_2023-08-03T00_00_00_English.docx",2023-08-03,2023,FQ2,managerial_qa,pre_2,-180,,not_applicable,0,,0,0,0,,0,0,1,0,managerial_qa eligibility is independent of prepared-context validity
Block,"Block, Inc._Earnings Call_2023-11-02T00_00_00_English.docx",2023-11-02,2023,FQ3,prepared_management,pre_1,-89,1,,0,"non-candidate: 2 executive prepared turn(s) totalling 2,060 words (COO, CFO & Treasurer; Co-Founder, Block Head, Chairman & President and)",0,0,0,,0,0,1,0,"non-candidate: 2 executive prepared turn(s) totalling 2,060 words (COO, CFO & Treasurer; Co-Founder, Block Head, Chairman & President and)"
Block,"Block, Inc._Earnings Call_2023-11-02T00_00_00_English.docx",2023-11-02,2023,FQ3,managerial_qa,pre_1,-89,,not_applicable,0,,0,0,0,,0,0,1,0,managerial_qa eligibility is independent of prepared-context validity
Block,"Block, Inc._Earnings Call_2024-02-22T00_00_00_English.docx",2024-02-22,2023,FQ4,prepared_management,post_1,23,1,,0,"non-candidate: 2 executive prepared turn(s) totalling 1,578 words (COO, CFO & Treasurer; Co-Founder, Block Head, Chairman & President and)",0,0,0,,0,0,1,0,"non-candidate: 2 executive prepared turn(s) totalling 1,578 words (COO, CFO & Treasurer; Co-Founder, Block Head, Chairman & President and)"
Block,"Block, Inc._Earnings Call_2024-02-22T00_00_00_English.docx",2024-02-22,2023,FQ4,managerial_qa,post_1,23,,not_applicable,0,,0,0,0,,0,0,1,0,managerial_qa eligibility is independent of prepared-context validity
Block,"Block, Inc._Earnings Call_2024-05-02T00_00_00_English.docx",2024-05-02,2024,FQ1,prepared_management,post_2,93,1,,0,"non-candidate: 2 executive prepared turn(s) totalling 1,075 words (COO, CFO & Treasurer; Co-Founder, Block Head, Chairman & Square Head)",0,0,0,,0,0,1,0,"non-candidate: 2 executive prepared turn(s) totalling 1,075 words (COO, CFO & Treasurer; Co-Founder, Block Head, Chairman & Square Head)"
Block,"Block, Inc._Earnings Call_2024-05-02T00_00_00_English.docx",2024-05-02,2024,FQ1,managerial_qa,post_2,93,,not_applicable,0,,0,0,0,,0,0,1,0,managerial_qa eligibility is independent of prepared-context validity
Block,"Block, Inc._Earnings Call_2024-08-01T00_00_00_English.docx",2024-08-01,2024,FQ2,prepared_management,non_event,184,1,,0,"non-candidate: 2 executive prepared turn(s) totalling 1,103 words (COO, CFO & Treasurer; Co-Founder, Block Head, Chairman & Square Head)",0,0,0,,0,0,1,0,"non-candidate: 2 executive prepared turn(s) totalling 1,103 words (COO, CFO & Treasurer; Co-Founder, Block Head, Chairman & Square Head)"
Block,"Block, Inc._Earnings Call_2024-08-01T00_00_00_English.docx",2024-08-01,2024,FQ2,managerial_qa,non_event,184,,not_applicable,0,,0,0,0,,0,0,1,0,managerial_qa eligibility is independent of prepared-context validity
Block,"Block, Inc._Earnings Call_2024-11-07T00_00_00_English.docx",2024-11-07,2024,FQ3,prepared_management,non_event,282,1,,0,"non-candidate: 2 executive prepared turn(s) totalling 886 words (COO, CFO & Treasurer; Co-Founder, Block Head & Chairman)",0,0,0,,0,0,1,0,"non-candidate: 2 executive prepared turn(s) totalling 886 words (COO, CFO & Treasurer; Co-Founder, Block Head & Chairman)"
Block,"Block, Inc._Earnings Call_2024-11-07T00_00_00_English.docx",2024-11-07,2024,FQ3,managerial_qa,non_event,282,,not_applicable,0,,0,0,0,,0,0,1,0,managerial_qa eligibility is independent of prepared-context validity
Block,"Block, Inc._Earnings Call_2025-02-20T00_00_00_English.docx",2025-02-20,2024,FQ4,prepared_management,non_event,387,1,,0,"non-candidate: 2 executive prepared turn(s) totalling 1,052 words (COO, CFO & Treasurer; Co-Founder, Block Head & Chairman)",0,0,0,,0,0,1,0,"non-candidate: 2 executive prepared turn(s) totalling 1,052 words (COO, CFO & Treasurer; Co-Founder, Block Head & Chairman)"
Block,"Block, Inc._Earnings Call_2025-02-20T00_00_00_English.docx",2025-02-20,2024,FQ4,managerial_qa,non_event,387,,not_applicable,0,,0,0,0,,0,0,1,0,managerial_qa eligibility is independent of prepared-context validity
Cisco,"Cisco Systems, Inc._Earnings Call_2020-11-12T00_00_00_English.docx",2020-11-12,2021,FQ1,prepared_management,non_event,-1366,1,,0,"non-candidate: 2 executive prepared turn(s) totalling 2,426 words (Chairman & CEO; Executive VP & CFO)",0,0,1,sample_boundary,0,0,1,0,"non-candidate: 2 executive prepared turn(s) totalling 2,426 words (Chairman & CEO; Executive VP & CFO)"
Cisco,"Cisco Systems, Inc._Earnings Call_2020-11-12T00_00_00_English.docx",2020-11-12,2021,FQ1,managerial_qa,non_event,-1366,,not_applicable,0,,0,0,1,sample_boundary,0,0,1,0,managerial_qa eligibility is independent of prepared-context validity
Cisco,"Cisco Systems, Inc._Earnings Call_2021-02-09T00_00_00_English.docx",2021-02-09,2021,FQ2,prepared_management,non_event,-1277,1,,0,"non-candidate: 2 executive prepared turn(s) totalling 3,023 words (Chairman & CEO; Executive VP & CFO)",0,0,1,sample_boundary,0,0,1,0,"non-candidate: 2 executive prepared turn(s) totalling 3,023 words (Chairman & CEO; Executive VP & CFO)"
Cisco,"Cisco Systems, Inc._Earnings Call_2021-02-09T00_00_00_English.docx",2021-02-09,2021,FQ2,managerial_qa,non_event,-1277,,not_applicable,0,,0,0,1,sample_boundary,0,0,1,0,managerial_qa eligibility is independent of prepared-context validity
Cisco,"Cisco Systems, Inc._Earnings Call_2021-05-19T00_00_00_English.docx",2021-05-19,2021,FQ3,prepared_management,non_event,-1178,1,,0,"non-candidate: 2 executive prepared turn(s) totalling 3,104 words (Chairman & CEO; Executive VP & CFO)",0,0,1,sample_boundary,0,0,1,0,"non-candidate: 2 executive prepared turn(s) totalling 3,104 words (Chairman & CEO; Executive VP & CFO)"
Cisco,"Cisco Systems, Inc._Earnings Call_2021-05-19T00_00_00_English.docx",2021-05-19,2021,FQ3,managerial_qa,non_event,-1178,,not_applicable,0,,0,0,1,sample_boundary,0,0,1,0,managerial_qa eligibility is independent of prepared-context validity
Cisco,"Cisco Systems, Inc._Earnings Call_2021-08-18T00_00_00_English.docx",2021-08-18,2021,FQ4,prepared_management,non_event,-1087,1,,0,"non-candidate: 2 executive prepared turn(s) totalling 3,113 words (Chairman & CEO; Executive VP & CFO)",0,0,1,sample_boundary,0,0,1,0,"non-candidate: 2 executive prepared turn(s) totalling 3,113 words (Chairman & CEO; Executive VP & CFO)"
Cisco,"Cisco Systems, Inc._Earnings Call_2021-08-18T00_00_00_English.docx",2021-08-18,2021,FQ4,managerial_qa,non_event,-1087,,not_applicable,0,,0,0,1,sample_boundary,0,0,1,0,managerial_qa eligibility is independent of prepared-context validity
Cisco,"Cisco Systems, Inc._Earnings Call_2021-11-17T00_00_00_English.docx",2021-11-17,2022,FQ1,prepared_management,non_event,-996,1,,0,"non-candidate: 2 executive prepared turn(s) totalling 2,696 words (Chairman & CEO; Executive VP & CFO)",0,0,1,sample_boundary,0,0,1,0,"non-candidate: 2 executive prepared turn(s) totalling 2,696 words (Chairman & CEO; Executive VP & CFO)"
Cisco,"Cisco Systems, Inc._Earnings Call_2021-11-17T00_00_00_English.docx",2021-11-17,2022,FQ1,managerial_qa,non_event,-996,,not_applicable,0,,0,0,1,sample_boundary,0,0,1,0,managerial_qa eligibility is independent of prepared-context validity
Cisco,"Cisco Systems, Inc._Earnings Call_2022-02-16T00_00_00_English.docx",2022-02-16,2022,FQ2,prepared_management,non_event,-905,1,,0,"non-candidate: 2 executive prepared turn(s) totalling 2,769 words (Chairman & CEO; Executive VP & CFO)",0,0,1,sample_boundary,0,0,1,0,"non-candidate: 2 executive prepared turn(s) totalling 2,769 words (Chairman & CEO; Executive VP & CFO)"
Cisco,"Cisco Systems, Inc._Earnings Call_2022-02-16T00_00_00_English.docx",2022-02-16,2022,FQ2,managerial_qa,non_event,-905,,not_applicable,0,,0,0,1,sample_boundary,0,0,1,0,managerial_qa eligibility is independent of prepared-context validity
Cisco,"Cisco Systems, Inc._Earnings Call_2022-05-18T00_00_00_English.docx",2022-05-18,2022,FQ3,prepared_management,non_event,-814,1,,0,"non-candidate: 2 executive prepared turn(s) totalling 2,365 words (Chairman & CEO; Executive VP & CFO)",0,0,1,sample_boundary,0,0,1,0,"non-candidate: 2 executive prepared turn(s) totalling 2,365 words (Chairman & CEO; Executive VP & CFO)"
Cisco,"Cisco Systems, Inc._Earnings Call_2022-05-18T00_00_00_English.docx",2022-05-18,2022,FQ3,managerial_qa,non_event,-814,,not_applicable,0,,0,0,1,sample_boundary,0,0,1,0,managerial_qa eligibility is independent of prepared-context validity
Cisco,"Cisco Systems, Inc._Earnings Call_2022-08-17T00_00_00_English.docx",2022-08-17,2022,FQ4,prepared_management,non_event,-723,1,,0,"non-candidate: 2 executive prepared turn(s) totalling 3,046 words (Chairman & CEO; Executive VP & CFO)",0,0,1,sample_boundary,0,0,1,0,"non-candidate: 2 executive prepared turn(s) totalling 3,046 words (Chairman & CEO; Executive VP & CFO)"
Cisco,"Cisco Systems, Inc._Earnings Call_2022-08-17T00_00_00_English.docx",2022-08-17,2022,FQ4,managerial_qa,non_event,-723,,not_applicable,0,,0,0,1,sample_boundary,0,0,1,0,managerial_qa eligibility is independent of prepared-context validity
Cisco,"Cisco Systems, Inc._Earnings Call_2022-11-16T00_00_00_English.docx",2022-11-16,2023,FQ1,prepared_management,non_event,-632,1,,0,"non-candidate: 2 executive prepared turn(s) totalling 2,274 words (Chairman & CEO; Executive VP & CFO)",0,0,1,sample_boundary,0,0,1,0,"non-candidate: 2 executive prepared turn(s) totalling 2,274 words (Chairman & CEO; Executive VP & CFO)"
Cisco,"Cisco Systems, Inc._Earnings Call_2022-11-16T00_00_00_English.docx",2022-11-16,2023,FQ1,managerial_qa,non_event,-632,,not_applicable,0,,0,0,1,sample_boundary,0,0,1,0,managerial_qa eligibility is independent of prepared-context validity
Cisco,"Cisco Systems, Inc._Earnings Call_2023-02-15T00_00_00_English.docx",2023-02-15,2023,FQ2,prepared_management,non_event,-541,1,,0,"non-candidate: 3 executive prepared turn(s) totalling 2,416 words (Chairman & CEO; Executive VP & CFO)",0,0,1,sample_boundary,0,0,1,0,"non-candidate: 3 executive prepared turn(s) totalling 2,416 words (Chairman & CEO; Executive VP & CFO)"
Cisco,"Cisco Systems, Inc._Earnings Call_2023-02-15T00_00_00_English.docx",2023-02-15,2023,FQ2,managerial_qa,non_event,-541,,not_applicable,0,,0,0,1,sample_boundary,0,0,1,0,managerial_qa eligibility is independent of prepared-context validity
Cisco,"Cisco Systems, Inc._Earnings Call_2023-05-17T00_00_00_English.docx",2023-05-17,2023,FQ3,prepared_management,non_event,-450,1,,0,"non-candidate: 2 executive prepared turn(s) totalling 2,292 words (Chairman & CEO; Executive VP & CFO)",0,0,1,sample_boundary,0,0,1,0,"non-candidate: 2 executive prepared turn(s) totalling 2,292 words (Chairman & CEO; Executive VP & CFO)"
Cisco,"Cisco Systems, Inc._Earnings Call_2023-05-17T00_00_00_English.docx",2023-05-17,2023,FQ3,managerial_qa,non_event,-450,,not_applicable,0,,0,0,1,sample_boundary,0,0,1,0,managerial_qa eligibility is independent of prepared-context validity
Cisco,"Cisco Systems, Inc._Earnings Call_2023-08-16T00_00_00_English.docx",2023-08-16,2023,FQ4,prepared_management,non_event,-359,1,,0,"non-candidate: 2 executive prepared turn(s) totalling 2,177 words (Chairman & CEO; Executive VP & CFO)",0,0,1,sample_boundary,0,0,1,0,"non-candidate: 2 executive prepared turn(s) totalling 2,177 words (Chairman & CEO; Executive VP & CFO)"
Cisco,"Cisco Systems, Inc._Earnings Call_2023-08-16T00_00_00_English.docx",2023-08-16,2023,FQ4,managerial_qa,non_event,-359,,not_applicable,0,,0,0,1,sample_boundary,0,0,1,0,managerial_qa eligibility is independent of prepared-context validity
Cisco,"Cisco Systems, Inc._Earnings Call_2023-11-15T00_00_00_English.docx",2023-11-15,2024,FQ1,prepared_management,non_event,-268,1,,0,"non-candidate: 4 executive prepared turn(s) totalling 2,457 words (Chairman & CEO; Charles H. Robbins; Executive VP & CFO)",0,0,1,sample_boundary,0,0,1,0,"non-candidate: 4 executive prepared turn(s) totalling 2,457 words (Chairman & CEO; Charles H. Robbins; Executive VP & CFO)"
Cisco,"Cisco Systems, Inc._Earnings Call_2023-11-15T00_00_00_English.docx",2023-11-15,2024,FQ1,managerial_qa,non_event,-268,,not_applicable,0,,0,0,1,sample_boundary,0,0,1,0,managerial_qa eligibility is independent of prepared-context validity
Cisco,"Cisco Systems, Inc._Earnings Call_2024-02-14T00_00_00_English.docx",2024-02-14,2024,FQ2,prepared_management,pre_2,-177,1,,0,"non-candidate: 2 executive prepared turn(s) totalling 2,360 words (Chairman & CEO; Executive VP & CFO)",0,0,1,sample_boundary,0,0,1,0,"non-candidate: 2 executive prepared turn(s) totalling 2,360 words (Chairman & CEO; Executive VP & CFO)"
Cisco,"Cisco Systems, Inc._Earnings Call_2024-02-14T00_00_00_English.docx",2024-02-14,2024,FQ2,managerial_qa,pre_2,-177,,not_applicable,0,,0,0,1,sample_boundary,0,0,1,0,managerial_qa eligibility is independent of prepared-context validity
Cisco,"Cisco Systems, Inc._Earnings Call_2024-05-15T00_00_00_English.docx",2024-05-15,2024,FQ3,prepared_management,pre_1,-86,1,,0,"non-candidate: 2 executive prepared turn(s) totalling 2,538 words (Chairman & CEO; Executive VP & CFO)",0,0,1,sample_boundary,0,0,1,0,"non-candidate: 2 executive prepared turn(s) totalling 2,538 words (Chairman & CEO; Executive VP & CFO)"
Cisco,"Cisco Systems, Inc._Earnings Call_2024-05-15T00_00_00_English.docx",2024-05-15,2024,FQ3,managerial_qa,pre_1,-86,,not_applicable,0,,0,0,1,sample_boundary,0,0,1,0,managerial_qa eligibility is independent of prepared-context validity
Cisco,"Cisco Systems, Inc._Earnings Call_2024-08-14T00_00_00_English.docx",2024-08-14,2024,FQ4,prepared_management,post_1,5,1,,0,"non-candidate: 2 executive prepared turn(s) totalling 2,621 words (Chairman & CEO; Executive VP & CFO)",0,0,1,sample_boundary,0,0,1,0,"non-candidate: 2 executive prepared turn(s) totalling 2,621 words (Chairman & CEO; Executive VP & CFO)"
Cisco,"Cisco Systems, Inc._Earnings Call_2024-08-14T00_00_00_English.docx",2024-08-14,2024,FQ4,managerial_qa,post_1,5,,not_applicable,0,,0,0,1,sample_boundary,0,0,1,0,managerial_qa eligibility is independent of prepared-context validity
Coinbase,"Coinbase Global, Inc._Earnings Call_2021-05-13T00_00_00_English.docx",2021-05-13,2021,FQ1,prepared_management,non_event,-397,0,ir_introduction_and_safe_harbour_only,0,"Sole prepared turn is VP of Investor Relations: welcome, speaker introductions, '[quote removed]', forward-looking-statement boilerplate. No executive prepared remarks.",0,0,0,,0,0,0,0,"Sole prepared turn is VP of Investor Relations: welcome, speaker introductions, '[quote removed]', forward-looking-statement boilerplate. No executive prepared remarks."
Coinbase,"Coinbase Global, Inc._Earnings Call_2021-05-13T00_00_00_English.docx",2021-05-13,2021,FQ1,managerial_qa,non_event,-397,,not_applicable,0,,0,0,0,,0,0,1,0,managerial_qa eligibility is independent of prepared-context validity
Coinbase,"Coinbase Global, Inc._Earnings Call_2021-08-10T00_00_00_English.docx",2021-08-10,2021,FQ2,prepared_management,non_event,-308,0,ir_introduction_and_safe_harbour_only,0,"Sole prepared turn is VP of Investor Relations: welcome, speaker introductions, shareholder-letter reference, forward-looking and non-GAAP boilerplate. No executive prepared remarks.",0,0,0,,0,0,0,0,"Sole prepared turn is VP of Investor Relations: welcome, speaker introductions, shareholder-letter reference, forward-looking and non-GAAP boilerplate. No executive prepared remarks."
Coinbase,"Coinbase Global, Inc._Earnings Call_2021-08-10T00_00_00_English.docx",2021-08-10,2021,FQ2,managerial_qa,non_event,-308,,not_applicable,0,,0,0,0,,0,0,1,0,managerial_qa eligibility is independent of prepared-context validity
Coinbase,"Coinbase Global, Inc._Earnings Call_2021-11-09T00_00_00_English.docx",2021-11-09,2021,FQ3,prepared_management,non_event,-217,1,,0,"non-candidate: 2 executive prepared turn(s) totalling 1,056 words (Chief Financial Officer; Co-Founder, Chairman & CEO)",0,0,0,,0,0,1,0,"non-candidate: 2 executive prepared turn(s) totalling 1,056 words (Chief Financial Officer; Co-Founder, Chairman & CEO)"
Coinbase,"Coinbase Global, Inc._Earnings Call_2021-11-09T00_00_00_English.docx",2021-11-09,2021,FQ3,managerial_qa,non_event,-217,,not_applicable,0,,0,0,0,,0,0,1,0,managerial_qa eligibility is independent of prepared-context validity
Coinbase,"Coinbase Global, Inc._Earnings Call_2022-02-24T00_00_00_English.docx",2022-02-24,2021,FQ4,prepared_management,pre_2,-110,1,,0,"non-candidate: 3 executive prepared turn(s) totalling 1,732 words (Chief Financial Officer; Co-Founder, Chairman & CEO)",0,0,0,,0,0,1,0,"non-candidate: 3 executive prepared turn(s) totalling 1,732 words (Chief Financial Officer; Co-Founder, Chairman & CEO)"
Coinbase,"Coinbase Global, Inc._Earnings Call_2022-02-24T00_00_00_English.docx",2022-02-24,2021,FQ4,managerial_qa,pre_2,-110,,not_applicable,0,,0,0,0,,0,0,1,0,managerial_qa eligibility is independent of prepared-context validity
Coinbase,"Coinbase Global, Inc._Earnings Call_2022-05-10T00_00_00_English.docx",2022-05-10,2022,FQ1,prepared_management,pre_1,-35,1,,0,"non-candidate: 2 executive prepared turn(s) totalling 1,157 words (Chief Financial Officer; Co-Founder, Chairman & CEO)",0,0,0,,0,0,1,0,"non-candidate: 2 executive prepared turn(s) totalling 1,157 words (Chief Financial Officer; Co-Founder, Chairman & CEO)"
Coinbase,"Coinbase Global, Inc._Earnings Call_2022-05-10T00_00_00_English.docx",2022-05-10,2022,FQ1,managerial_qa,pre_1,-35,,not_applicable,0,,0,0,0,,0,0,1,0,managerial_qa eligibility is independent of prepared-context validity
Coinbase,"Coinbase Global, Inc._Earnings Call_2022-08-09T00_00_00_English.docx",2022-08-09,2022,FQ2,prepared_management,post_1,56,1,,0,"non-candidate: 2 executive prepared turn(s) totalling 2,872 words (Chief Financial Officer; Co-Founder, Chairman & CEO)",0,0,0,,0,0,1,0,"non-candidate: 2 executive prepared turn(s) totalling 2,872 words (Chief Financial Officer; Co-Founder, Chairman & CEO)"
Coinbase,"Coinbase Global, Inc._Earnings Call_2022-08-09T00_00_00_English.docx",2022-08-09,2022,FQ2,managerial_qa,post_1,56,,not_applicable,0,,0,0,0,,0,0,1,0,managerial_qa eligibility is independent of prepared-context validity
Coinbase,"Coinbase Global, Inc._Earnings Call_2022-11-03T00_00_00_English.docx",2022-11-03,2022,FQ3,prepared_management,post_2,142,1,,0,"non-candidate: 2 executive prepared turn(s) totalling 2,089 words (Chief Financial Officer; Co-Founder, Chairman & CEO)",0,0,0,,0,0,1,0,"non-candidate: 2 executive prepared turn(s) totalling 2,089 words (Chief Financial Officer; Co-Founder, Chairman & CEO)"
Coinbase,"Coinbase Global, Inc._Earnings Call_2022-11-03T00_00_00_English.docx",2022-11-03,2022,FQ3,managerial_qa,post_2,142,,not_applicable,0,,0,0,0,,0,0,1,0,managerial_qa eligibility is independent of prepared-context validity
Coinbase,"Coinbase Global, Inc._Earnings Call_2023-02-21T00_00_00_English.docx",2023-02-21,2022,FQ4,prepared_management,non_event,252,1,,0,"non-candidate: 2 executive prepared turn(s) totalling 1,879 words (Chief Financial Officer; Co-Founder, Chairman & CEO)",0,0,0,,0,0,1,0,"non-candidate: 2 executive prepared turn(s) totalling 1,879 words (Chief Financial Officer; Co-Founder, Chairman & CEO)"
Coinbase,"Coinbase Global, Inc._Earnings Call_2023-02-21T00_00_00_English.docx",2023-02-21,2022,FQ4,managerial_qa,non_event,252,,not_applicable,0,,0,0,0,,0,0,1,0,managerial_qa eligibility is independent of prepared-context validity
Coinbase,"Coinbase Global, Inc._Earnings Call_2023-05-04T00_00_00_English.docx",2023-05-04,2023,FQ1,prepared_management,non_event,324,1,,0,"non-candidate: 2 executive prepared turn(s) totalling 1,745 words (Chief Financial Officer; Co-Founder, Chairman & CEO)",0,0,0,,0,0,1,0,"non-candidate: 2 executive prepared turn(s) totalling 1,745 words (Chief Financial Officer; Co-Founder, Chairman & CEO)"
Coinbase,"Coinbase Global, Inc._Earnings Call_2023-05-04T00_00_00_English.docx",2023-05-04,2023,FQ1,managerial_qa,non_event,324,,not_applicable,0,,0,0,0,,0,0,1,0,managerial_qa eligibility is independent of prepared-context validity
Coinbase,"Coinbase Global, Inc._Earnings Call_2023-08-03T00_00_00_English.docx",2023-08-03,2023,FQ2,prepared_management,non_event,415,1,,0,"non-candidate: 6 executive prepared turn(s) totalling 4,045 words (Chief Financial Officer; Chief Legal Officer & Corporate Secretary; Co)",0,0,0,,0,0,1,0,"non-candidate: 6 executive prepared turn(s) totalling 4,045 words (Chief Financial Officer; Chief Legal Officer & Corporate Secretary; Co)"
Coinbase,"Coinbase Global, Inc._Earnings Call_2023-08-03T00_00_00_English.docx",2023-08-03,2023,FQ2,managerial_qa,non_event,415,,not_applicable,0,,0,0,0,,0,0,1,0,managerial_qa eligibility is independent of prepared-context validity
Coinbase,"Coinbase Global, Inc._Earnings Call_2023-11-02T00_00_00_English.docx",2023-11-02,2023,FQ3,prepared_management,non_event,506,1,,0,"non-candidate: 2 executive prepared turn(s) totalling 2,181 words (Chief Financial Officer; Co-Founder, Chairman & CEO)",0,0,0,,0,0,1,0,"non-candidate: 2 executive prepared turn(s) totalling 2,181 words (Chief Financial Officer; Co-Founder, Chairman & CEO)"
Coinbase,"Coinbase Global, Inc._Earnings Call_2023-11-02T00_00_00_English.docx",2023-11-02,2023,FQ3,managerial_qa,non_event,506,,not_applicable,0,,0,0,0,,0,0,1,0,managerial_qa eligibility is independent of prepared-context validity
Coinbase,"Coinbase Global, Inc._Earnings Call_2024-02-15T00_00_00_English.docx",2024-02-15,2023,FQ4,prepared_management,non_event,611,1,,0,"non-candidate: 3 executive prepared turn(s) totalling 2,428 words (Chief Financial Officer; Chief Legal Officer & Corporate Secretary; Co)",0,0,0,,0,0,1,0,"non-candidate: 3 executive prepared turn(s) totalling 2,428 words (Chief Financial Officer; Chief Legal Officer & Corporate Secretary; Co)"
Coinbase,"Coinbase Global, Inc._Earnings Call_2024-02-15T00_00_00_English.docx",2024-02-15,2023,FQ4,managerial_qa,non_event,611,,not_applicable,0,,0,0,0,,0,0,1,0,managerial_qa eligibility is independent of prepared-context validity
Coinbase,"Coinbase Global, Inc._Earnings Call_2024-05-02T00_00_00_English.docx",2024-05-02,2024,FQ1,prepared_management,non_event,688,1,,0,"non-candidate: 2 executive prepared turn(s) totalling 1,758 words (Chief Financial Officer; Co-Founder, Chairman & CEO)",0,0,0,,0,0,1,0,"non-candidate: 2 executive prepared turn(s) totalling 1,758 words (Chief Financial Officer; Co-Founder, Chairman & CEO)"
Coinbase,"Coinbase Global, Inc._Earnings Call_2024-05-02T00_00_00_English.docx",2024-05-02,2024,FQ1,managerial_qa,non_event,688,,not_applicable,0,,0,0,0,,0,0,1,0,managerial_qa eligibility is independent of prepared-context validity
Coinbase,"Coinbase Global, Inc._Earnings Call_2024-08-01T00_00_00_English.docx",2024-08-01,2024,FQ2,prepared_management,non_event,779,1,,0,"non-candidate: 2 executive prepared turn(s) totalling 1,506 words (Chief Financial Officer; Co-Founder, Chairman & CEO)",0,0,0,,0,0,1,0,"non-candidate: 2 executive prepared turn(s) totalling 1,506 words (Chief Financial Officer; Co-Founder, Chairman & CEO)"
Coinbase,"Coinbase Global, Inc._Earnings Call_2024-08-01T00_00_00_English.docx",2024-08-01,2024,FQ2,managerial_qa,non_event,779,,not_applicable,0,,0,0,0,,0,0,1,0,managerial_qa eligibility is independent of prepared-context validity
Coinbase,"Coinbase Global, Inc._Earnings Call_2024-10-30T00_00_00_English.docx",2024-10-30,2024,FQ3,prepared_management,non_event,869,1,,0,"non-candidate: 2 executive prepared turn(s) totalling 3,164 words (Chief Financial Officer; Co-Founder, Chairman & CEO)",0,0,0,,0,0,1,0,"non-candidate: 2 executive prepared turn(s) totalling 3,164 words (Chief Financial Officer; Co-Founder, Chairman & CEO)"
Coinbase,"Coinbase Global, Inc._Earnings Call_2024-10-30T00_00_00_English.docx",2024-10-30,2024,FQ3,managerial_qa,non_event,869,,not_applicable,0,,0,0,0,,0,0,1,0,managerial_qa eligibility is independent of prepared-context validity
Coinbase,"Coinbase Global, Inc._Earnings Call_2025-02-13T00_00_00_English.docx",2025-02-13,2024,FQ4,prepared_management,non_event,975,1,,0,"non-candidate: 2 executive prepared turn(s) totalling 2,402 words (Chief Financial Officer; Co-Founder, Chairman & CEO)",0,0,0,,0,0,1,0,"non-candidate: 2 executive prepared turn(s) totalling 2,402 words (Chief Financial Officer; Co-Founder, Chairman & CEO)"
Coinbase,"Coinbase Global, Inc._Earnings Call_2025-02-13T00_00_00_English.docx",2025-02-13,2024,FQ4,managerial_qa,non_event,975,,not_applicable,0,,0,0,0,,0,0,1,0,managerial_qa eligibility is independent of prepared-context validity
Dell,Dell Technologies Inc._Earnings Call_2020-05-28T00_00_00_English.docx,2020-05-28,2021,FQ1,prepared_management,non_event,-984,1,,0,"non-candidate: 2 executive prepared turn(s) totalling 3,257 words (Chief Operating Officer; Executive VP & CFO)",0,0,0,,0,0,1,0,"non-candidate: 2 executive prepared turn(s) totalling 3,257 words (Chief Operating Officer; Executive VP & CFO)"
Dell,Dell Technologies Inc._Earnings Call_2020-05-28T00_00_00_English.docx,2020-05-28,2021,FQ1,managerial_qa,non_event,-984,,not_applicable,0,,0,0,0,,0,0,1,0,managerial_qa eligibility is independent of prepared-context validity
Dell,Dell Technologies Inc._Earnings Call_2020-08-27T00_00_00_English.docx,2020-08-27,2021,FQ2,prepared_management,non_event,-893,1,,0,"non-candidate: 2 executive prepared turn(s) totalling 3,798 words (Chief Operating Officer; Executive VP & CFO)",0,0,0,,0,0,1,0,"non-candidate: 2 executive prepared turn(s) totalling 3,798 words (Chief Operating Officer; Executive VP & CFO)"
Dell,Dell Technologies Inc._Earnings Call_2020-08-27T00_00_00_English.docx,2020-08-27,2021,FQ2,managerial_qa,non_event,-893,,not_applicable,0,,0,0,0,,0,0,1,0,managerial_qa eligibility is independent of prepared-context validity
Dell,Dell Technologies Inc._Earnings Call_2020-11-24T00_00_00_English.docx,2020-11-24,2021,FQ3,prepared_management,non_event,-804,1,,0,"non-candidate: 2 executive prepared turn(s) totalling 3,361 words (Chief Operating Officer; Executive VP & CFO)",0,0,0,,0,0,1,0,"non-candidate: 2 executive prepared turn(s) totalling 3,361 words (Chief Operating Officer; Executive VP & CFO)"
Dell,Dell Technologies Inc._Earnings Call_2020-11-24T00_00_00_English.docx,2020-11-24,2021,FQ3,managerial_qa,non_event,-804,,not_applicable,0,,0,0,0,,0,0,1,0,managerial_qa eligibility is independent of prepared-context validity
Dell,Dell Technologies Inc._Earnings Call_2021-02-25T00_00_00_English.docx,2021-02-25,2021,FQ4,prepared_management,non_event,-711,1,,0,"non-candidate: 2 executive prepared turn(s) totalling 3,413 words (Chief Operating Officer; Executive VP & CFO)",0,0,0,,0,0,1,0,"non-candidate: 2 executive prepared turn(s) totalling 3,413 words (Chief Operating Officer; Executive VP & CFO)"
Dell,Dell Technologies Inc._Earnings Call_2021-02-25T00_00_00_English.docx,2021-02-25,2021,FQ4,managerial_qa,non_event,-711,,not_applicable,0,,0,0,0,,0,0,1,0,managerial_qa eligibility is independent of prepared-context validity
Dell,Dell Technologies Inc._Earnings Call_2021-05-27T00_00_00_English.docx,2021-05-27,2022,FQ1,prepared_management,non_event,-620,1,,0,"non-candidate: 2 executive prepared turn(s) totalling 3,667 words (Executive VP & CFO; Vice Chairman & COO)",0,0,0,,0,0,1,0,"non-candidate: 2 executive prepared turn(s) totalling 3,667 words (Executive VP & CFO; Vice Chairman & COO)"
Dell,Dell Technologies Inc._Earnings Call_2021-05-27T00_00_00_English.docx,2021-05-27,2022,FQ1,managerial_qa,non_event,-620,,not_applicable,0,,0,0,0,,0,0,1,0,managerial_qa eligibility is independent of prepared-context validity
Dell,Dell Technologies Inc._Earnings Call_2021-08-26T00_00_00_English.docx,2021-08-26,2022,FQ2,prepared_management,non_event,-529,1,,0,"non-candidate: 3 executive prepared turn(s) totalling 3,088 words (Co-COO & Vice Chairman; Co-Chief Operating Officer; Executive VP & CFO)",0,0,0,,0,0,1,0,"non-candidate: 3 executive prepared turn(s) totalling 3,088 words (Co-COO & Vice Chairman; Co-Chief Operating Officer; Executive VP & CFO)"
Dell,Dell Technologies Inc._Earnings Call_2021-08-26T00_00_00_English.docx,2021-08-26,2022,FQ2,managerial_qa,non_event,-529,,not_applicable,0,,0,0,0,,0,0,1,0,managerial_qa eligibility is independent of prepared-context validity
Dell,Dell Technologies Inc._Earnings Call_2021-11-23T00_00_00_English.docx,2021-11-23,2022,FQ3,prepared_management,non_event,-440,1,,0,"non-candidate: 3 executive prepared turn(s) totalling 3,334 words (Co-COO & Vice Chairman; Co-Chief Operating Officer; Executive VP & CFO)",0,0,0,,0,0,1,0,"non-candidate: 3 executive prepared turn(s) totalling 3,334 words (Co-COO & Vice Chairman; Co-Chief Operating Officer; Executive VP & CFO)"
Dell,Dell Technologies Inc._Earnings Call_2021-11-23T00_00_00_English.docx,2021-11-23,2022,FQ3,managerial_qa,non_event,-440,,not_applicable,0,,0,0,0,,0,0,1,0,managerial_qa eligibility is independent of prepared-context validity
Dell,Dell Technologies Inc._Earnings Call_2022-02-24T00_00_00_English.docx,2022-02-24,2022,FQ4,prepared_management,non_event,-347,1,,0,"non-candidate: 5 executive prepared turn(s) totalling 3,288 words (Co-COO & Vice Chairman; Co-Chief Operating Officer; Executive VP & CFO)",0,0,0,,0,0,1,0,"non-candidate: 5 executive prepared turn(s) totalling 3,288 words (Co-COO & Vice Chairman; Co-Chief Operating Officer; Executive VP & CFO)"
Dell,Dell Technologies Inc._Earnings Call_2022-02-24T00_00_00_English.docx,2022-02-24,2022,FQ4,managerial_qa,non_event,-347,,not_applicable,0,,0,0,0,,0,0,1,0,managerial_qa eligibility is independent of prepared-context validity
Dell,Dell Technologies Inc._Earnings Call_2022-05-26T00_00_00_English.docx,2022-05-26,2023,FQ1,prepared_management,non_event,-256,1,,0,"non-candidate: 3 executive prepared turn(s) totalling 2,133 words (Co-COO & Vice Chairman; Co-Chief Operating Officer; Executive VP & CFO)",0,0,0,,0,0,1,0,"non-candidate: 3 executive prepared turn(s) totalling 2,133 words (Co-COO & Vice Chairman; Co-Chief Operating Officer; Executive VP & CFO)"
Dell,Dell Technologies Inc._Earnings Call_2022-05-26T00_00_00_English.docx,2022-05-26,2023,FQ1,managerial_qa,non_event,-256,,not_applicable,0,,0,0,0,,0,0,1,0,managerial_qa eligibility is independent of prepared-context validity
Dell,Dell Technologies Inc._Earnings Call_2022-08-25T00_00_00_English.docx,2022-08-25,2023,FQ2,prepared_management,pre_2,-165,1,,0,"non-candidate: 3 executive prepared turn(s) totalling 2,210 words (Co-COO & Vice Chairman; Co-Chief Operating Officer; Executive VP & CFO)",0,0,0,,0,0,1,0,"non-candidate: 3 executive prepared turn(s) totalling 2,210 words (Co-COO & Vice Chairman; Co-Chief Operating Officer; Executive VP & CFO)"
Dell,Dell Technologies Inc._Earnings Call_2022-08-25T00_00_00_English.docx,2022-08-25,2023,FQ2,managerial_qa,pre_2,-165,,not_applicable,0,,0,0,0,,0,0,1,0,managerial_qa eligibility is independent of prepared-context validity
Dell,Dell Technologies Inc._Earnings Call_2022-11-21T00_00_00_English.docx,2022-11-21,2023,FQ3,prepared_management,pre_1,-77,1,,0,"non-candidate: 2 executive prepared turn(s) totalling 2,142 words (Co-Chief Operating Officer; Executive VP & CFO)",0,0,0,,0,0,1,0,"non-candidate: 2 executive prepared turn(s) totalling 2,142 words (Co-Chief Operating Officer; Executive VP & CFO)"
Dell,Dell Technologies Inc._Earnings Call_2022-11-21T00_00_00_English.docx,2022-11-21,2023,FQ3,managerial_qa,pre_1,-77,,not_applicable,0,,0,0,0,,0,0,1,0,managerial_qa eligibility is independent of prepared-context validity
Dell,Dell Technologies Inc._Earnings Call_2023-03-02T00_00_00_English.docx,2023-03-02,2023,FQ4,prepared_management,post_1,24,1,,0,"non-candidate: 2 executive prepared turn(s) totalling 2,630 words (Co-Chief Operating Officer; Executive VP & CFO)",0,0,0,,0,0,1,0,"non-candidate: 2 executive prepared turn(s) totalling 2,630 words (Co-Chief Operating Officer; Executive VP & CFO)"
Dell,Dell Technologies Inc._Earnings Call_2023-03-02T00_00_00_English.docx,2023-03-02,2023,FQ4,managerial_qa,post_1,24,,not_applicable,0,,0,0,0,,0,0,1,0,managerial_qa eligibility is independent of prepared-context validity
Dell,Dell Technologies Inc._Earnings Call_2023-06-01T00_00_00_English.docx,2023-06-01,2024,FQ1,prepared_management,post_2,115,1,,0,"non-candidate: 3 executive prepared turn(s) totalling 2,130 words (Co-Chief Operating Officer; Corporate Controller; Executive VP & CFO)",0,0,0,,0,0,1,0,"non-candidate: 3 executive prepared turn(s) totalling 2,130 words (Co-Chief Operating Officer; Corporate Controller; Executive VP & CFO)"
Dell,Dell Technologies Inc._Earnings Call_2023-06-01T00_00_00_English.docx,2023-06-01,2024,FQ1,managerial_qa,post_2,115,,not_applicable,0,,0,0,0,,0,0,1,0,managerial_qa eligibility is independent of prepared-context validity
Dell,Dell Technologies Inc._Earnings Call_2023-08-31T00_00_00_English.docx,2023-08-31,2024,FQ2,prepared_management,non_event,206,1,,0,"non-candidate: 2 executive prepared turn(s) totalling 2,019 words (COO & Vice Chairman; Chief Financial Officer)",0,0,0,,0,0,1,0,"non-candidate: 2 executive prepared turn(s) totalling 2,019 words (COO & Vice Chairman; Chief Financial Officer)"
Dell,Dell Technologies Inc._Earnings Call_2023-08-31T00_00_00_English.docx,2023-08-31,2024,FQ2,managerial_qa,non_event,206,,not_applicable,0,,0,0,0,,0,0,1,0,managerial_qa eligibility is independent of prepared-context validity
Dell,Dell Technologies Inc._Earnings Call_2023-11-30T00_00_00_English.docx,2023-11-30,2024,FQ3,prepared_management,non_event,297,1,,0,"non-candidate: 2 executive prepared turn(s) totalling 2,051 words (COO & Vice Chairman; Chief Financial Officer)",0,0,0,,0,0,1,0,"non-candidate: 2 executive prepared turn(s) totalling 2,051 words (COO & Vice Chairman; Chief Financial Officer)"
Dell,Dell Technologies Inc._Earnings Call_2023-11-30T00_00_00_English.docx,2023-11-30,2024,FQ3,managerial_qa,non_event,297,,not_applicable,0,,0,0,0,,0,0,1,0,managerial_qa eligibility is independent of prepared-context validity
Dell,Dell Technologies Inc._Earnings Call_2024-02-29T00_00_00_English.docx,2024-02-29,2024,FQ4,prepared_management,non_event,388,1,,0,"non-candidate: 2 executive prepared turn(s) totalling 1,965 words (COO & Vice Chairman; Chief Financial Officer)",0,0,0,,0,0,1,0,"non-candidate: 2 executive prepared turn(s) totalling 1,965 words (COO & Vice Chairman; Chief Financial Officer)"
Dell,Dell Technologies Inc._Earnings Call_2024-02-29T00_00_00_English.docx,2024-02-29,2024,FQ4,managerial_qa,non_event,388,,not_applicable,0,,0,0,0,,0,0,1,0,managerial_qa eligibility is independent of prepared-context validity
DocuSign,"DocuSign, Inc._Earnings Call_2020-06-04T00_00_00_English.docx",2020-06-04,2021,FQ1,prepared_management,non_event,-987,1,,0,"non-candidate: 2 executive prepared turn(s) totalling 2,016 words (Chief Financial Officer; President, CEO & Director)",0,0,0,,0,0,1,0,"non-candidate: 2 executive prepared turn(s) totalling 2,016 words (Chief Financial Officer; President, CEO & Director)"
DocuSign,"DocuSign, Inc._Earnings Call_2020-06-04T00_00_00_English.docx",2020-06-04,2021,FQ1,managerial_qa,non_event,-987,,not_applicable,0,,0,0,0,,0,0,1,0,managerial_qa eligibility is independent of prepared-context validity
DocuSign,"DocuSign, Inc._Earnings Call_2020-09-03T00_00_00_English.docx",2020-09-03,2021,FQ2,prepared_management,non_event,-896,1,,0,"non-candidate: 2 executive prepared turn(s) totalling 2,354 words (President of International; President, CEO & Director)",0,0,0,,0,0,1,0,"non-candidate: 2 executive prepared turn(s) totalling 2,354 words (President of International; President, CEO & Director)"
DocuSign,"DocuSign, Inc._Earnings Call_2020-09-03T00_00_00_English.docx",2020-09-03,2021,FQ2,managerial_qa,non_event,-896,,not_applicable,0,,0,0,0,,0,0,1,0,managerial_qa eligibility is independent of prepared-context validity
DocuSign,"DocuSign, Inc._Earnings Call_2020-12-03T00_00_00_English.docx",2020-12-03,2021,FQ3,prepared_management,non_event,-805,1,,0,"non-candidate: 2 executive prepared turn(s) totalling 2,020 words (Chief Financial Officer; President, CEO & Director)",0,0,0,,0,0,1,0,"non-candidate: 2 executive prepared turn(s) totalling 2,020 words (Chief Financial Officer; President, CEO & Director)"
DocuSign,"DocuSign, Inc._Earnings Call_2020-12-03T00_00_00_English.docx",2020-12-03,2021,FQ3,managerial_qa,non_event,-805,,not_applicable,0,,0,0,0,,0,0,1,0,managerial_qa eligibility is independent of prepared-context validity
DocuSign,"DocuSign, Inc._Earnings Call_2021-03-11T00_00_00_English.docx",2021-03-11,2021,FQ4,prepared_management,non_event,-707,1,,0,"non-candidate: 2 executive prepared turn(s) totalling 2,395 words (Chief Financial Officer; President, CEO & Director)",0,0,0,,0,0,1,0,"non-candidate: 2 executive prepared turn(s) totalling 2,395 words (Chief Financial Officer; President, CEO & Director)"
DocuSign,"DocuSign, Inc._Earnings Call_2021-03-11T00_00_00_English.docx",2021-03-11,2021,FQ4,managerial_qa,non_event,-707,,not_applicable,0,,0,0,0,,0,0,1,0,managerial_qa eligibility is independent of prepared-context validity
DocuSign,"DocuSign, Inc._Earnings Call_2021-06-03T00_00_00_English.docx",2021-06-03,2022,FQ1,prepared_management,non_event,-623,1,,0,"non-candidate: 2 executive prepared turn(s) totalling 2,017 words (Chief Financial Officer; President, CEO & Director)",0,0,0,,0,0,1,0,"non-candidate: 2 executive prepared turn(s) totalling 2,017 words (Chief Financial Officer; President, CEO & Director)"
DocuSign,"DocuSign, Inc._Earnings Call_2021-06-03T00_00_00_English.docx",2021-06-03,2022,FQ1,managerial_qa,non_event,-623,,not_applicable,0,,0,0,0,,0,0,1,0,managerial_qa eligibility is independent of prepared-context validity
DocuSign,"DocuSign, Inc._Earnings Call_2021-09-02T00_00_00_English.docx",2021-09-02,2022,FQ2,prepared_management,non_event,-532,1,,0,"non-candidate: 2 executive prepared turn(s) totalling 2,331 words (Chief Financial Officer; President, CEO & Director)",0,0,0,,0,0,1,0,"non-candidate: 2 executive prepared turn(s) totalling 2,331 words (Chief Financial Officer; President, CEO & Director)"
DocuSign,"DocuSign, Inc._Earnings Call_2021-09-02T00_00_00_English.docx",2021-09-02,2022,FQ2,managerial_qa,non_event,-532,,not_applicable,0,,0,0,0,,0,0,1,0,managerial_qa eligibility is independent of prepared-context validity
DocuSign,"DocuSign, Inc._Earnings Call_2021-12-02T00_00_00_English.docx",2021-12-02,2022,FQ3,prepared_management,non_event,-441,1,,0,"non-candidate: 2 executive prepared turn(s) totalling 2,378 words (Chief Financial Officer; President, CEO & Director)",0,0,0,,0,0,1,0,"non-candidate: 2 executive prepared turn(s) totalling 2,378 words (Chief Financial Officer; President, CEO & Director)"
DocuSign,"DocuSign, Inc._Earnings Call_2021-12-02T00_00_00_English.docx",2021-12-02,2022,FQ3,managerial_qa,non_event,-441,,not_applicable,0,,0,0,0,,0,0,1,0,managerial_qa eligibility is independent of prepared-context validity
DocuSign,"DocuSign, Inc._Earnings Call_2022-03-10T00_00_00_English.docx",2022-03-10,2022,FQ4,prepared_management,non_event,-343,1,,0,"non-candidate: 3 executive prepared turn(s) totalling 3,147 words (Chief Financial Officer; President, CEO & Director; VP of Finance)",0,0,0,,0,0,1,0,"non-candidate: 3 executive prepared turn(s) totalling 3,147 words (Chief Financial Officer; President, CEO & Director; VP of Finance)"
DocuSign,"DocuSign, Inc._Earnings Call_2022-03-10T00_00_00_English.docx",2022-03-10,2022,FQ4,managerial_qa,non_event,-343,,not_applicable,0,,0,0,0,,0,0,1,0,managerial_qa eligibility is independent of prepared-context validity
DocuSign,"DocuSign, Inc._Earnings Call_2022-06-09T00_00_00_English.docx",2022-06-09,2023,FQ1,prepared_management,non_event,-252,1,,0,"non-candidate: 3 executive prepared turn(s) totalling 2,793 words (Chief Financial Officer; President, CEO & Director; VP of Finance)",0,0,0,,0,0,1,0,"non-candidate: 3 executive prepared turn(s) totalling 2,793 words (Chief Financial Officer; President, CEO & Director; VP of Finance)"
DocuSign,"DocuSign, Inc._Earnings Call_2022-06-09T00_00_00_English.docx",2022-06-09,2023,FQ1,managerial_qa,non_event,-252,,not_applicable,0,,0,0,0,,0,0,1,0,managerial_qa eligibility is independent of prepared-context validity
DocuSign,"DocuSign, Inc._Earnings Call_2022-09-08T00_00_00_English.docx",2022-09-08,2023,FQ2,prepared_management,pre_2,-161,1,,0,"non-candidate: 2 executive prepared turn(s) totalling 2,879 words (Chief Financial Officer; Interim President, CEO & Chairman)",0,0,0,,0,0,1,0,"non-candidate: 2 executive prepared turn(s) totalling 2,879 words (Chief Financial Officer; Interim President, CEO & Chairman)"
DocuSign,"DocuSign, Inc._Earnings Call_2022-09-08T00_00_00_English.docx",2022-09-08,2023,FQ2,managerial_qa,pre_2,-161,,not_applicable,0,,0,0,0,,0,0,1,0,managerial_qa eligibility is independent of prepared-context validity
DocuSign,"DocuSign, Inc._Earnings Call_2022-12-08T00_00_00_English.docx",2022-12-08,2023,FQ3,prepared_management,pre_1,-70,1,,0,"non-candidate: 2 executive prepared turn(s) totalling 3,166 words (Chief Financial Officer; President, CEO & Director)",0,0,0,,0,0,1,0,"non-candidate: 2 executive prepared turn(s) totalling 3,166 words (Chief Financial Officer; President, CEO & Director)"
DocuSign,"DocuSign, Inc._Earnings Call_2022-12-08T00_00_00_English.docx",2022-12-08,2023,FQ3,managerial_qa,pre_1,-70,,not_applicable,0,,0,0,0,,0,0,1,0,managerial_qa eligibility is independent of prepared-context validity
DocuSign,"DocuSign, Inc._Earnings Call_2023-03-09T00_00_00_English.docx",2023-03-09,2023,FQ4,prepared_management,post_1,21,1,,0,"non-candidate: 2 executive prepared turn(s) totalling 2,992 words (CEO & Director; Chief Financial Officer)",0,0,0,,0,0,1,0,"non-candidate: 2 executive prepared turn(s) totalling 2,992 words (CEO & Director; Chief Financial Officer)"
DocuSign,"DocuSign, Inc._Earnings Call_2023-03-09T00_00_00_English.docx",2023-03-09,2023,FQ4,managerial_qa,post_1,21,,not_applicable,0,,0,0,0,,0,0,1,0,managerial_qa eligibility is independent of prepared-context validity
DocuSign,"DocuSign, Inc._Earnings Call_2023-06-08T00_00_00_English.docx",2023-06-08,2024,FQ1,prepared_management,post_2,112,1,,0,"non-candidate: 2 executive prepared turn(s) totalling 2,423 words (CEO & Director; Chief Financial Officer)",0,0,0,,0,0,1,0,"non-candidate: 2 executive prepared turn(s) totalling 2,423 words (CEO & Director; Chief Financial Officer)"
DocuSign,"DocuSign, Inc._Earnings Call_2023-06-08T00_00_00_English.docx",2023-06-08,2024,FQ1,managerial_qa,post_2,112,,not_applicable,0,,0,0,0,,0,0,1,0,managerial_qa eligibility is independent of prepared-context validity
DocuSign,"DocuSign, Inc._Earnings Call_2023-09-07T00_00_00_English.docx",2023-09-07,2024,FQ2,prepared_management,non_event,203,1,,0,"non-candidate: 2 executive prepared turn(s) totalling 2,892 words (CEO & Director; Executive VP & CFO)",0,0,0,,0,0,1,0,"non-candidate: 2 executive prepared turn(s) totalling 2,892 words (CEO & Director; Executive VP & CFO)"
DocuSign,"DocuSign, Inc._Earnings Call_2023-09-07T00_00_00_English.docx",2023-09-07,2024,FQ2,managerial_qa,non_event,203,,not_applicable,0,,0,0,0,,0,0,1,0,managerial_qa eligibility is independent of prepared-context validity
DocuSign,"DocuSign, Inc._Earnings Call_2023-12-07T00_00_00_English.docx",2023-12-07,2024,FQ3,prepared_management,non_event,294,1,,0,"non-candidate: 2 executive prepared turn(s) totalling 2,656 words (CEO & Director; Executive VP & CFO)",0,0,0,,0,0,1,0,"non-candidate: 2 executive prepared turn(s) totalling 2,656 words (CEO & Director; Executive VP & CFO)"
DocuSign,"DocuSign, Inc._Earnings Call_2023-12-07T00_00_00_English.docx",2023-12-07,2024,FQ3,managerial_qa,non_event,294,,not_applicable,0,,0,0,0,,0,0,1,0,managerial_qa eligibility is independent of prepared-context validity
DocuSign,"DocuSign, Inc._Earnings Call_2024-03-07T00_00_00_English.docx",2024-03-07,2024,FQ4,prepared_management,non_event,385,1,,0,"non-candidate: 3 executive prepared turn(s) totalling 3,092 words (CEO & Director; Executive VP & CFO; VP of Finance)",0,0,0,,0,0,1,0,"non-candidate: 3 executive prepared turn(s) totalling 3,092 words (CEO & Director; Executive VP & CFO; VP of Finance)"
DocuSign,"DocuSign, Inc._Earnings Call_2024-03-07T00_00_00_English.docx",2024-03-07,2024,FQ4,managerial_qa,non_event,385,,not_applicable,0,,0,0,0,,0,0,1,0,managerial_qa eligibility is independent of prepared-context validity
DoorDash,"DoorDash, Inc._Earnings Call_2021-05-13T00_00_00_English.docx",2021-05-13,2021,FQ1,prepared_management,non_event,-566,0,ir_introduction_and_safe_harbour_only,0,"Presentation contains only the IR officer's introduction and forward-looking-statement boilerplate; no executive prepared turn. DoorDash publishes a shareholder letter and, in the CEO's own words, '[quote removed]'.",0,0,0,,0,0,0,0,"Presentation contains only the IR officer's introduction and forward-looking-statement boilerplate; no executive prepared turn. DoorDash publishes a shareholder letter and, in the CEO's own words, '[quote removed]'."
DoorDash,"DoorDash, Inc._Earnings Call_2021-05-13T00_00_00_English.docx",2021-05-13,2021,FQ1,managerial_qa,non_event,-566,,not_applicable,0,,0,0,0,,0,0,1,0,managerial_qa eligibility is independent of prepared-context validity
DoorDash,"DoorDash, Inc._Earnings Call_2021-08-12T00_00_00_English.docx",2021-08-12,2021,FQ2,prepared_management,non_event,-475,0,ir_introduction_and_safe_harbour_only,0,"Presentation contains only the IR officer's introduction and forward-looking-statement boilerplate; no executive prepared turn. DoorDash publishes a shareholder letter and, in the CEO's own words, '[quote removed]'.",0,0,0,,0,0,0,0,"Presentation contains only the IR officer's introduction and forward-looking-statement boilerplate; no executive prepared turn. DoorDash publishes a shareholder letter and, in the CEO's own words, '[quote removed]'."
DoorDash,"DoorDash, Inc._Earnings Call_2021-08-12T00_00_00_English.docx",2021-08-12,2021,FQ2,managerial_qa,non_event,-475,,not_applicable,0,,0,0,0,,0,0,1,0,managerial_qa eligibility is independent of prepared-context validity
DoorDash,"DoorDash, Inc._Earnings Call_2021-11-09T00_00_00_English.docx",2021-11-09,2021,FQ3,prepared_management,non_event,-386,1,,0,CEO Tony Xu delivers 536 words on the M&A framework and the Wolt acquisition rationale. Genuine strategic commentary.,0,0,0,,0,0,1,0,CEO Tony Xu delivers 536 words on the M&A framework and the Wolt acquisition rationale. Genuine strategic commentary.
DoorDash,"DoorDash, Inc._Earnings Call_2021-11-09T00_00_00_English.docx",2021-11-09,2021,FQ3,managerial_qa,non_event,-386,,not_applicable,0,,0,0,0,,0,0,1,0,managerial_qa eligibility is independent of prepared-context validity
DoorDash,"DoorDash, Inc._Earnings Call_2022-02-16T00_00_00_English.docx",2022-02-16,2021,FQ4,prepared_management,non_event,-287,0,ir_introduction_and_safe_harbour_only,0,"Presentation contains only the IR officer's introduction and forward-looking-statement boilerplate; no executive prepared turn. DoorDash publishes a shareholder letter and, in the CEO's own words, '[quote removed]'.",0,0,0,,0,0,0,0,"Presentation contains only the IR officer's introduction and forward-looking-statement boilerplate; no executive prepared turn. DoorDash publishes a shareholder letter and, in the CEO's own words, '[quote removed]'."
DoorDash,"DoorDash, Inc._Earnings Call_2022-02-16T00_00_00_English.docx",2022-02-16,2021,FQ4,managerial_qa,non_event,-287,,not_applicable,0,,0,0,0,,0,0,1,0,managerial_qa eligibility is independent of prepared-context validity
DoorDash,"DoorDash, Inc._Earnings Call_2022-05-05T00_00_00_English.docx",2022-05-05,2022,FQ1,prepared_management,non_event,-209,0,ir_introduction_and_safe_harbour_only,0,"Presentation contains only the IR officer's introduction and forward-looking-statement boilerplate; no executive prepared turn. DoorDash publishes a shareholder letter and, in the CEO's own words, '[quote removed]'.",0,0,0,,0,0,0,0,"Presentation contains only the IR officer's introduction and forward-looking-statement boilerplate; no executive prepared turn. DoorDash publishes a shareholder letter and, in the CEO's own words, '[quote removed]'."
DoorDash,"DoorDash, Inc._Earnings Call_2022-05-05T00_00_00_English.docx",2022-05-05,2022,FQ1,managerial_qa,non_event,-209,,not_applicable,0,,0,0,0,,0,0,1,0,managerial_qa eligibility is independent of prepared-context validity
DoorDash,"DoorDash, Inc._Earnings Call_2022-08-04T00_00_00_English.docx",2022-08-04,2022,FQ2,prepared_management,pre_2,-118,0,ir_introduction_and_safe_harbour_only,0,"Presentation contains only the IR officer's introduction and forward-looking-statement boilerplate; no executive prepared turn. DoorDash publishes a shareholder letter and, in the CEO's own words, '[quote removed]'.",0,0,0,,0,0,0,0,"Presentation contains only the IR officer's introduction and forward-looking-statement boilerplate; no executive prepared turn. DoorDash publishes a shareholder letter and, in the CEO's own words, '[quote removed]'."
DoorDash,"DoorDash, Inc._Earnings Call_2022-08-04T00_00_00_English.docx",2022-08-04,2022,FQ2,managerial_qa,pre_2,-118,,not_applicable,0,,0,0,0,,0,0,1,0,managerial_qa eligibility is independent of prepared-context validity
DoorDash,"DoorDash, Inc._Earnings Call_2022-11-03T00_00_00_English.docx",2022-11-03,2022,FQ3,prepared_management,pre_1,-27,0,ir_introduction_and_safe_harbour_only,0,"Presentation contains only the IR officer's introduction and forward-looking-statement boilerplate; no executive prepared turn. DoorDash publishes a shareholder letter and, in the CEO's own words, '[quote removed]'.",0,0,0,,0,0,0,0,"Presentation contains only the IR officer's introduction and forward-looking-statement boilerplate; no executive prepared turn. DoorDash publishes a shareholder letter and, in the CEO's own words, '[quote removed]'."
DoorDash,"DoorDash, Inc._Earnings Call_2022-11-03T00_00_00_English.docx",2022-11-03,2022,FQ3,managerial_qa,pre_1,-27,,not_applicable,0,,0,0,0,,0,0,1,0,managerial_qa eligibility is independent of prepared-context validity
DoorDash,"DoorDash, Inc._Earnings Call_2023-02-16T00_00_00_English.docx",2023-02-16,2022,FQ4,prepared_management,post_1,78,1,,0,"CEO delivers 394 words announcing the President/COO and CFO appointments and paying tribute to the retiring executive. A PERSONNEL and organisational topic, explicitly eligible. Coded consistently with Twilio 2021-10-27.",0,0,0,,0,0,1,0,"CEO delivers 394 words announcing the President/COO and CFO appointments and paying tribute to the retiring executive. A PERSONNEL and organisational topic, explicitly eligible. Coded consistently with Twilio 2021-10-27."
DoorDash,"DoorDash, Inc._Earnings Call_2023-02-16T00_00_00_English.docx",2023-02-16,2022,FQ4,managerial_qa,post_1,78,,not_applicable,0,,0,0,0,,0,0,1,0,managerial_qa eligibility is independent of prepared-context validity
DoorDash,"DoorDash, Inc._Earnings Call_2023-05-04T00_00_00_English.docx",2023-05-04,2023,FQ1,prepared_management,post_2,155,0,ir_introduction_and_safe_harbour_only,0,"Presentation contains only the IR officer's introduction and forward-looking-statement boilerplate; no executive prepared turn. DoorDash publishes a shareholder letter and, in the CEO's own words, '[quote removed]'.",0,0,0,,0,0,0,0,"Presentation contains only the IR officer's introduction and forward-looking-statement boilerplate; no executive prepared turn. DoorDash publishes a shareholder letter and, in the CEO's own words, '[quote removed]'."
DoorDash,"DoorDash, Inc._Earnings Call_2023-05-04T00_00_00_English.docx",2023-05-04,2023,FQ1,managerial_qa,post_2,155,,not_applicable,0,,0,0,0,,0,0,1,0,managerial_qa eligibility is independent of prepared-context validity
DoorDash,"DoorDash, Inc._Earnings Call_2023-08-02T00_00_00_English.docx",2023-08-02,2023,FQ2,prepared_management,non_event,245,0,ir_introduction_and_safe_harbour_only,0,"Presentation contains only the IR officer's introduction and forward-looking-statement boilerplate; no executive prepared turn. DoorDash publishes a shareholder letter and, in the CEO's own words, '[quote removed]'.",0,0,0,,0,0,0,0,"Presentation contains only the IR officer's introduction and forward-looking-statement boilerplate; no executive prepared turn. DoorDash publishes a shareholder letter and, in the CEO's own words, '[quote removed]'."
DoorDash,"DoorDash, Inc._Earnings Call_2023-08-02T00_00_00_English.docx",2023-08-02,2023,FQ2,managerial_qa,non_event,245,,not_applicable,0,,0,0,0,,0,0,1,0,managerial_qa eligibility is independent of prepared-context validity
DoorDash,"DoorDash, Inc._Earnings Call_2023-11-01T00_00_00_English.docx",2023-11-01,2023,FQ3,prepared_management,non_event,336,0,ir_introduction_and_safe_harbour_only,0,"Presentation contains only the IR officer's introduction and forward-looking-statement boilerplate; no executive prepared turn. DoorDash publishes a shareholder letter and, in the CEO's own words, '[quote removed]'.",0,0,0,,0,0,0,0,"Presentation contains only the IR officer's introduction and forward-looking-statement boilerplate; no executive prepared turn. DoorDash publishes a shareholder letter and, in the CEO's own words, '[quote removed]'."
DoorDash,"DoorDash, Inc._Earnings Call_2023-11-01T00_00_00_English.docx",2023-11-01,2023,FQ3,managerial_qa,non_event,336,,not_applicable,0,,0,0,0,,0,0,1,0,managerial_qa eligibility is independent of prepared-context validity
DoorDash,"DoorDash, Inc._Earnings Call_2024-02-15T00_00_00_English.docx",2024-02-15,2023,FQ4,prepared_management,non_event,442,0,ir_introduction_and_safe_harbour_only,0,"Presentation contains only the IR officer's introduction and forward-looking-statement boilerplate; no executive prepared turn. DoorDash publishes a shareholder letter and, in the CEO's own words, '[quote removed]'.",0,0,0,,0,0,0,0,"Presentation contains only the IR officer's introduction and forward-looking-statement boilerplate; no executive prepared turn. DoorDash publishes a shareholder letter and, in the CEO's own words, '[quote removed]'."
DoorDash,"DoorDash, Inc._Earnings Call_2024-02-15T00_00_00_English.docx",2024-02-15,2023,FQ4,managerial_qa,non_event,442,,not_applicable,0,,0,0,0,,0,0,1,0,managerial_qa eligibility is independent of prepared-context validity
DoorDash,"DoorDash, Inc._Earnings Call_2024-05-01T00_00_00_English.docx",2024-05-01,2024,FQ1,prepared_management,non_event,518,0,ir_introduction_and_safe_harbour_only,0,"Presentation contains only the IR officer's introduction and forward-looking-statement boilerplate; no executive prepared turn. DoorDash publishes a shareholder letter and, in the CEO's own words, '[quote removed]'.",0,0,0,,0,0,0,0,"Presentation contains only the IR officer's introduction and forward-looking-statement boilerplate; no executive prepared turn. DoorDash publishes a shareholder letter and, in the CEO's own words, '[quote removed]'."
DoorDash,"DoorDash, Inc._Earnings Call_2024-05-01T00_00_00_English.docx",2024-05-01,2024,FQ1,managerial_qa,non_event,518,,not_applicable,0,,0,0,0,,0,0,1,0,managerial_qa eligibility is independent of prepared-context validity
DoorDash,"DoorDash, Inc._Earnings Call_2024-08-01T00_00_00_English.docx",2024-08-01,2024,FQ2,prepared_management,non_event,610,0,ir_introduction_and_safe_harbour_only,0,"Presentation contains only the IR officer's introduction and forward-looking-statement boilerplate; no executive prepared turn. DoorDash publishes a shareholder letter and, in the CEO's own words, '[quote removed]'.",0,0,0,,0,0,0,0,"Presentation contains only the IR officer's introduction and forward-looking-statement boilerplate; no executive prepared turn. DoorDash publishes a shareholder letter and, in the CEO's own words, '[quote removed]'."
DoorDash,"DoorDash, Inc._Earnings Call_2024-08-01T00_00_00_English.docx",2024-08-01,2024,FQ2,managerial_qa,non_event,610,,not_applicable,0,,0,0,0,,0,0,1,0,managerial_qa eligibility is independent of prepared-context validity
DoorDash,"DoorDash, Inc._Earnings Call_2024-10-30T00_00_00_English.docx",2024-10-30,2024,FQ3,prepared_management,non_event,700,0,ir_introduction_and_safe_harbour_only,0,"Presentation contains only the IR officer's introduction and forward-looking-statement boilerplate; no executive prepared turn. DoorDash publishes a shareholder letter and, in the CEO's own words, '[quote removed]'.",0,0,0,,0,0,0,0,"Presentation contains only the IR officer's introduction and forward-looking-statement boilerplate; no executive prepared turn. DoorDash publishes a shareholder letter and, in the CEO's own words, '[quote removed]'."
DoorDash,"DoorDash, Inc._Earnings Call_2024-10-30T00_00_00_English.docx",2024-10-30,2024,FQ3,managerial_qa,non_event,700,,not_applicable,0,,0,0,0,,0,0,1,0,managerial_qa eligibility is independent of prepared-context validity
DoorDash,"DoorDash, Inc._Earnings Call_2025-02-11T00_00_00_English.docx",2025-02-11,2024,FQ4,prepared_management,non_event,804,0,ir_introduction_and_safe_harbour_only,1,"The single prepared turn carries the speaker label 'Unknown Executive' with no title, but its wording is verbatim the DoorDash IR introduction script used on every other call ('[quote removed]'). IR content, not executive prepared remarks.",0,0,0,,0,0,0,1,"The single prepared turn carries the speaker label 'Unknown Executive' with no title, but its wording is verbatim the DoorDash IR introduction script used on every other call ('[quote removed]'). IR content, not executive prepared remarks."
DoorDash,"DoorDash, Inc._Earnings Call_2025-02-11T00_00_00_English.docx",2025-02-11,2024,FQ4,managerial_qa,non_event,804,,not_applicable,0,,0,0,0,,0,0,1,0,managerial_qa eligibility is independent of prepared-context validity
Dropbox,"Dropbox, Inc._Earnings Call_2021-05-06T00_00_00_English.docx",2021-05-06,2021,FQ1,prepared_management,non_event,-1273,1,,0,"non-candidate: 3 executive prepared turn(s) totalling 4,072 words (Chief Financial Officer; Co-Founder, CEO & Chairman)",0,0,0,,0,0,1,0,"non-candidate: 3 executive prepared turn(s) totalling 4,072 words (Chief Financial Officer; Co-Founder, CEO & Chairman)"
Dropbox,"Dropbox, Inc._Earnings Call_2021-05-06T00_00_00_English.docx",2021-05-06,2021,FQ1,managerial_qa,non_event,-1273,,not_applicable,0,,0,0,0,,0,0,1,0,managerial_qa eligibility is independent of prepared-context validity
Dropbox,"Dropbox, Inc._Earnings Call_2021-08-05T00_00_00_English.docx",2021-08-05,2021,FQ2,prepared_management,non_event,-1182,1,,0,"non-candidate: 3 executive prepared turn(s) totalling 3,981 words (Chief Financial Officer; Co-Founder, CEO & Chairman)",0,0,0,,0,0,1,0,"non-candidate: 3 executive prepared turn(s) totalling 3,981 words (Chief Financial Officer; Co-Founder, CEO & Chairman)"
Dropbox,"Dropbox, Inc._Earnings Call_2021-08-05T00_00_00_English.docx",2021-08-05,2021,FQ2,managerial_qa,non_event,-1182,,not_applicable,0,,0,0,0,,0,0,1,0,managerial_qa eligibility is independent of prepared-context validity
Dropbox,"Dropbox, Inc._Earnings Call_2021-11-04T00_00_00_English.docx",2021-11-04,2021,FQ3,prepared_management,non_event,-1091,1,,0,"non-candidate: 3 executive prepared turn(s) totalling 4,639 words (Chief Financial Officer; Co-Founder, CEO & Chairman)",0,0,0,,0,0,1,0,"non-candidate: 3 executive prepared turn(s) totalling 4,639 words (Chief Financial Officer; Co-Founder, CEO & Chairman)"
Dropbox,"Dropbox, Inc._Earnings Call_2021-11-04T00_00_00_English.docx",2021-11-04,2021,FQ3,managerial_qa,non_event,-1091,,not_applicable,0,,0,0,0,,0,0,1,0,managerial_qa eligibility is independent of prepared-context validity
Dropbox,"Dropbox, Inc._Earnings Call_2022-02-17T00_00_00_English.docx",2022-02-17,2021,FQ4,prepared_management,non_event,-986,1,,0,"non-candidate: 2 executive prepared turn(s) totalling 4,817 words (Chief Financial Officer; Co-Founder, CEO & Chairman)",0,0,0,,0,0,1,0,"non-candidate: 2 executive prepared turn(s) totalling 4,817 words (Chief Financial Officer; Co-Founder, CEO & Chairman)"
Dropbox,"Dropbox, Inc._Earnings Call_2022-02-17T00_00_00_English.docx",2022-02-17,2021,FQ4,managerial_qa,non_event,-986,,not_applicable,0,,0,0,0,,0,0,1,0,managerial_qa eligibility is independent of prepared-context validity
Dropbox,"Dropbox, Inc._Earnings Call_2022-05-05T00_00_00_English.docx",2022-05-05,2022,FQ1,prepared_management,non_event,-909,1,,0,"non-candidate: 2 executive prepared turn(s) totalling 3,295 words (Chief Financial Officer; Co-Founder, CEO & Chairman)",0,0,0,,0,0,1,0,"non-candidate: 2 executive prepared turn(s) totalling 3,295 words (Chief Financial Officer; Co-Founder, CEO & Chairman)"
Dropbox,"Dropbox, Inc._Earnings Call_2022-05-05T00_00_00_English.docx",2022-05-05,2022,FQ1,managerial_qa,non_event,-909,,not_applicable,0,,0,0,0,,0,0,1,0,managerial_qa eligibility is independent of prepared-context validity
Dropbox,"Dropbox, Inc._Earnings Call_2022-08-04T00_00_00_English.docx",2022-08-04,2022,FQ2,prepared_management,non_event,-818,1,,0,"non-candidate: 2 executive prepared turn(s) totalling 3,871 words (Chief Financial Officer; Co-Founder, CEO & Chairman)",0,0,0,,0,0,1,0,"non-candidate: 2 executive prepared turn(s) totalling 3,871 words (Chief Financial Officer; Co-Founder, CEO & Chairman)"
Dropbox,"Dropbox, Inc._Earnings Call_2022-08-04T00_00_00_English.docx",2022-08-04,2022,FQ2,managerial_qa,non_event,-818,,not_applicable,0,,0,0,0,,0,0,1,0,managerial_qa eligibility is independent of prepared-context validity
Dropbox,"Dropbox, Inc._Earnings Call_2022-11-03T00_00_00_English.docx",2022-11-03,2022,FQ3,prepared_management,non_event,-727,1,,0,"non-candidate: 2 executive prepared turn(s) totalling 3,686 words (Chief Financial Officer; Co-Founder, Interim President, CEO & Chairman)",0,0,0,,0,0,1,0,"non-candidate: 2 executive prepared turn(s) totalling 3,686 words (Chief Financial Officer; Co-Founder, Interim President, CEO & Chairman)"
Dropbox,"Dropbox, Inc._Earnings Call_2022-11-03T00_00_00_English.docx",2022-11-03,2022,FQ3,managerial_qa,non_event,-727,,not_applicable,0,,0,0,0,,0,0,1,0,managerial_qa eligibility is independent of prepared-context validity
Dropbox,"Dropbox, Inc._Earnings Call_2023-02-16T00_00_00_English.docx",2023-02-16,2022,FQ4,prepared_management,non_event,-622,1,,0,"non-candidate: 2 executive prepared turn(s) totalling 4,777 words (Chief Financial Officer; Co-Founder, Interim President, CEO & Chairman)",0,0,0,,0,0,1,0,"non-candidate: 2 executive prepared turn(s) totalling 4,777 words (Chief Financial Officer; Co-Founder, Interim President, CEO & Chairman)"
Dropbox,"Dropbox, Inc._Earnings Call_2023-02-16T00_00_00_English.docx",2023-02-16,2022,FQ4,managerial_qa,non_event,-622,,not_applicable,0,,0,0,0,,0,0,1,0,managerial_qa eligibility is independent of prepared-context validity
Dropbox,"Dropbox, Inc._Earnings Call_2023-05-04T00_00_00_English.docx",2023-05-04,2023,FQ1,prepared_management,non_event,-545,1,,0,"non-candidate: 2 executive prepared turn(s) totalling 4,064 words (Chief Financial Officer; Co-Founder, Interim President, CEO & Chairman)",0,0,0,,0,0,1,0,"non-candidate: 2 executive prepared turn(s) totalling 4,064 words (Chief Financial Officer; Co-Founder, Interim President, CEO & Chairman)"
Dropbox,"Dropbox, Inc._Earnings Call_2023-05-04T00_00_00_English.docx",2023-05-04,2023,FQ1,managerial_qa,non_event,-545,,not_applicable,0,,0,0,0,,0,0,1,0,managerial_qa eligibility is independent of prepared-context validity
Dropbox,"Dropbox, Inc._Earnings Call_2023-08-03T00_00_00_English.docx",2023-08-03,2023,FQ2,prepared_management,non_event,-454,1,,0,"non-candidate: 2 executive prepared turn(s) totalling 4,170 words (Chief Financial Officer; Co-Founder, Interim President, CEO & Chairman)",0,0,0,,0,0,1,0,"non-candidate: 2 executive prepared turn(s) totalling 4,170 words (Chief Financial Officer; Co-Founder, Interim President, CEO & Chairman)"
Dropbox,"Dropbox, Inc._Earnings Call_2023-08-03T00_00_00_English.docx",2023-08-03,2023,FQ2,managerial_qa,non_event,-454,,not_applicable,0,,0,0,0,,0,0,1,0,managerial_qa eligibility is independent of prepared-context validity
Dropbox,"Dropbox, Inc._Earnings Call_2023-11-02T00_00_00_English.docx",2023-11-02,2023,FQ3,prepared_management,non_event,-363,1,,0,"non-candidate: 1 executive prepared turn(s) totalling 3,797 words (Chief Financial Officer)",0,0,0,,0,0,1,0,"non-candidate: 1 executive prepared turn(s) totalling 3,797 words (Chief Financial Officer)"
Dropbox,"Dropbox, Inc._Earnings Call_2023-11-02T00_00_00_English.docx",2023-11-02,2023,FQ3,managerial_qa,non_event,-363,,not_applicable,0,,0,0,0,,0,0,1,0,managerial_qa eligibility is independent of prepared-context validity
Dropbox,"Dropbox, Inc._Earnings Call_2024-02-15T00_00_00_English.docx",2024-02-15,2023,FQ4,prepared_management,non_event,-258,1,,0,"non-candidate: 3 executive prepared turn(s) totalling 4,948 words (Chief Financial Officer; Co-Founder, Interim President, CEO & Chairman)",0,0,0,,0,0,1,0,"non-candidate: 3 executive prepared turn(s) totalling 4,948 words (Chief Financial Officer; Co-Founder, Interim President, CEO & Chairman)"
Dropbox,"Dropbox, Inc._Earnings Call_2024-02-15T00_00_00_English.docx",2024-02-15,2023,FQ4,managerial_qa,non_event,-258,,not_applicable,0,,0,0,0,,0,0,1,0,managerial_qa eligibility is independent of prepared-context validity
Dropbox,"Dropbox, Inc._Earnings Call_2024-05-09T00_00_00_English.docx",2024-05-09,2024,FQ1,prepared_management,pre_2,-174,1,,0,"non-candidate: 3 executive prepared turn(s) totalling 2,928 words (Chief Financial Officer; Co-Founder, Interim President, CEO & Chairman)",0,0,0,,0,0,1,0,"non-candidate: 3 executive prepared turn(s) totalling 2,928 words (Chief Financial Officer; Co-Founder, Interim President, CEO & Chairman)"
Dropbox,"Dropbox, Inc._Earnings Call_2024-05-09T00_00_00_English.docx",2024-05-09,2024,FQ1,managerial_qa,pre_2,-174,,not_applicable,0,,0,0,0,,0,0,1,0,managerial_qa eligibility is independent of prepared-context validity
Dropbox,"Dropbox, Inc._Earnings Call_2024-08-08T00_00_00_English.docx",2024-08-08,2024,FQ2,prepared_management,pre_1,-83,1,,0,"non-candidate: 3 executive prepared turn(s) totalling 3,277 words (Chief Financial Officer; Co-Founder, Interim President, CEO & Chairman)",0,0,0,,0,0,1,0,"non-candidate: 3 executive prepared turn(s) totalling 3,277 words (Chief Financial Officer; Co-Founder, Interim President, CEO & Chairman)"
Dropbox,"Dropbox, Inc._Earnings Call_2024-08-08T00_00_00_English.docx",2024-08-08,2024,FQ2,managerial_qa,pre_1,-83,,not_applicable,0,,0,0,0,,0,0,1,0,managerial_qa eligibility is independent of prepared-context validity
Dropbox,"Dropbox, Inc._Earnings Call_2024-11-07T00_00_00_English.docx",2024-11-07,2024,FQ3,prepared_management,post_1,8,1,,0,"non-candidate: 3 executive prepared turn(s) totalling 3,272 words (Chief Financial Officer; Co-Founder, Interim President, CEO & Chairman)",0,0,0,,0,0,1,0,"non-candidate: 3 executive prepared turn(s) totalling 3,272 words (Chief Financial Officer; Co-Founder, Interim President, CEO & Chairman)"
Dropbox,"Dropbox, Inc._Earnings Call_2024-11-07T00_00_00_English.docx",2024-11-07,2024,FQ3,managerial_qa,post_1,8,,not_applicable,0,,0,0,0,,0,0,1,0,managerial_qa eligibility is independent of prepared-context validity
Dropbox,"Dropbox, Inc._Earnings Call_2025-02-20T00_00_00_English.docx",2025-02-20,2024,FQ4,prepared_management,post_2,113,1,,0,"non-candidate: 3 executive prepared turn(s) totalling 3,775 words (Chief Financial Officer; Co-Founder, Interim President, CEO & Chairman)",0,0,0,,0,0,1,0,"non-candidate: 3 executive prepared turn(s) totalling 3,775 words (Chief Financial Officer; Co-Founder, Interim President, CEO & Chairman)"
Dropbox,"Dropbox, Inc._Earnings Call_2025-02-20T00_00_00_English.docx",2025-02-20,2024,FQ4,managerial_qa,post_2,113,,not_applicable,0,,0,0,0,,0,0,1,0,managerial_qa eligibility is independent of prepared-context validity
IBM,International Business Machines Corporation_Earnings Call_2021-04-19T00_00_00_English.docx,2021-04-19,2021,FQ1,prepared_management,non_event,-646,1,,0,"non-candidate: 2 executive prepared turn(s) totalling 3,953 words (CEO & Chairman of the Board; CFO and Senior VP of Finance & Operations)",0,0,0,,0,0,1,0,"non-candidate: 2 executive prepared turn(s) totalling 3,953 words (CEO & Chairman of the Board; CFO and Senior VP of Finance & Operations)"
IBM,International Business Machines Corporation_Earnings Call_2021-04-19T00_00_00_English.docx,2021-04-19,2021,FQ1,managerial_qa,non_event,-646,,not_applicable,0,,0,0,0,,0,0,1,0,managerial_qa eligibility is independent of prepared-context validity
IBM,International Business Machines Corporation_Earnings Call_2021-07-19T00_00_00_English.docx,2021-07-19,2021,FQ2,prepared_management,non_event,-555,1,,0,"non-candidate: 2 executive prepared turn(s) totalling 4,270 words (CEO & Chairman of the Board; CFO and Senior VP of Finance & Operations)",0,0,0,,0,0,1,0,"non-candidate: 2 executive prepared turn(s) totalling 4,270 words (CEO & Chairman of the Board; CFO and Senior VP of Finance & Operations)"
IBM,International Business Machines Corporation_Earnings Call_2021-07-19T00_00_00_English.docx,2021-07-19,2021,FQ2,managerial_qa,non_event,-555,,not_applicable,0,,0,0,0,,0,0,1,0,managerial_qa eligibility is independent of prepared-context validity
IBM,International Business Machines Corporation_Earnings Call_2021-10-20T00_00_00_English.docx,2021-10-20,2021,FQ3,prepared_management,non_event,-462,1,,0,"non-candidate: 2 executive prepared turn(s) totalling 3,873 words (CEO & Chairman of the Board; CFO and Senior VP of Finance & Operations)",0,0,0,,0,0,1,0,"non-candidate: 2 executive prepared turn(s) totalling 3,873 words (CEO & Chairman of the Board; CFO and Senior VP of Finance & Operations)"
IBM,International Business Machines Corporation_Earnings Call_2021-10-20T00_00_00_English.docx,2021-10-20,2021,FQ3,managerial_qa,non_event,-462,,not_applicable,0,,0,0,0,,0,0,1,0,managerial_qa eligibility is independent of prepared-context validity
IBM,International Business Machines Corporation_Earnings Call_2022-01-24T00_00_00_English.docx,2022-01-24,2021,FQ4,prepared_management,non_event,-366,1,,0,"non-candidate: 2 executive prepared turn(s) totalling 4,250 words (CEO & Chairman of the Board; CFO and Senior VP of Finance & Operations)",0,0,0,,0,0,1,0,"non-candidate: 2 executive prepared turn(s) totalling 4,250 words (CEO & Chairman of the Board; CFO and Senior VP of Finance & Operations)"
IBM,International Business Machines Corporation_Earnings Call_2022-01-24T00_00_00_English.docx,2022-01-24,2021,FQ4,managerial_qa,non_event,-366,,not_applicable,0,,0,0,0,,0,0,1,0,managerial_qa eligibility is independent of prepared-context validity
IBM,International Business Machines Corporation_Earnings Call_2022-04-19T00_00_00_English.docx,2022-04-19,2022,FQ1,prepared_management,non_event,-281,1,,0,"non-candidate: 2 executive prepared turn(s) totalling 3,845 words (CEO & Chairman of the Board; CFO and Senior VP of Finance & Operations)",0,0,0,,0,0,1,0,"non-candidate: 2 executive prepared turn(s) totalling 3,845 words (CEO & Chairman of the Board; CFO and Senior VP of Finance & Operations)"
IBM,International Business Machines Corporation_Earnings Call_2022-04-19T00_00_00_English.docx,2022-04-19,2022,FQ1,managerial_qa,non_event,-281,,not_applicable,0,,0,0,0,,0,0,1,0,managerial_qa eligibility is independent of prepared-context validity
IBM,International Business Machines Corporation_Earnings Call_2022-07-18T00_00_00_English.docx,2022-07-18,2022,FQ2,prepared_management,pre_2,-191,1,,0,"non-candidate: 2 executive prepared turn(s) totalling 3,719 words (CEO & Chairman of the Board; CFO and Senior VP of Finance & Operations)",0,0,0,,0,0,1,0,"non-candidate: 2 executive prepared turn(s) totalling 3,719 words (CEO & Chairman of the Board; CFO and Senior VP of Finance & Operations)"
IBM,International Business Machines Corporation_Earnings Call_2022-07-18T00_00_00_English.docx,2022-07-18,2022,FQ2,managerial_qa,pre_2,-191,,not_applicable,0,,0,0,0,,0,0,1,0,managerial_qa eligibility is independent of prepared-context validity
IBM,International Business Machines Corporation_Earnings Call_2022-10-19T00_00_00_English.docx,2022-10-19,2022,FQ3,prepared_management,pre_1,-98,1,,0,"non-candidate: 2 executive prepared turn(s) totalling 3,333 words (CEO & Chairman of the Board; CFO and Senior VP of Finance & Operations)",0,0,0,,0,0,1,0,"non-candidate: 2 executive prepared turn(s) totalling 3,333 words (CEO & Chairman of the Board; CFO and Senior VP of Finance & Operations)"
IBM,International Business Machines Corporation_Earnings Call_2022-10-19T00_00_00_English.docx,2022-10-19,2022,FQ3,managerial_qa,pre_1,-98,,not_applicable,0,,0,0,0,,0,0,1,0,managerial_qa eligibility is independent of prepared-context validity
IBM,International Business Machines Corporation_Earnings Call_2023-01-25T00_00_00_English.docx,2023-01-25,2022,FQ4,prepared_management,same_day,0,1,,0,"non-candidate: 2 executive prepared turn(s) totalling 3,784 words (CEO & Chairman of the Board; CFO and Senior VP of Finance & Operations)",0,1,0,,0,0,1,0,"non-candidate: 2 executive prepared turn(s) totalling 3,784 words (CEO & Chairman of the Board; CFO and Senior VP of Finance & Operations)"
IBM,International Business Machines Corporation_Earnings Call_2023-01-25T00_00_00_English.docx,2023-01-25,2022,FQ4,managerial_qa,same_day,0,,not_applicable,0,,0,1,0,,0,0,1,0,managerial_qa eligibility is independent of prepared-context validity
IBM,International Business Machines Corporation_Earnings Call_2023-04-19T00_00_00_English.docx,2023-04-19,2023,FQ1,prepared_management,post_1,84,1,,0,"non-candidate: 2 executive prepared turn(s) totalling 3,453 words (CEO & Chairman of the Board; CFO and Senior VP of Finance & Operations)",0,0,0,,0,0,1,0,"non-candidate: 2 executive prepared turn(s) totalling 3,453 words (CEO & Chairman of the Board; CFO and Senior VP of Finance & Operations)"
IBM,International Business Machines Corporation_Earnings Call_2023-04-19T00_00_00_English.docx,2023-04-19,2023,FQ1,managerial_qa,post_1,84,,not_applicable,0,,0,0,0,,0,0,1,0,managerial_qa eligibility is independent of prepared-context validity
IBM,International Business Machines Corporation_Earnings Call_2023-07-19T00_00_00_English.docx,2023-07-19,2023,FQ2,prepared_management,post_2,175,1,,0,"non-candidate: 2 executive prepared turn(s) totalling 3,319 words (CEO & Chairman of the Board; CFO and Senior VP of Finance & Operations)",0,0,0,,0,0,1,0,"non-candidate: 2 executive prepared turn(s) totalling 3,319 words (CEO & Chairman of the Board; CFO and Senior VP of Finance & Operations)"
IBM,International Business Machines Corporation_Earnings Call_2023-07-19T00_00_00_English.docx,2023-07-19,2023,FQ2,managerial_qa,post_2,175,,not_applicable,0,,0,0,0,,0,0,1,0,managerial_qa eligibility is independent of prepared-context validity
IBM,International Business Machines Corporation_Earnings Call_2023-10-25T00_00_00_English.docx,2023-10-25,2023,FQ3,prepared_management,non_event,273,1,,0,"non-candidate: 2 executive prepared turn(s) totalling 3,265 words (CEO & Chairman of the Board; Senior VP & CFO)",0,0,0,,0,0,1,0,"non-candidate: 2 executive prepared turn(s) totalling 3,265 words (CEO & Chairman of the Board; Senior VP & CFO)"
IBM,International Business Machines Corporation_Earnings Call_2023-10-25T00_00_00_English.docx,2023-10-25,2023,FQ3,managerial_qa,non_event,273,,not_applicable,0,,0,0,0,,0,0,1,0,managerial_qa eligibility is independent of prepared-context validity
IBM,International Business Machines Corporation_Earnings Call_2024-01-24T00_00_00_English.docx,2024-01-24,2023,FQ4,prepared_management,non_event,364,1,,0,"non-candidate: 2 executive prepared turn(s) totalling 4,123 words (CEO & Chairman of the Board; Senior VP & CFO)",0,0,0,,0,0,1,0,"non-candidate: 2 executive prepared turn(s) totalling 4,123 words (CEO & Chairman of the Board; Senior VP & CFO)"
IBM,International Business Machines Corporation_Earnings Call_2024-01-24T00_00_00_English.docx,2024-01-24,2023,FQ4,managerial_qa,non_event,364,,not_applicable,0,,0,0,0,,0,0,1,0,managerial_qa eligibility is independent of prepared-context validity
IBM,International Business Machines Corporation_Earnings Call_2024-04-24T00_00_00_English.docx,2024-04-24,2024,FQ1,prepared_management,non_event,455,1,,0,"non-candidate: 5 executive prepared turn(s) totalling 3,800 words (CEO & Chairman of the Board; Senior VP & CFO; [quote removed])",0,0,0,,0,0,1,0,"non-candidate: 5 executive prepared turn(s) totalling 3,800 words (CEO & Chairman of the Board; Senior VP & CFO; [quote removed])"
IBM,International Business Machines Corporation_Earnings Call_2024-04-24T00_00_00_English.docx,2024-04-24,2024,FQ1,managerial_qa,non_event,455,,not_applicable,0,,0,0,0,,0,0,1,0,managerial_qa eligibility is independent of prepared-context validity
IBM,International Business Machines Corporation_Earnings Call_2024-07-24T00_00_00_English.docx,2024-07-24,2024,FQ2,prepared_management,non_event,546,1,,0,"non-candidate: 2 executive prepared turn(s) totalling 3,486 words (CEO & Chairman of the Board; Senior VP & CFO)",0,0,0,,0,0,1,0,"non-candidate: 2 executive prepared turn(s) totalling 3,486 words (CEO & Chairman of the Board; Senior VP & CFO)"
IBM,International Business Machines Corporation_Earnings Call_2024-07-24T00_00_00_English.docx,2024-07-24,2024,FQ2,managerial_qa,non_event,546,,not_applicable,0,,0,0,0,,0,0,1,0,managerial_qa eligibility is independent of prepared-context validity
IBM,International Business Machines Corporation_Earnings Call_2024-10-23T00_00_00_English.docx,2024-10-23,2024,FQ3,prepared_management,non_event,637,1,,0,"non-candidate: 3 executive prepared turn(s) totalling 3,211 words (CEO & Chairman of the Board; Senior VP & CFO; Thank you.)",0,0,0,,0,0,1,0,"non-candidate: 3 executive prepared turn(s) totalling 3,211 words (CEO & Chairman of the Board; Senior VP & CFO; Thank you.)"
IBM,International Business Machines Corporation_Earnings Call_2024-10-23T00_00_00_English.docx,2024-10-23,2024,FQ3,managerial_qa,non_event,637,,not_applicable,0,,0,0,0,,0,0,1,0,managerial_qa eligibility is independent of prepared-context validity
IBM,International Business Machines Corporation_Earnings Call_2025-01-29T00_00_00_English.docx,2025-01-29,2024,FQ4,prepared_management,non_event,735,1,,0,"non-candidate: 2 executive prepared turn(s) totalling 3,274 words (CEO, President & Chairman; CFO and Senior VP of Finance & Operations)",0,0,0,,0,0,1,0,"non-candidate: 2 executive prepared turn(s) totalling 3,274 words (CEO, President & Chairman; CFO and Senior VP of Finance & Operations)"
IBM,International Business Machines Corporation_Earnings Call_2025-01-29T00_00_00_English.docx,2025-01-29,2024,FQ4,managerial_qa,non_event,735,,not_applicable,0,,0,0,0,,0,0,1,0,managerial_qa eligibility is independent of prepared-context validity
Intel,Intel Corporation_Earnings Call_2021-04-22T00_00_00_English.docx,2021-04-22,2021,FQ1,prepared_management,non_event,-1197,1,,0,"non-candidate: 2 executive prepared turn(s) totalling 2,593 words (CEO & Director; Executive VP & CFO)",0,0,0,,0,0,1,0,"non-candidate: 2 executive prepared turn(s) totalling 2,593 words (CEO & Director; Executive VP & CFO)"
Intel,Intel Corporation_Earnings Call_2021-04-22T00_00_00_English.docx,2021-04-22,2021,FQ1,managerial_qa,non_event,-1197,,not_applicable,0,,0,0,0,,0,0,1,0,managerial_qa eligibility is independent of prepared-context validity
Intel,Intel Corporation_Earnings Call_2021-07-22T00_00_00_English.docx,2021-07-22,2021,FQ2,prepared_management,non_event,-1106,1,,0,"non-candidate: 2 executive prepared turn(s) totalling 2,913 words (CEO & Director; Executive VP & CFO)",0,0,0,,0,0,1,0,"non-candidate: 2 executive prepared turn(s) totalling 2,913 words (CEO & Director; Executive VP & CFO)"
Intel,Intel Corporation_Earnings Call_2021-07-22T00_00_00_English.docx,2021-07-22,2021,FQ2,managerial_qa,non_event,-1106,,not_applicable,0,,0,0,0,,0,0,1,0,managerial_qa eligibility is independent of prepared-context validity
Intel,Intel Corporation_Earnings Call_2021-10-21T00_00_00_English.docx,2021-10-21,2021,FQ3,prepared_management,non_event,-1015,1,,0,"non-candidate: 2 executive prepared turn(s) totalling 4,049 words (CEO & Director; Executive VP & CFO)",0,0,0,,0,0,1,0,"non-candidate: 2 executive prepared turn(s) totalling 4,049 words (CEO & Director; Executive VP & CFO)"
Intel,Intel Corporation_Earnings Call_2021-10-21T00_00_00_English.docx,2021-10-21,2021,FQ3,managerial_qa,non_event,-1015,,not_applicable,0,,0,0,0,,0,0,1,0,managerial_qa eligibility is independent of prepared-context validity
Intel,Intel Corporation_Earnings Call_2022-01-26T00_00_00_English.docx,2022-01-26,2021,FQ4,prepared_management,non_event,-918,1,,0,"non-candidate: 4 executive prepared turn(s) totalling 3,727 words (CEO & Director; Executive Adviser; Executive VP & CFO)",0,0,0,,0,0,1,0,"non-candidate: 4 executive prepared turn(s) totalling 3,727 words (CEO & Director; Executive Adviser; Executive VP & CFO)"
Intel,Intel Corporation_Earnings Call_2022-01-26T00_00_00_English.docx,2022-01-26,2021,FQ4,managerial_qa,non_event,-918,,not_applicable,0,,0,0,0,,0,0,1,0,managerial_qa eligibility is independent of prepared-context validity
Intel,Intel Corporation_Earnings Call_2022-04-28T00_00_00_English.docx,2022-04-28,2022,FQ1,prepared_management,non_event,-826,1,,0,"non-candidate: 2 executive prepared turn(s) totalling 3,877 words (CEO & Director; Executive VP & CFO)",0,0,0,,0,0,1,0,"non-candidate: 2 executive prepared turn(s) totalling 3,877 words (CEO & Director; Executive VP & CFO)"
Intel,Intel Corporation_Earnings Call_2022-04-28T00_00_00_English.docx,2022-04-28,2022,FQ1,managerial_qa,non_event,-826,,not_applicable,0,,0,0,0,,0,0,1,0,managerial_qa eligibility is independent of prepared-context validity
Intel,Intel Corporation_Earnings Call_2022-07-28T00_00_00_English.docx,2022-07-28,2022,FQ2,prepared_management,non_event,-735,1,,0,"non-candidate: 2 executive prepared turn(s) totalling 4,404 words (CEO & Director; Executive VP & CFO)",0,0,0,,0,0,1,0,"non-candidate: 2 executive prepared turn(s) totalling 4,404 words (CEO & Director; Executive VP & CFO)"
Intel,Intel Corporation_Earnings Call_2022-07-28T00_00_00_English.docx,2022-07-28,2022,FQ2,managerial_qa,non_event,-735,,not_applicable,0,,0,0,0,,0,0,1,0,managerial_qa eligibility is independent of prepared-context validity
Intel,Intel Corporation_Earnings Call_2022-10-27T00_00_00_English.docx,2022-10-27,2022,FQ3,prepared_management,non_event,-644,1,,0,"non-candidate: 4 executive prepared turn(s) totalling 3,715 words (CEO & Director; Executive VP & CFO; Patrick P. Gelsinger)",0,0,0,,0,0,1,0,"non-candidate: 4 executive prepared turn(s) totalling 3,715 words (CEO & Director; Executive VP & CFO; Patrick P. Gelsinger)"
Intel,Intel Corporation_Earnings Call_2022-10-27T00_00_00_English.docx,2022-10-27,2022,FQ3,managerial_qa,non_event,-644,,not_applicable,0,,0,0,0,,0,0,1,0,managerial_qa eligibility is independent of prepared-context validity
Intel,Intel Corporation_Earnings Call_2023-01-26T00_00_00_English.docx,2023-01-26,2022,FQ4,prepared_management,non_event,-553,1,,0,"non-candidate: 4 executive prepared turn(s) totalling 4,595 words (CEO & Director; Executive VP & CFO; Patrick P. Gelsinger)",0,0,0,,0,0,1,0,"non-candidate: 4 executive prepared turn(s) totalling 4,595 words (CEO & Director; Executive VP & CFO; Patrick P. Gelsinger)"
Intel,Intel Corporation_Earnings Call_2023-01-26T00_00_00_English.docx,2023-01-26,2022,FQ4,managerial_qa,non_event,-553,,not_applicable,0,,0,0,0,,0,0,1,0,managerial_qa eligibility is independent of prepared-context validity
Intel,Intel Corporation_Earnings Call_2023-04-27T00_00_00_English.docx,2023-04-27,2023,FQ1,prepared_management,non_event,-462,1,,0,"non-candidate: 2 executive prepared turn(s) totalling 4,009 words (CEO & Director; Executive VP & CFO)",0,0,0,,0,0,1,0,"non-candidate: 2 executive prepared turn(s) totalling 4,009 words (CEO & Director; Executive VP & CFO)"
Intel,Intel Corporation_Earnings Call_2023-04-27T00_00_00_English.docx,2023-04-27,2023,FQ1,managerial_qa,non_event,-462,,not_applicable,0,,0,0,0,,0,0,1,0,managerial_qa eligibility is independent of prepared-context validity
Intel,Intel Corporation_Earnings Call_2023-07-27T00_00_00_English.docx,2023-07-27,2023,FQ2,prepared_management,non_event,-371,1,,0,"non-candidate: 2 executive prepared turn(s) totalling 3,831 words (CEO & Director; Executive VP & CFO)",0,0,0,,0,0,1,0,"non-candidate: 2 executive prepared turn(s) totalling 3,831 words (CEO & Director; Executive VP & CFO)"
Intel,Intel Corporation_Earnings Call_2023-07-27T00_00_00_English.docx,2023-07-27,2023,FQ2,managerial_qa,non_event,-371,,not_applicable,0,,0,0,0,,0,0,1,0,managerial_qa eligibility is independent of prepared-context validity
Intel,Intel Corporation_Earnings Call_2023-10-26T00_00_00_English.docx,2023-10-26,2023,FQ3,prepared_management,non_event,-280,1,,0,"non-candidate: 2 executive prepared turn(s) totalling 4,010 words (CEO & Director; Executive VP & CFO)",0,0,0,,0,0,1,0,"non-candidate: 2 executive prepared turn(s) totalling 4,010 words (CEO & Director; Executive VP & CFO)"
Intel,Intel Corporation_Earnings Call_2023-10-26T00_00_00_English.docx,2023-10-26,2023,FQ3,managerial_qa,non_event,-280,,not_applicable,0,,0,0,0,,0,0,1,0,managerial_qa eligibility is independent of prepared-context validity
Intel,Intel Corporation_Earnings Call_2024-01-25T00_00_00_English.docx,2024-01-25,2023,FQ4,prepared_management,pre_2,-189,1,,0,"non-candidate: 2 executive prepared turn(s) totalling 4,315 words (CEO & Director; Executive VP & CFO)",0,0,0,,0,0,1,0,"non-candidate: 2 executive prepared turn(s) totalling 4,315 words (CEO & Director; Executive VP & CFO)"
Intel,Intel Corporation_Earnings Call_2024-01-25T00_00_00_English.docx,2024-01-25,2023,FQ4,managerial_qa,pre_2,-189,,not_applicable,0,,0,0,0,,0,0,1,0,managerial_qa eligibility is independent of prepared-context validity
Intel,Intel Corporation_Earnings Call_2024-04-25T00_00_00_English.docx,2024-04-25,2024,FQ1,prepared_management,pre_1,-98,1,,0,"non-candidate: 2 executive prepared turn(s) totalling 3,641 words (CEO & Director; Executive VP & CFO)",0,0,0,,0,0,1,0,"non-candidate: 2 executive prepared turn(s) totalling 3,641 words (CEO & Director; Executive VP & CFO)"
Intel,Intel Corporation_Earnings Call_2024-04-25T00_00_00_English.docx,2024-04-25,2024,FQ1,managerial_qa,pre_1,-98,,not_applicable,0,,0,0,0,,0,0,1,0,managerial_qa eligibility is independent of prepared-context validity
Intel,Intel Corporation_Earnings Call_2024-08-01T00_00_00_English.docx,2024-08-01,2024,FQ2,prepared_management,same_day,0,1,,0,"non-candidate: 2 executive prepared turn(s) totalling 4,012 words (CEO & Director; Executive VP & CFO)",0,1,0,,0,0,1,0,"non-candidate: 2 executive prepared turn(s) totalling 4,012 words (CEO & Director; Executive VP & CFO)"
Intel,Intel Corporation_Earnings Call_2024-08-01T00_00_00_English.docx,2024-08-01,2024,FQ2,managerial_qa,same_day,0,,not_applicable,0,,0,1,0,,0,0,1,0,managerial_qa eligibility is independent of prepared-context validity
Intel,Intel Corporation_Earnings Call_2024-10-31T00_00_00_English.docx,2024-10-31,2024,FQ3,prepared_management,post_1,91,1,,0,"non-candidate: 2 executive prepared turn(s) totalling 3,378 words (CEO & Director; Executive VP & CFO)",0,0,0,,0,0,1,0,"non-candidate: 2 executive prepared turn(s) totalling 3,378 words (CEO & Director; Executive VP & CFO)"
Intel,Intel Corporation_Earnings Call_2024-10-31T00_00_00_English.docx,2024-10-31,2024,FQ3,managerial_qa,post_1,91,,not_applicable,0,,0,0,0,,0,0,1,0,managerial_qa eligibility is independent of prepared-context validity
Intel,Intel Corporation_Earnings Call_2025-01-30T00_00_00_English.docx,2025-01-30,2024,FQ4,prepared_management,post_2,182,1,,0,"non-candidate: 2 executive prepared turn(s) totalling 3,571 words (Interim Co-CEO & Chief Executive Officer of Intel Products; Interim Co)",0,0,0,,0,0,1,0,"non-candidate: 2 executive prepared turn(s) totalling 3,571 words (Interim Co-CEO & Chief Executive Officer of Intel Products; Interim Co)"
Intel,Intel Corporation_Earnings Call_2025-01-30T00_00_00_English.docx,2025-01-30,2024,FQ4,managerial_qa,post_2,182,,not_applicable,0,,0,0,0,,0,0,1,0,managerial_qa eligibility is independent of prepared-context validity
Lyft,"Lyft, Inc._Earnings Call_2021-05-04T00_00_00_English.docx",2021-05-04,2021,FQ1,prepared_management,non_event,-717,1,,0,"non-candidate: 3 executive prepared turn(s) totalling 4,201 words (Chief Financial Officer; Co-Founder, CEO & Director; Co-Founder, Presi)",0,0,0,,0,0,1,0,"non-candidate: 3 executive prepared turn(s) totalling 4,201 words (Chief Financial Officer; Co-Founder, CEO & Director; Co-Founder, Presi)"
Lyft,"Lyft, Inc._Earnings Call_2021-05-04T00_00_00_English.docx",2021-05-04,2021,FQ1,managerial_qa,non_event,-717,,not_applicable,0,,0,0,0,,0,0,1,0,managerial_qa eligibility is independent of prepared-context validity
Lyft,"Lyft, Inc._Earnings Call_2021-08-03T00_00_00_English.docx",2021-08-03,2021,FQ2,prepared_management,non_event,-626,1,,0,"non-candidate: 3 executive prepared turn(s) totalling 4,075 words (Chief Financial Officer; Co-Founder, CEO & Director; Co-Founder, Presi)",0,0,0,,0,0,1,0,"non-candidate: 3 executive prepared turn(s) totalling 4,075 words (Chief Financial Officer; Co-Founder, CEO & Director; Co-Founder, Presi)"
Lyft,"Lyft, Inc._Earnings Call_2021-08-03T00_00_00_English.docx",2021-08-03,2021,FQ2,managerial_qa,non_event,-626,,not_applicable,0,,0,0,0,,0,0,1,0,managerial_qa eligibility is independent of prepared-context validity
Lyft,"Lyft, Inc._Earnings Call_2021-11-02T00_00_00_English.docx",2021-11-02,2021,FQ3,prepared_management,non_event,-535,1,,0,"non-candidate: 3 executive prepared turn(s) totalling 3,014 words (Chief Financial Officer; Co-Founder, CEO & Director; Co-Founder, Presi)",0,0,0,,0,0,1,0,"non-candidate: 3 executive prepared turn(s) totalling 3,014 words (Chief Financial Officer; Co-Founder, CEO & Director; Co-Founder, Presi)"
Lyft,"Lyft, Inc._Earnings Call_2021-11-02T00_00_00_English.docx",2021-11-02,2021,FQ3,managerial_qa,non_event,-535,,not_applicable,0,,0,0,0,,0,0,1,0,managerial_qa eligibility is independent of prepared-context validity
Lyft,"Lyft, Inc._Earnings Call_2022-02-08T00_00_00_English.docx",2022-02-08,2021,FQ4,prepared_management,non_event,-437,1,,0,"non-candidate: 3 executive prepared turn(s) totalling 3,030 words (Chief Financial Officer; Co-Founder, CEO & Director; Co-Founder, Presi)",0,0,0,,0,0,1,0,"non-candidate: 3 executive prepared turn(s) totalling 3,030 words (Chief Financial Officer; Co-Founder, CEO & Director; Co-Founder, Presi)"
Lyft,"Lyft, Inc._Earnings Call_2022-02-08T00_00_00_English.docx",2022-02-08,2021,FQ4,managerial_qa,non_event,-437,,not_applicable,0,,0,0,0,,0,0,1,0,managerial_qa eligibility is independent of prepared-context validity
Lyft,"Lyft, Inc._Earnings Call_2022-05-03T00_00_00_English.docx",2022-05-03,2022,FQ1,prepared_management,non_event,-353,1,,0,"non-candidate: 3 executive prepared turn(s) totalling 2,934 words (Chief Financial Officer; Co-Founder, CEO & Director; Co-Founder, Presi)",0,0,0,,0,0,1,0,"non-candidate: 3 executive prepared turn(s) totalling 2,934 words (Chief Financial Officer; Co-Founder, CEO & Director; Co-Founder, Presi)"
Lyft,"Lyft, Inc._Earnings Call_2022-05-03T00_00_00_English.docx",2022-05-03,2022,FQ1,managerial_qa,non_event,-353,,not_applicable,0,,0,0,0,,0,0,1,0,managerial_qa eligibility is independent of prepared-context validity
Lyft,"Lyft, Inc._Earnings Call_2022-08-04T00_00_00_English.docx",2022-08-04,2022,FQ2,prepared_management,non_event,-260,1,,0,"non-candidate: 3 executive prepared turn(s) totalling 3,240 words (Chief Financial Officer; Co-Founder, CEO & Director; Co-Founder, Presi)",0,0,0,,0,0,1,0,"non-candidate: 3 executive prepared turn(s) totalling 3,240 words (Chief Financial Officer; Co-Founder, CEO & Director; Co-Founder, Presi)"
Lyft,"Lyft, Inc._Earnings Call_2022-08-04T00_00_00_English.docx",2022-08-04,2022,FQ2,managerial_qa,non_event,-260,,not_applicable,0,,0,0,0,,0,0,1,0,managerial_qa eligibility is independent of prepared-context validity
Lyft,"Lyft, Inc._Earnings Call_2022-11-07T00_00_00_English.docx",2022-11-07,2022,FQ3,prepared_management,pre_2,-165,1,,0,"non-candidate: 3 executive prepared turn(s) totalling 3,320 words (Chief Financial Officer; Co-Founder, CEO & Director; Co-Founder, Presi)",0,0,0,,0,0,1,0,"non-candidate: 3 executive prepared turn(s) totalling 3,320 words (Chief Financial Officer; Co-Founder, CEO & Director; Co-Founder, Presi)"
Lyft,"Lyft, Inc._Earnings Call_2022-11-07T00_00_00_English.docx",2022-11-07,2022,FQ3,managerial_qa,pre_2,-165,,not_applicable,0,,0,0,0,,0,0,1,0,managerial_qa eligibility is independent of prepared-context validity
Lyft,"Lyft, Inc._Earnings Call_2023-02-09T00_00_00_English.docx",2023-02-09,2022,FQ4,prepared_management,pre_1,-71,1,,0,"non-candidate: 3 executive prepared turn(s) totalling 2,901 words (Chief Financial Officer; Co-Founder, CEO & Director; Co-Founder, Presi)",0,0,0,,0,0,1,0,"non-candidate: 3 executive prepared turn(s) totalling 2,901 words (Chief Financial Officer; Co-Founder, CEO & Director; Co-Founder, Presi)"
Lyft,"Lyft, Inc._Earnings Call_2023-02-09T00_00_00_English.docx",2023-02-09,2022,FQ4,managerial_qa,pre_1,-71,,not_applicable,0,,0,0,0,,0,0,1,0,managerial_qa eligibility is independent of prepared-context validity
Lyft,"Lyft, Inc._Earnings Call_2023-05-04T00_00_00_English.docx",2023-05-04,2023,FQ1,prepared_management,post_1,13,1,,0,"non-candidate: 3 executive prepared turn(s) totalling 2,016 words (CEO & Director; Chief Financial Officer; Sonya Banerjee)",0,0,0,,0,0,1,0,"non-candidate: 3 executive prepared turn(s) totalling 2,016 words (CEO & Director; Chief Financial Officer; Sonya Banerjee)"
Lyft,"Lyft, Inc._Earnings Call_2023-05-04T00_00_00_English.docx",2023-05-04,2023,FQ1,managerial_qa,post_1,13,,not_applicable,0,,0,0,0,,0,0,1,0,managerial_qa eligibility is independent of prepared-context validity
Lyft,"Lyft, Inc._Earnings Call_2023-08-08T00_00_00_English.docx",2023-08-08,2023,FQ2,prepared_management,post_2,109,1,,0,"non-candidate: 2 executive prepared turn(s) totalling 2,442 words (CEO & Director; Chief Financial Officer)",0,0,0,,0,0,1,0,"non-candidate: 2 executive prepared turn(s) totalling 2,442 words (CEO & Director; Chief Financial Officer)"
Lyft,"Lyft, Inc._Earnings Call_2023-08-08T00_00_00_English.docx",2023-08-08,2023,FQ2,managerial_qa,post_2,109,,not_applicable,0,,0,0,0,,0,0,1,0,managerial_qa eligibility is independent of prepared-context validity
Lyft,"Lyft, Inc._Earnings Call_2023-11-08T00_00_00_English.docx",2023-11-08,2023,FQ3,prepared_management,non_event,201,1,,0,"non-candidate: 2 executive prepared turn(s) totalling 2,377 words (CEO & Director; Chief Financial Officer)",0,0,0,,0,0,1,0,"non-candidate: 2 executive prepared turn(s) totalling 2,377 words (CEO & Director; Chief Financial Officer)"
Lyft,"Lyft, Inc._Earnings Call_2023-11-08T00_00_00_English.docx",2023-11-08,2023,FQ3,managerial_qa,non_event,201,,not_applicable,0,,0,0,0,,0,0,1,0,managerial_qa eligibility is independent of prepared-context validity
Lyft,"Lyft, Inc._Earnings Call_2024-02-13T00_00_00_English.docx",2024-02-13,2023,FQ4,prepared_management,non_event,298,1,,0,"non-candidate: 2 executive prepared turn(s) totalling 2,376 words (CEO & Director; Chief Financial Officer)",0,0,0,,0,0,1,0,"non-candidate: 2 executive prepared turn(s) totalling 2,376 words (CEO & Director; Chief Financial Officer)"
Lyft,"Lyft, Inc._Earnings Call_2024-02-13T00_00_00_English.docx",2024-02-13,2023,FQ4,managerial_qa,non_event,298,,not_applicable,0,,0,0,0,,0,0,1,0,managerial_qa eligibility is independent of prepared-context validity
Lyft,"Lyft, Inc._Earnings Call_2024-05-07T00_00_00_English.docx",2024-05-07,2024,FQ1,prepared_management,non_event,382,1,,0,"non-candidate: 2 executive prepared turn(s) totalling 2,460 words (CEO & Director; Chief Financial Officer)",0,0,0,,0,0,1,0,"non-candidate: 2 executive prepared turn(s) totalling 2,460 words (CEO & Director; Chief Financial Officer)"
Lyft,"Lyft, Inc._Earnings Call_2024-05-07T00_00_00_English.docx",2024-05-07,2024,FQ1,managerial_qa,non_event,382,,not_applicable,0,,0,0,0,,0,0,1,0,managerial_qa eligibility is independent of prepared-context validity
Lyft,"Lyft, Inc._Earnings Call_2024-08-07T00_00_00_English.docx",2024-08-07,2024,FQ2,prepared_management,non_event,474,1,,0,"non-candidate: 3 executive prepared turn(s) totalling 2,496 words (CEO & Director; Chief Financial Officer; Erin Brewer)",0,0,0,,0,0,1,0,"non-candidate: 3 executive prepared turn(s) totalling 2,496 words (CEO & Director; Chief Financial Officer; Erin Brewer)"
Lyft,"Lyft, Inc._Earnings Call_2024-08-07T00_00_00_English.docx",2024-08-07,2024,FQ2,managerial_qa,non_event,474,,not_applicable,0,,0,0,0,,0,0,1,0,managerial_qa eligibility is independent of prepared-context validity
Lyft,"Lyft, Inc._Earnings Call_2024-11-06T00_00_00_English.docx",2024-11-06,2024,FQ3,prepared_management,non_event,565,1,,0,"non-candidate: 3 executive prepared turn(s) totalling 2,754 words (CEO & Director; Chief Financial Officer; Erin Brewer)",0,0,0,,0,0,1,0,"non-candidate: 3 executive prepared turn(s) totalling 2,754 words (CEO & Director; Chief Financial Officer; Erin Brewer)"
Lyft,"Lyft, Inc._Earnings Call_2024-11-06T00_00_00_English.docx",2024-11-06,2024,FQ3,managerial_qa,non_event,565,,not_applicable,0,,0,0,0,,0,0,1,0,managerial_qa eligibility is independent of prepared-context validity
Lyft,"Lyft, Inc._Earnings Call_2025-02-11T00_00_00_English.docx",2025-02-11,2024,FQ4,prepared_management,non_event,662,1,,0,"non-candidate: 2 executive prepared turn(s) totalling 2,510 words (CEO & Director; CFO, Interim Chief Accounting Officer & Principal acco)",0,0,0,,0,0,1,0,"non-candidate: 2 executive prepared turn(s) totalling 2,510 words (CEO & Director; CFO, Interim Chief Accounting Officer & Principal acco)"
Lyft,"Lyft, Inc._Earnings Call_2025-02-11T00_00_00_English.docx",2025-02-11,2024,FQ4,managerial_qa,non_event,662,,not_applicable,0,,0,0,0,,0,0,1,0,managerial_qa eligibility is independent of prepared-context validity
Meta,"Meta Platforms, Inc._Earnings Call_2021-04-28T00_00_00_English.docx",2021-04-28,2021,FQ1,prepared_management,non_event,-560,1,,0,"non-candidate: 3 executive prepared turn(s) totalling 3,847 words (COO & Director; Chief Financial Officer; Founder, Chairman & CEO)",0,0,0,,0,0,1,0,"non-candidate: 3 executive prepared turn(s) totalling 3,847 words (COO & Director; Chief Financial Officer; Founder, Chairman & CEO)"
Meta,"Meta Platforms, Inc._Earnings Call_2021-04-28T00_00_00_English.docx",2021-04-28,2021,FQ1,managerial_qa,non_event,-560,,not_applicable,0,,0,0,0,,0,0,1,0,managerial_qa eligibility is independent of prepared-context validity
Meta,"Meta Platforms, Inc._Earnings Call_2021-07-28T00_00_00_English.docx",2021-07-28,2021,FQ2,prepared_management,non_event,-469,1,,0,"non-candidate: 3 executive prepared turn(s) totalling 4,065 words (COO & Director; Chief Financial Officer; Founder, Chairman & CEO)",0,0,0,,0,0,1,0,"non-candidate: 3 executive prepared turn(s) totalling 4,065 words (COO & Director; Chief Financial Officer; Founder, Chairman & CEO)"
Meta,"Meta Platforms, Inc._Earnings Call_2021-07-28T00_00_00_English.docx",2021-07-28,2021,FQ2,managerial_qa,non_event,-469,,not_applicable,0,,0,0,0,,0,0,1,0,managerial_qa eligibility is independent of prepared-context validity
Meta,"Meta Platforms, Inc._Earnings Call_2021-10-25T00_00_00_English.docx",2021-10-25,2021,FQ3,prepared_management,non_event,-380,1,,0,"non-candidate: 3 executive prepared turn(s) totalling 4,190 words (COO & Director; Chief Financial Officer; Founder, Chairman & CEO)",0,0,0,,0,0,1,0,"non-candidate: 3 executive prepared turn(s) totalling 4,190 words (COO & Director; Chief Financial Officer; Founder, Chairman & CEO)"
Meta,"Meta Platforms, Inc._Earnings Call_2021-10-25T00_00_00_English.docx",2021-10-25,2021,FQ3,managerial_qa,non_event,-380,,not_applicable,0,,0,0,0,,0,0,1,0,managerial_qa eligibility is independent of prepared-context validity
Meta,"Meta Platforms, Inc._Earnings Call_2022-02-02T00_00_00_English.docx",2022-02-02,2021,FQ4,prepared_management,non_event,-280,1,,0,"non-candidate: 3 executive prepared turn(s) totalling 4,365 words (COO & Director; Chief Financial Officer; Founder, Chairman & CEO)",0,0,0,,0,0,1,0,"non-candidate: 3 executive prepared turn(s) totalling 4,365 words (COO & Director; Chief Financial Officer; Founder, Chairman & CEO)"
Meta,"Meta Platforms, Inc._Earnings Call_2022-02-02T00_00_00_English.docx",2022-02-02,2021,FQ4,managerial_qa,non_event,-280,,not_applicable,0,,0,0,0,,0,0,1,0,managerial_qa eligibility is independent of prepared-context validity
Meta,"Meta Platforms, Inc._Earnings Call_2022-04-27T00_00_00_English.docx",2022-04-27,2022,FQ1,prepared_management,non_event,-196,1,,0,"non-candidate: 3 executive prepared turn(s) totalling 3,984 words (COO & Director; Chief Financial Officer; Founder, Chairman & CEO)",0,0,0,,0,0,1,0,"non-candidate: 3 executive prepared turn(s) totalling 3,984 words (COO & Director; Chief Financial Officer; Founder, Chairman & CEO)"
Meta,"Meta Platforms, Inc._Earnings Call_2022-04-27T00_00_00_English.docx",2022-04-27,2022,FQ1,managerial_qa,non_event,-196,,not_applicable,0,,0,0,0,,0,0,1,0,managerial_qa eligibility is independent of prepared-context validity
Meta,"Meta Platforms, Inc._Earnings Call_2022-07-27T00_00_00_English.docx",2022-07-27,2022,FQ2,prepared_management,pre_2,-105,1,,0,"non-candidate: 3 executive prepared turn(s) totalling 4,668 words (COO & Director; Chief Financial Officer; Founder, Chairman & CEO)",0,0,0,,0,0,1,0,"non-candidate: 3 executive prepared turn(s) totalling 4,668 words (COO & Director; Chief Financial Officer; Founder, Chairman & CEO)"
Meta,"Meta Platforms, Inc._Earnings Call_2022-07-27T00_00_00_English.docx",2022-07-27,2022,FQ2,managerial_qa,pre_2,-105,,not_applicable,0,,0,0,0,,0,0,1,0,managerial_qa eligibility is independent of prepared-context validity
Meta,"Meta Platforms, Inc._Earnings Call_2022-10-26T00_00_00_English.docx",2022-10-26,2022,FQ3,prepared_management,pre_1,-14,1,,0,"non-candidate: 2 executive prepared turn(s) totalling 3,422 words (Chief Financial Officer; Founder, Chairman & CEO)",0,0,0,,0,0,1,0,"non-candidate: 2 executive prepared turn(s) totalling 3,422 words (Chief Financial Officer; Founder, Chairman & CEO)"
Meta,"Meta Platforms, Inc._Earnings Call_2022-10-26T00_00_00_English.docx",2022-10-26,2022,FQ3,managerial_qa,pre_1,-14,,not_applicable,0,,0,0,0,,0,0,1,0,managerial_qa eligibility is independent of prepared-context validity
Meta,"Meta Platforms, Inc._Earnings Call_2023-02-01T00_00_00_English.docx",2023-02-01,2022,FQ4,prepared_management,post_1,84,1,,0,"non-candidate: 2 executive prepared turn(s) totalling 3,258 words (Chief Financial Officer; Founder, Chairman & CEO)",0,0,0,,0,0,1,0,"non-candidate: 2 executive prepared turn(s) totalling 3,258 words (Chief Financial Officer; Founder, Chairman & CEO)"
Meta,"Meta Platforms, Inc._Earnings Call_2023-02-01T00_00_00_English.docx",2023-02-01,2022,FQ4,managerial_qa,post_1,84,,not_applicable,0,,0,0,0,,0,0,1,0,managerial_qa eligibility is independent of prepared-context validity
Meta,"Meta Platforms, Inc._Earnings Call_2023-04-26T00_00_00_English.docx",2023-04-26,2023,FQ1,prepared_management,post_2,168,1,,0,"non-candidate: 2 executive prepared turn(s) totalling 3,608 words (Chief Financial Officer; Founder, Chairman & CEO)",0,0,0,,0,0,1,0,"non-candidate: 2 executive prepared turn(s) totalling 3,608 words (Chief Financial Officer; Founder, Chairman & CEO)"
Meta,"Meta Platforms, Inc._Earnings Call_2023-04-26T00_00_00_English.docx",2023-04-26,2023,FQ1,managerial_qa,post_2,168,,not_applicable,0,,0,0,0,,0,0,1,0,managerial_qa eligibility is independent of prepared-context validity
Meta,"Meta Platforms, Inc._Earnings Call_2023-07-26T00_00_00_English.docx",2023-07-26,2023,FQ2,prepared_management,non_event,259,1,,0,"non-candidate: 3 executive prepared turn(s) totalling 3,740 words (Chief Financial Officer; Founder, Chairman & CEO; Mark Elliot Zuckerbe)",0,0,0,,0,0,1,0,"non-candidate: 3 executive prepared turn(s) totalling 3,740 words (Chief Financial Officer; Founder, Chairman & CEO; Mark Elliot Zuckerbe)"
Meta,"Meta Platforms, Inc._Earnings Call_2023-07-26T00_00_00_English.docx",2023-07-26,2023,FQ2,managerial_qa,non_event,259,,not_applicable,0,,0,0,0,,0,0,1,0,managerial_qa eligibility is independent of prepared-context validity
Meta,"Meta Platforms, Inc._Earnings Call_2023-10-25T00_00_00_English.docx",2023-10-25,2023,FQ3,prepared_management,non_event,350,1,,0,"non-candidate: 2 executive prepared turn(s) totalling 4,180 words (Chief Financial Officer; Founder, Chairman & CEO)",0,0,0,,0,0,1,0,"non-candidate: 2 executive prepared turn(s) totalling 4,180 words (Chief Financial Officer; Founder, Chairman & CEO)"
Meta,"Meta Platforms, Inc._Earnings Call_2023-10-25T00_00_00_English.docx",2023-10-25,2023,FQ3,managerial_qa,non_event,350,,not_applicable,0,,0,0,0,,0,0,1,0,managerial_qa eligibility is independent of prepared-context validity
Meta,"Meta Platforms, Inc._Earnings Call_2024-02-01T00_00_00_English.docx",2024-02-01,2023,FQ4,prepared_management,non_event,449,1,,0,"non-candidate: 2 executive prepared turn(s) totalling 4,853 words (Chief Financial Officer; Founder, Chairman & CEO)",0,0,0,,0,0,1,0,"non-candidate: 2 executive prepared turn(s) totalling 4,853 words (Chief Financial Officer; Founder, Chairman & CEO)"
Meta,"Meta Platforms, Inc._Earnings Call_2024-02-01T00_00_00_English.docx",2024-02-01,2023,FQ4,managerial_qa,non_event,449,,not_applicable,0,,0,0,0,,0,0,1,0,managerial_qa eligibility is independent of prepared-context validity
Meta,"Meta Platforms, Inc._Earnings Call_2024-04-24T00_00_00_English.docx",2024-04-24,2024,FQ1,prepared_management,non_event,532,1,,0,"non-candidate: 2 executive prepared turn(s) totalling 3,816 words (Chief Financial Officer; Founder, Chairman & CEO)",0,0,0,,0,0,1,0,"non-candidate: 2 executive prepared turn(s) totalling 3,816 words (Chief Financial Officer; Founder, Chairman & CEO)"
Meta,"Meta Platforms, Inc._Earnings Call_2024-04-24T00_00_00_English.docx",2024-04-24,2024,FQ1,managerial_qa,non_event,532,,not_applicable,0,,0,0,0,,0,0,1,0,managerial_qa eligibility is independent of prepared-context validity
Meta,"Meta Platforms, Inc._Earnings Call_2024-07-31T00_00_00_English.docx",2024-07-31,2024,FQ2,prepared_management,non_event,630,1,,0,"non-candidate: 2 executive prepared turn(s) totalling 4,050 words (Chief Financial Officer; Founder, Chairman & CEO)",0,0,0,,0,0,1,0,"non-candidate: 2 executive prepared turn(s) totalling 4,050 words (Chief Financial Officer; Founder, Chairman & CEO)"
Meta,"Meta Platforms, Inc._Earnings Call_2024-07-31T00_00_00_English.docx",2024-07-31,2024,FQ2,managerial_qa,non_event,630,,not_applicable,0,,0,0,0,,0,0,1,0,managerial_qa eligibility is independent of prepared-context validity
Meta,"Meta Platforms, Inc._Earnings Call_2024-10-30T00_00_00_English.docx",2024-10-30,2024,FQ3,prepared_management,non_event,721,1,,0,"non-candidate: 2 executive prepared turn(s) totalling 3,374 words (Chief Financial Officer; Founder, Chairman & CEO)",0,0,0,,0,0,1,0,"non-candidate: 2 executive prepared turn(s) totalling 3,374 words (Chief Financial Officer; Founder, Chairman & CEO)"
Meta,"Meta Platforms, Inc._Earnings Call_2024-10-30T00_00_00_English.docx",2024-10-30,2024,FQ3,managerial_qa,non_event,721,,not_applicable,0,,0,0,0,,0,0,1,0,managerial_qa eligibility is independent of prepared-context validity
Meta,"Meta Platforms, Inc._Earnings Call_2025-01-29T00_00_00_English.docx",2025-01-29,2024,FQ4,prepared_management,non_event,812,1,,0,"non-candidate: 2 executive prepared turn(s) totalling 3,652 words (Chief Financial Officer; Founder, Chairman & CEO)",0,0,0,,0,0,1,0,"non-candidate: 2 executive prepared turn(s) totalling 3,652 words (Chief Financial Officer; Founder, Chairman & CEO)"
Meta,"Meta Platforms, Inc._Earnings Call_2025-01-29T00_00_00_English.docx",2025-01-29,2024,FQ4,managerial_qa,non_event,812,,not_applicable,0,,0,0,0,,0,0,1,0,managerial_qa eligibility is independent of prepared-context validity
Microsoft,Microsoft Corporation_Earnings Call_2020-10-27T00_00_00_English.docx,2020-10-27,2021,FQ1,prepared_management,non_event,-813,1,,0,"non-candidate: 2 executive prepared turn(s) totalling 4,467 words (CEO & Director; Executive VP & CFO)",0,0,0,,0,0,1,0,"non-candidate: 2 executive prepared turn(s) totalling 4,467 words (CEO & Director; Executive VP & CFO)"
Microsoft,Microsoft Corporation_Earnings Call_2020-10-27T00_00_00_English.docx,2020-10-27,2021,FQ1,managerial_qa,non_event,-813,,not_applicable,0,,0,0,0,,0,0,1,0,managerial_qa eligibility is independent of prepared-context validity
Microsoft,Microsoft Corporation_Earnings Call_2021-01-26T00_00_00_English.docx,2021-01-26,2021,FQ2,prepared_management,non_event,-722,1,,0,"non-candidate: 2 executive prepared turn(s) totalling 4,522 words (CEO & Director; Executive VP & CFO)",0,0,0,,0,0,1,0,"non-candidate: 2 executive prepared turn(s) totalling 4,522 words (CEO & Director; Executive VP & CFO)"
Microsoft,Microsoft Corporation_Earnings Call_2021-01-26T00_00_00_English.docx,2021-01-26,2021,FQ2,managerial_qa,non_event,-722,,not_applicable,0,,0,0,0,,0,0,1,0,managerial_qa eligibility is independent of prepared-context validity
Microsoft,Microsoft Corporation_Earnings Call_2021-04-27T00_00_00_English.docx,2021-04-27,2021,FQ3,prepared_management,non_event,-631,1,,0,"non-candidate: 2 executive prepared turn(s) totalling 4,840 words (CEO & Director; Executive VP & CFO)",0,0,0,,0,0,1,0,"non-candidate: 2 executive prepared turn(s) totalling 4,840 words (CEO & Director; Executive VP & CFO)"
Microsoft,Microsoft Corporation_Earnings Call_2021-04-27T00_00_00_English.docx,2021-04-27,2021,FQ3,managerial_qa,non_event,-631,,not_applicable,0,,0,0,0,,0,0,1,0,managerial_qa eligibility is independent of prepared-context validity
Microsoft,Microsoft Corporation_Earnings Call_2021-07-27T00_00_00_English.docx,2021-07-27,2021,FQ4,prepared_management,non_event,-540,1,,0,"non-candidate: 2 executive prepared turn(s) totalling 4,750 words (Chairman & CEO; Executive VP & CFO)",0,0,0,,0,0,1,0,"non-candidate: 2 executive prepared turn(s) totalling 4,750 words (Chairman & CEO; Executive VP & CFO)"
Microsoft,Microsoft Corporation_Earnings Call_2021-07-27T00_00_00_English.docx,2021-07-27,2021,FQ4,managerial_qa,non_event,-540,,not_applicable,0,,0,0,0,,0,0,1,0,managerial_qa eligibility is independent of prepared-context validity
Microsoft,Microsoft Corporation_Earnings Call_2021-10-26T00_00_00_English.docx,2021-10-26,2022,FQ1,prepared_management,non_event,-449,1,,0,"non-candidate: 2 executive prepared turn(s) totalling 4,547 words (Chairman & CEO; Executive VP & CFO)",0,0,0,,0,0,1,0,"non-candidate: 2 executive prepared turn(s) totalling 4,547 words (Chairman & CEO; Executive VP & CFO)"
Microsoft,Microsoft Corporation_Earnings Call_2021-10-26T00_00_00_English.docx,2021-10-26,2022,FQ1,managerial_qa,non_event,-449,,not_applicable,0,,0,0,0,,0,0,1,0,managerial_qa eligibility is independent of prepared-context validity
Microsoft,Microsoft Corporation_Earnings Call_2022-01-25T00_00_00_English.docx,2022-01-25,2022,FQ2,prepared_management,non_event,-358,1,,0,"non-candidate: 2 executive prepared turn(s) totalling 4,782 words (Chairman & CEO; Executive VP & CFO)",0,0,0,,0,0,1,0,"non-candidate: 2 executive prepared turn(s) totalling 4,782 words (Chairman & CEO; Executive VP & CFO)"
Microsoft,Microsoft Corporation_Earnings Call_2022-01-25T00_00_00_English.docx,2022-01-25,2022,FQ2,managerial_qa,non_event,-358,,not_applicable,0,,0,0,0,,0,0,1,0,managerial_qa eligibility is independent of prepared-context validity
Microsoft,Microsoft Corporation_Earnings Call_2022-04-26T00_00_00_English.docx,2022-04-26,2022,FQ3,prepared_management,non_event,-267,1,,0,"non-candidate: 2 executive prepared turn(s) totalling 4,753 words (Chairman & CEO; Executive VP & CFO)",0,0,0,,0,0,1,0,"non-candidate: 2 executive prepared turn(s) totalling 4,753 words (Chairman & CEO; Executive VP & CFO)"
Microsoft,Microsoft Corporation_Earnings Call_2022-04-26T00_00_00_English.docx,2022-04-26,2022,FQ3,managerial_qa,non_event,-267,,not_applicable,0,,0,0,0,,0,0,1,0,managerial_qa eligibility is independent of prepared-context validity
Microsoft,Microsoft Corporation_Earnings Call_2022-07-26T00_00_00_English.docx,2022-07-26,2022,FQ4,prepared_management,pre_2,-176,1,,0,"non-candidate: 2 executive prepared turn(s) totalling 5,407 words (Chairman & CEO; Executive VP & CFO)",0,0,0,,0,0,1,0,"non-candidate: 2 executive prepared turn(s) totalling 5,407 words (Chairman & CEO; Executive VP & CFO)"
Microsoft,Microsoft Corporation_Earnings Call_2022-07-26T00_00_00_English.docx,2022-07-26,2022,FQ4,managerial_qa,pre_2,-176,,not_applicable,0,,0,0,0,,0,0,1,0,managerial_qa eligibility is independent of prepared-context validity
Microsoft,Microsoft Corporation_Earnings Call_2022-10-25T00_00_00_English.docx,2022-10-25,2023,FQ1,prepared_management,pre_1,-85,1,,0,"non-candidate: 2 executive prepared turn(s) totalling 5,004 words (Chairman & CEO; Executive VP & CFO)",0,0,0,,0,0,1,0,"non-candidate: 2 executive prepared turn(s) totalling 5,004 words (Chairman & CEO; Executive VP & CFO)"
Microsoft,Microsoft Corporation_Earnings Call_2022-10-25T00_00_00_English.docx,2022-10-25,2023,FQ1,managerial_qa,pre_1,-85,,not_applicable,0,,0,0,0,,0,0,1,0,managerial_qa eligibility is independent of prepared-context validity
Microsoft,Microsoft Corporation_Earnings Call_2023-01-24T00_00_00_English.docx,2023-01-24,2023,FQ2,prepared_management,post_1,6,1,,0,"non-candidate: 2 executive prepared turn(s) totalling 4,997 words (Chairman & CEO; Executive VP & CFO)",0,0,0,,0,0,1,0,"non-candidate: 2 executive prepared turn(s) totalling 4,997 words (Chairman & CEO; Executive VP & CFO)"
Microsoft,Microsoft Corporation_Earnings Call_2023-01-24T00_00_00_English.docx,2023-01-24,2023,FQ2,managerial_qa,post_1,6,,not_applicable,0,,0,0,0,,0,0,1,0,managerial_qa eligibility is independent of prepared-context validity
Microsoft,Microsoft Corporation_Earnings Call_2023-04-25T00_00_00_English.docx,2023-04-25,2023,FQ3,prepared_management,post_2,97,1,,0,"non-candidate: 2 executive prepared turn(s) totalling 4,804 words (Chairman & CEO; Executive VP & CFO)",0,0,0,,0,0,1,0,"non-candidate: 2 executive prepared turn(s) totalling 4,804 words (Chairman & CEO; Executive VP & CFO)"
Microsoft,Microsoft Corporation_Earnings Call_2023-04-25T00_00_00_English.docx,2023-04-25,2023,FQ3,managerial_qa,post_2,97,,not_applicable,0,,0,0,0,,0,0,1,0,managerial_qa eligibility is independent of prepared-context validity
Microsoft,Microsoft Corporation_Earnings Call_2023-07-25T00_00_00_English.docx,2023-07-25,2023,FQ4,prepared_management,non_event,188,1,,0,"non-candidate: 2 executive prepared turn(s) totalling 4,876 words (Chairman & CEO; Executive VP & CFO)",0,0,0,,0,0,1,0,"non-candidate: 2 executive prepared turn(s) totalling 4,876 words (Chairman & CEO; Executive VP & CFO)"
Microsoft,Microsoft Corporation_Earnings Call_2023-07-25T00_00_00_English.docx,2023-07-25,2023,FQ4,managerial_qa,non_event,188,,not_applicable,0,,0,0,0,,0,0,1,0,managerial_qa eligibility is independent of prepared-context validity
Microsoft,Microsoft Corporation_Earnings Call_2023-10-24T00_00_00_English.docx,2023-10-24,2024,FQ1,prepared_management,non_event,279,1,,0,"non-candidate: 2 executive prepared turn(s) totalling 4,709 words (Chairman & CEO; Executive VP & CFO)",0,0,0,,0,0,1,0,"non-candidate: 2 executive prepared turn(s) totalling 4,709 words (Chairman & CEO; Executive VP & CFO)"
Microsoft,Microsoft Corporation_Earnings Call_2023-10-24T00_00_00_English.docx,2023-10-24,2024,FQ1,managerial_qa,non_event,279,,not_applicable,0,,0,0,0,,0,0,1,0,managerial_qa eligibility is independent of prepared-context validity
Microsoft,Microsoft Corporation_Earnings Call_2024-01-30T00_00_00_English.docx,2024-01-30,2024,FQ2,prepared_management,non_event,377,1,,0,"non-candidate: 2 executive prepared turn(s) totalling 4,710 words (Chairman & CEO; Executive VP & CFO)",0,0,0,,0,0,1,0,"non-candidate: 2 executive prepared turn(s) totalling 4,710 words (Chairman & CEO; Executive VP & CFO)"
Microsoft,Microsoft Corporation_Earnings Call_2024-01-30T00_00_00_English.docx,2024-01-30,2024,FQ2,managerial_qa,non_event,377,,not_applicable,0,,0,0,0,,0,0,1,0,managerial_qa eligibility is independent of prepared-context validity
Microsoft,Microsoft Corporation_Earnings Call_2024-04-25T00_00_00_English.docx,2024-04-25,2024,FQ3,prepared_management,non_event,463,1,,0,"non-candidate: 2 executive prepared turn(s) totalling 4,549 words (Chairman & CEO; Executive VP & CFO)",0,0,0,,0,0,1,0,"non-candidate: 2 executive prepared turn(s) totalling 4,549 words (Chairman & CEO; Executive VP & CFO)"
Microsoft,Microsoft Corporation_Earnings Call_2024-04-25T00_00_00_English.docx,2024-04-25,2024,FQ3,managerial_qa,non_event,463,,not_applicable,0,,0,0,0,,0,0,1,0,managerial_qa eligibility is independent of prepared-context validity
Microsoft,Microsoft Corporation_Earnings Call_2024-07-30T00_00_00_English.docx,2024-07-30,2024,FQ4,prepared_management,non_event,559,1,,0,"non-candidate: 2 executive prepared turn(s) totalling 4,459 words (Chairman & CEO; Executive VP & CFO)",0,0,0,,0,0,1,0,"non-candidate: 2 executive prepared turn(s) totalling 4,459 words (Chairman & CEO; Executive VP & CFO)"
Microsoft,Microsoft Corporation_Earnings Call_2024-07-30T00_00_00_English.docx,2024-07-30,2024,FQ4,managerial_qa,non_event,559,,not_applicable,0,,0,0,0,,0,0,1,0,managerial_qa eligibility is independent of prepared-context validity
PayPal,"PayPal Holdings, Inc._Earnings Call_2021-05-05T00_00_00_English.docx",2021-05-05,2021,FQ1,prepared_management,non_event,-1000,1,,0,"non-candidate: 2 executive prepared turn(s) totalling 3,390 words (CFO & Executive VP of Global Customer Operations; President, CEO & Dir)",0,0,0,,0,0,1,0,"non-candidate: 2 executive prepared turn(s) totalling 3,390 words (CFO & Executive VP of Global Customer Operations; President, CEO & Dir)"
PayPal,"PayPal Holdings, Inc._Earnings Call_2021-05-05T00_00_00_English.docx",2021-05-05,2021,FQ1,managerial_qa,non_event,-1000,,not_applicable,0,,0,0,0,,0,0,1,0,managerial_qa eligibility is independent of prepared-context validity
PayPal,"PayPal Holdings, Inc._Earnings Call_2021-07-28T00_00_00_English.docx",2021-07-28,2021,FQ2,prepared_management,non_event,-916,1,,0,"non-candidate: 2 executive prepared turn(s) totalling 3,483 words (CFO & Executive VP of Global Customer Operations; President, CEO & Dir)",0,0,0,,0,0,1,0,"non-candidate: 2 executive prepared turn(s) totalling 3,483 words (CFO & Executive VP of Global Customer Operations; President, CEO & Dir)"
PayPal,"PayPal Holdings, Inc._Earnings Call_2021-07-28T00_00_00_English.docx",2021-07-28,2021,FQ2,managerial_qa,non_event,-916,,not_applicable,0,,0,0,0,,0,0,1,0,managerial_qa eligibility is independent of prepared-context validity
PayPal,"PayPal Holdings, Inc._Earnings Call_2021-11-08T00_00_00_English.docx",2021-11-08,2021,FQ3,prepared_management,non_event,-813,1,,0,"non-candidate: 2 executive prepared turn(s) totalling 3,639 words (CFO & Executive VP of Global Customer Operations; President, CEO & Dir)",0,0,0,,0,0,1,0,"non-candidate: 2 executive prepared turn(s) totalling 3,639 words (CFO & Executive VP of Global Customer Operations; President, CEO & Dir)"
PayPal,"PayPal Holdings, Inc._Earnings Call_2021-11-08T00_00_00_English.docx",2021-11-08,2021,FQ3,managerial_qa,non_event,-813,,not_applicable,0,,0,0,0,,0,0,1,0,managerial_qa eligibility is independent of prepared-context validity
PayPal,"PayPal Holdings, Inc._Earnings Call_2022-02-01T00_00_00_English.docx",2022-02-01,2021,FQ4,prepared_management,non_event,-728,1,,0,"non-candidate: 2 executive prepared turn(s) totalling 3,922 words (CFO & Executive VP of Global Customer Operations; President, CEO & Dir)",0,0,0,,0,0,1,0,"non-candidate: 2 executive prepared turn(s) totalling 3,922 words (CFO & Executive VP of Global Customer Operations; President, CEO & Dir)"
PayPal,"PayPal Holdings, Inc._Earnings Call_2022-02-01T00_00_00_English.docx",2022-02-01,2021,FQ4,managerial_qa,non_event,-728,,not_applicable,0,,0,0,0,,0,0,1,0,managerial_qa eligibility is independent of prepared-context validity
PayPal,"PayPal Holdings, Inc._Earnings Call_2022-04-27T00_00_00_English.docx",2022-04-27,2022,FQ1,prepared_management,non_event,-643,1,,0,"non-candidate: 1 executive prepared turn(s) totalling 2,076 words (President, CEO & Director)",0,0,0,,0,0,1,0,"non-candidate: 1 executive prepared turn(s) totalling 2,076 words (President, CEO & Director)"
PayPal,"PayPal Holdings, Inc._Earnings Call_2022-04-27T00_00_00_English.docx",2022-04-27,2022,FQ1,managerial_qa,non_event,-643,,not_applicable,0,,0,0,0,,0,0,1,0,managerial_qa eligibility is independent of prepared-context validity
PayPal,"PayPal Holdings, Inc._Earnings Call_2022-08-02T00_00_00_English.docx",2022-08-02,2022,FQ2,prepared_management,non_event,-546,1,,0,"non-candidate: 2 executive prepared turn(s) totalling 2,547 words (President, CEO & Director)",0,0,0,,0,0,1,0,"non-candidate: 2 executive prepared turn(s) totalling 2,547 words (President, CEO & Director)"
PayPal,"PayPal Holdings, Inc._Earnings Call_2022-08-02T00_00_00_English.docx",2022-08-02,2022,FQ2,managerial_qa,non_event,-546,,not_applicable,0,,0,0,0,,0,0,1,0,managerial_qa eligibility is independent of prepared-context validity
PayPal,"PayPal Holdings, Inc._Earnings Call_2022-11-03T00_00_00_English.docx",2022-11-03,2022,FQ3,prepared_management,non_event,-453,1,,0,"non-candidate: 1 executive prepared turn(s) totalling 1,966 words (President, CEO & Director)",0,0,0,,0,0,1,0,"non-candidate: 1 executive prepared turn(s) totalling 1,966 words (President, CEO & Director)"
PayPal,"PayPal Holdings, Inc._Earnings Call_2022-11-03T00_00_00_English.docx",2022-11-03,2022,FQ3,managerial_qa,non_event,-453,,not_applicable,0,,0,0,0,,0,0,1,0,managerial_qa eligibility is independent of prepared-context validity
PayPal,"PayPal Holdings, Inc._Earnings Call_2023-02-09T00_00_00_English.docx",2023-02-09,2022,FQ4,prepared_management,non_event,-355,1,,0,"non-candidate: 1 executive prepared turn(s) totalling 1,930 words (President, CEO & Director)",0,0,0,,0,0,1,0,"non-candidate: 1 executive prepared turn(s) totalling 1,930 words (President, CEO & Director)"
PayPal,"PayPal Holdings, Inc._Earnings Call_2023-02-09T00_00_00_English.docx",2023-02-09,2022,FQ4,managerial_qa,non_event,-355,,not_applicable,0,,0,0,0,,0,0,1,0,managerial_qa eligibility is independent of prepared-context validity
PayPal,"PayPal Holdings, Inc._Earnings Call_2023-05-08T00_00_00_English.docx",2023-05-08,2023,FQ1,prepared_management,non_event,-267,1,,0,"non-candidate: 1 executive prepared turn(s) totalling 1,675 words (President, CEO & Director)",0,0,0,,0,0,1,0,"non-candidate: 1 executive prepared turn(s) totalling 1,675 words (President, CEO & Director)"
PayPal,"PayPal Holdings, Inc._Earnings Call_2023-05-08T00_00_00_English.docx",2023-05-08,2023,FQ1,managerial_qa,non_event,-267,,not_applicable,0,,0,0,0,,0,0,1,0,managerial_qa eligibility is independent of prepared-context validity
PayPal,"PayPal Holdings, Inc._Earnings Call_2023-08-02T00_00_00_English.docx",2023-08-02,2023,FQ2,prepared_management,pre_2,-181,1,,0,"non-candidate: 1 executive prepared turn(s) totalling 3,180 words (Former Director)",0,0,0,,0,0,1,0,"non-candidate: 1 executive prepared turn(s) totalling 3,180 words (Former Director)"
PayPal,"PayPal Holdings, Inc._Earnings Call_2023-08-02T00_00_00_English.docx",2023-08-02,2023,FQ2,managerial_qa,pre_2,-181,,not_applicable,0,,0,0,0,,0,0,1,0,managerial_qa eligibility is independent of prepared-context validity
PayPal,"PayPal Holdings, Inc._Earnings Call_2023-11-01T00_00_00_English.docx",2023-11-01,2023,FQ3,prepared_management,pre_1,-90,1,,0,"non-candidate: 1 executive prepared turn(s) totalling 2,950 words (President, CEO & Director)",0,0,0,,0,0,1,0,"non-candidate: 1 executive prepared turn(s) totalling 2,950 words (President, CEO & Director)"
PayPal,"PayPal Holdings, Inc._Earnings Call_2023-11-01T00_00_00_English.docx",2023-11-01,2023,FQ3,managerial_qa,pre_1,-90,,not_applicable,0,,0,0,0,,0,0,1,0,managerial_qa eligibility is independent of prepared-context validity
PayPal,"PayPal Holdings, Inc._Earnings Call_2024-02-07T00_00_00_English.docx",2024-02-07,2023,FQ4,prepared_management,post_1,8,1,,0,"non-candidate: 2 executive prepared turn(s) totalling 4,356 words (Executive VP & CFO; President, CEO & Director)",0,0,0,,0,0,1,0,"non-candidate: 2 executive prepared turn(s) totalling 4,356 words (Executive VP & CFO; President, CEO & Director)"
PayPal,"PayPal Holdings, Inc._Earnings Call_2024-02-07T00_00_00_English.docx",2024-02-07,2023,FQ4,managerial_qa,post_1,8,,not_applicable,0,,0,0,0,,0,0,1,0,managerial_qa eligibility is independent of prepared-context validity
PayPal,"PayPal Holdings, Inc._Earnings Call_2024-04-30T00_00_00_English.docx",2024-04-30,2024,FQ1,prepared_management,post_2,91,1,,0,"non-candidate: 2 executive prepared turn(s) totalling 3,766 words (Executive VP & CFO; President, CEO & Director)",0,0,0,,0,0,1,0,"non-candidate: 2 executive prepared turn(s) totalling 3,766 words (Executive VP & CFO; President, CEO & Director)"
PayPal,"PayPal Holdings, Inc._Earnings Call_2024-04-30T00_00_00_English.docx",2024-04-30,2024,FQ1,managerial_qa,post_2,91,,not_applicable,0,,0,0,0,,0,0,1,0,managerial_qa eligibility is independent of prepared-context validity
PayPal,"PayPal Holdings, Inc._Earnings Call_2024-07-30T00_00_00_English.docx",2024-07-30,2024,FQ2,prepared_management,non_event,182,1,,0,"non-candidate: 3 executive prepared turn(s) totalling 3,756 words (Executive VP & CFO; President, CEO & Director)",0,0,0,,0,0,1,0,"non-candidate: 3 executive prepared turn(s) totalling 3,756 words (Executive VP & CFO; President, CEO & Director)"
PayPal,"PayPal Holdings, Inc._Earnings Call_2024-07-30T00_00_00_English.docx",2024-07-30,2024,FQ2,managerial_qa,non_event,182,,not_applicable,0,,0,0,0,,0,0,1,0,managerial_qa eligibility is independent of prepared-context validity
PayPal,"PayPal Holdings, Inc._Earnings Call_2024-10-29T00_00_00_English.docx",2024-10-29,2024,FQ3,prepared_management,non_event,273,1,,0,"non-candidate: 3 executive prepared turn(s) totalling 3,368 words (Executive VP & CFO; President, CEO & Director)",0,0,0,,0,0,1,0,"non-candidate: 3 executive prepared turn(s) totalling 3,368 words (Executive VP & CFO; President, CEO & Director)"
PayPal,"PayPal Holdings, Inc._Earnings Call_2024-10-29T00_00_00_English.docx",2024-10-29,2024,FQ3,managerial_qa,non_event,273,,not_applicable,0,,0,0,0,,0,0,1,0,managerial_qa eligibility is independent of prepared-context validity
PayPal,"PayPal Holdings, Inc._Earnings Call_2025-02-04T00_00_00_English.docx",2025-02-04,2024,FQ4,prepared_management,non_event,371,1,,0,"non-candidate: 3 executive prepared turn(s) totalling 3,508 words (Executive VP & CFO; President, CEO & Director)",0,0,0,,0,0,1,0,"non-candidate: 3 executive prepared turn(s) totalling 3,508 words (Executive VP & CFO; President, CEO & Director)"
PayPal,"PayPal Holdings, Inc._Earnings Call_2025-02-04T00_00_00_English.docx",2025-02-04,2024,FQ4,managerial_qa,non_event,371,,not_applicable,0,,0,0,0,,0,0,1,0,managerial_qa eligibility is independent of prepared-context validity
SAP,SAP SE_Earnings Call_2021-04-22T00_00_00_English.docx,2021-04-22,2021,FQ1,prepared_management,non_event,-1006,1,,0,"non-candidate: 2 executive prepared turn(s) totalling 2,946 words (CEO, COO & Member of Executive Board; CFO & Member of Executive Board)",0,0,0,,1,0,1,1,"non-candidate: 2 executive prepared turn(s) totalling 2,946 words (CEO, COO & Member of Executive Board; CFO & Member of Executive Board)"
SAP,SAP SE_Earnings Call_2021-04-22T00_00_00_English.docx,2021-04-22,2021,FQ1,managerial_qa,non_event,-1006,,not_applicable,0,,0,0,0,,1,0,1,1,managerial_qa eligibility is independent of prepared-context validity
SAP,SAP SE_Earnings Call_2021-07-21T00_00_00_English.docx,2021-07-21,2021,FQ2,prepared_management,non_event,-916,1,,0,"non-candidate: 2 executive prepared turn(s) totalling 2,420 words (CEO, COO & Member of Executive Board; CFO & Member of Executive Board)",0,0,0,,0,0,1,0,"non-candidate: 2 executive prepared turn(s) totalling 2,420 words (CEO, COO & Member of Executive Board; CFO & Member of Executive Board)"
SAP,SAP SE_Earnings Call_2021-07-21T00_00_00_English.docx,2021-07-21,2021,FQ2,managerial_qa,non_event,-916,,not_applicable,0,,0,0,0,,0,0,1,0,managerial_qa eligibility is independent of prepared-context validity
SAP,SAP SE_Earnings Call_2021-10-21T00_00_00_English.docx,2021-10-21,2021,FQ3,prepared_management,non_event,-824,1,,0,"non-candidate: 2 executive prepared turn(s) totalling 2,987 words (CEO & Member of Executive Board; CFO & Member of Executive Board)",0,0,0,,0,0,1,0,"non-candidate: 2 executive prepared turn(s) totalling 2,987 words (CEO & Member of Executive Board; CFO & Member of Executive Board)"
SAP,SAP SE_Earnings Call_2021-10-21T00_00_00_English.docx,2021-10-21,2021,FQ3,managerial_qa,non_event,-824,,not_applicable,0,,0,0,0,,0,0,1,0,managerial_qa eligibility is independent of prepared-context validity
SAP,SAP SE_Earnings Call_2022-01-27T00_00_00_English.docx,2022-01-27,2021,FQ4,prepared_management,non_event,-726,1,,0,"non-candidate: 2 executive prepared turn(s) totalling 3,002 words (CEO & Member of Executive Board; CFO & Member of Executive Board)",0,0,0,,0,0,1,0,"non-candidate: 2 executive prepared turn(s) totalling 3,002 words (CEO & Member of Executive Board; CFO & Member of Executive Board)"
SAP,SAP SE_Earnings Call_2022-01-27T00_00_00_English.docx,2022-01-27,2021,FQ4,managerial_qa,non_event,-726,,not_applicable,0,,0,0,0,,0,0,1,0,managerial_qa eligibility is independent of prepared-context validity
SAP,SAP SE_Earnings Call_2022-04-22T00_00_00_English.docx,2022-04-22,2022,FQ1,prepared_management,non_event,-641,1,,0,"non-candidate: 2 executive prepared turn(s) totalling 3,005 words (CEO & Member of Executive Board; CFO & Member of Executive Board)",0,0,0,,0,0,1,0,"non-candidate: 2 executive prepared turn(s) totalling 3,005 words (CEO & Member of Executive Board; CFO & Member of Executive Board)"
SAP,SAP SE_Earnings Call_2022-04-22T00_00_00_English.docx,2022-04-22,2022,FQ1,managerial_qa,non_event,-641,,not_applicable,0,,0,0,0,,0,0,1,0,managerial_qa eligibility is independent of prepared-context validity
SAP,SAP SE_Earnings Call_2022-07-21T00_00_00_English.docx,2022-07-21,2022,FQ2,prepared_management,non_event,-551,1,,0,"non-candidate: 2 executive prepared turn(s) totalling 2,892 words (CEO & Member of Executive Board; CFO & Member of Executive Board)",0,0,0,,0,0,1,0,"non-candidate: 2 executive prepared turn(s) totalling 2,892 words (CEO & Member of Executive Board; CFO & Member of Executive Board)"
SAP,SAP SE_Earnings Call_2022-07-21T00_00_00_English.docx,2022-07-21,2022,FQ2,managerial_qa,non_event,-551,,not_applicable,0,,0,0,0,,0,0,1,0,managerial_qa eligibility is independent of prepared-context validity
SAP,SAP SE_Earnings Call_2022-10-25T00_00_00_English.docx,2022-10-25,2022,FQ3,prepared_management,non_event,-455,1,,0,"non-candidate: 3 executive prepared turn(s) totalling 2,384 words (CEO & Member of Executive Board; CFO & Member of Executive Board)",0,0,0,,0,0,1,0,"non-candidate: 3 executive prepared turn(s) totalling 2,384 words (CEO & Member of Executive Board; CFO & Member of Executive Board)"
SAP,SAP SE_Earnings Call_2022-10-25T00_00_00_English.docx,2022-10-25,2022,FQ3,managerial_qa,non_event,-455,,not_applicable,0,,0,0,0,,0,0,1,0,managerial_qa eligibility is independent of prepared-context validity
SAP,SAP SE_Earnings Call_2023-01-26T00_00_00_English.docx,2023-01-26,2022,FQ4,prepared_management,non_event,-362,1,,0,"non-candidate: 2 executive prepared turn(s) totalling 2,922 words (CEO & Member of Executive Board; CFO & Member of Executive Board)",0,0,0,,0,0,1,0,"non-candidate: 2 executive prepared turn(s) totalling 2,922 words (CEO & Member of Executive Board; CFO & Member of Executive Board)"
SAP,SAP SE_Earnings Call_2023-01-26T00_00_00_English.docx,2023-01-26,2022,FQ4,managerial_qa,non_event,-362,,not_applicable,0,,0,0,0,,0,0,1,0,managerial_qa eligibility is independent of prepared-context validity
SAP,SAP SE_Earnings Call_2023-04-21T00_00_00_English.docx,2023-04-21,2023,FQ1,prepared_management,non_event,-277,1,,0,"non-candidate: 2 executive prepared turn(s) totalling 2,357 words (CEO & Member of Executive Board; CFO & Member of Executive Board)",0,0,0,,0,0,1,0,"non-candidate: 2 executive prepared turn(s) totalling 2,357 words (CEO & Member of Executive Board; CFO & Member of Executive Board)"
SAP,SAP SE_Earnings Call_2023-04-21T00_00_00_English.docx,2023-04-21,2023,FQ1,managerial_qa,non_event,-277,,not_applicable,0,,0,0,0,,0,0,1,0,managerial_qa eligibility is independent of prepared-context validity
SAP,SAP SE_Earnings Call_2023-07-20T00_00_00_English.docx,2023-07-20,2023,FQ2,prepared_management,pre_2,-187,1,,0,"non-candidate: 2 executive prepared turn(s) totalling 2,418 words (CEO & Member of Executive Board; CFO & Member of Executive Board)",0,0,0,,0,0,1,0,"non-candidate: 2 executive prepared turn(s) totalling 2,418 words (CEO & Member of Executive Board; CFO & Member of Executive Board)"
SAP,SAP SE_Earnings Call_2023-07-20T00_00_00_English.docx,2023-07-20,2023,FQ2,managerial_qa,pre_2,-187,,not_applicable,0,,0,0,0,,0,0,1,0,managerial_qa eligibility is independent of prepared-context validity
SAP,SAP SE_Earnings Call_2023-10-18T00_00_00_English.docx,2023-10-18,2023,FQ3,prepared_management,pre_1,-97,1,,0,"non-candidate: 2 executive prepared turn(s) totalling 2,118 words (CEO & Member of Executive Board; CFO & Member of Executive Board)",0,0,0,,0,0,1,0,"non-candidate: 2 executive prepared turn(s) totalling 2,118 words (CEO & Member of Executive Board; CFO & Member of Executive Board)"
SAP,SAP SE_Earnings Call_2023-10-18T00_00_00_English.docx,2023-10-18,2023,FQ3,managerial_qa,pre_1,-97,,not_applicable,0,,0,0,0,,0,0,1,0,managerial_qa eligibility is independent of prepared-context validity
SAP,SAP SE_Earnings Call_2024-01-24T00_00_00_English.docx,2024-01-24,2023,FQ4,prepared_management,post_1,1,1,,0,"non-candidate: 2 executive prepared turn(s) totalling 3,199 words (CEO & Member of Executive Board; CFO & Member of Executive Board)",0,0,0,,0,0,1,0,"non-candidate: 2 executive prepared turn(s) totalling 3,199 words (CEO & Member of Executive Board; CFO & Member of Executive Board)"
SAP,SAP SE_Earnings Call_2024-01-24T00_00_00_English.docx,2024-01-24,2023,FQ4,managerial_qa,post_1,1,,not_applicable,0,,0,0,0,,0,0,1,0,managerial_qa eligibility is independent of prepared-context validity
SAP,SAP SE_Earnings Call_2024-04-22T00_00_00_English.docx,2024-04-22,2024,FQ1,prepared_management,post_2,90,1,,0,"non-candidate: 2 executive prepared turn(s) totalling 2,565 words (CEO & Member of Executive Board; CFO & Member of Executive Board)",0,0,0,,0,0,1,0,"non-candidate: 2 executive prepared turn(s) totalling 2,565 words (CEO & Member of Executive Board; CFO & Member of Executive Board)"
SAP,SAP SE_Earnings Call_2024-04-22T00_00_00_English.docx,2024-04-22,2024,FQ1,managerial_qa,post_2,90,,not_applicable,0,,0,0,0,,0,0,1,0,managerial_qa eligibility is independent of prepared-context validity
SAP,SAP SE_Earnings Call_2024-07-22T00_00_00_English.docx,2024-07-22,2024,FQ2,prepared_management,non_event,181,1,,0,"non-candidate: 4 executive prepared turn(s) totalling 2,694 words (CEO & Member of Executive Board; CFO & Member of Executive Board; Chri)",0,0,0,,0,0,1,0,"non-candidate: 4 executive prepared turn(s) totalling 2,694 words (CEO & Member of Executive Board; CFO & Member of Executive Board; Chri)"
SAP,SAP SE_Earnings Call_2024-07-22T00_00_00_English.docx,2024-07-22,2024,FQ2,managerial_qa,non_event,181,,not_applicable,0,,0,0,0,,0,0,1,0,managerial_qa eligibility is independent of prepared-context validity
SAP,SAP SE_Earnings Call_2024-10-21T00_00_00_English.docx,2024-10-21,2024,FQ3,prepared_management,non_event,272,1,,0,"non-candidate: 3 executive prepared turn(s) totalling 2,564 words (CEO & Member of Executive Board; CFO & Member of Executive Board; Chri)",0,0,0,,0,0,1,0,"non-candidate: 3 executive prepared turn(s) totalling 2,564 words (CEO & Member of Executive Board; CFO & Member of Executive Board; Chri)"
SAP,SAP SE_Earnings Call_2024-10-21T00_00_00_English.docx,2024-10-21,2024,FQ3,managerial_qa,non_event,272,,not_applicable,0,,0,0,0,,0,0,1,0,managerial_qa eligibility is independent of prepared-context validity
SAP,SAP SE_Earnings Call_2025-01-28T00_00_00_English.docx,2025-01-28,2024,FQ4,prepared_management,non_event,371,1,,0,"non-candidate: 4 executive prepared turn(s) totalling 3,755 words (CEO & Member of Executive Board; CFO & Member of Executive Board; Chri)",0,0,0,,0,0,1,0,"non-candidate: 4 executive prepared turn(s) totalling 3,755 words (CEO & Member of Executive Board; CFO & Member of Executive Board; Chri)"
SAP,SAP SE_Earnings Call_2025-01-28T00_00_00_English.docx,2025-01-28,2024,FQ4,managerial_qa,non_event,371,,not_applicable,0,,0,0,0,,0,0,1,0,managerial_qa eligibility is independent of prepared-context validity
Salesforce,"Salesforce, Inc._Earnings Call_2020-05-28T00_00_00_English.docx",2020-05-28,2021,FQ1,prepared_management,non_event,-951,1,,0,"non-candidate: 3 executive prepared turn(s) totalling 5,910 words (Co-Founder, Chairman & CEO; President & CFO; Senior Vice President of )",0,0,0,,0,0,1,0,"non-candidate: 3 executive prepared turn(s) totalling 5,910 words (Co-Founder, Chairman & CEO; President & CFO; Senior Vice President of )"
Salesforce,"Salesforce, Inc._Earnings Call_2020-05-28T00_00_00_English.docx",2020-05-28,2021,FQ1,managerial_qa,non_event,-951,,not_applicable,0,,0,0,0,,0,0,1,0,managerial_qa eligibility is independent of prepared-context validity
Salesforce,"Salesforce, Inc._Earnings Call_2020-08-25T00_00_00_English.docx",2020-08-25,2021,FQ2,prepared_management,non_event,-862,1,,0,"non-candidate: 3 executive prepared turn(s) totalling 2,235 words (Co-Founder, Chairman & CEO; President & CFO; Senior Vice President of )",0,0,0,,0,0,1,0,"non-candidate: 3 executive prepared turn(s) totalling 2,235 words (Co-Founder, Chairman & CEO; President & CFO; Senior Vice President of )"
Salesforce,"Salesforce, Inc._Earnings Call_2020-08-25T00_00_00_English.docx",2020-08-25,2021,FQ2,managerial_qa,non_event,-862,,not_applicable,0,,0,0,0,,0,0,1,0,managerial_qa eligibility is independent of prepared-context validity
Salesforce,"Salesforce, Inc._Earnings Call_2020-12-01T00_00_00_English.docx",2020-12-01,2021,FQ3,prepared_management,non_event,-764,1,,0,"non-candidate: 4 executive prepared turn(s) totalling 5,271 words (Co-Founder, Chairman & CEO; President & CFO; President, Chief Legal Of)",0,0,0,,0,0,1,0,"non-candidate: 4 executive prepared turn(s) totalling 5,271 words (Co-Founder, Chairman & CEO; President & CFO; President, Chief Legal Of)"
Salesforce,"Salesforce, Inc._Earnings Call_2020-12-01T00_00_00_English.docx",2020-12-01,2021,FQ3,managerial_qa,non_event,-764,,not_applicable,0,,0,0,0,,0,0,1,0,managerial_qa eligibility is independent of prepared-context validity
Salesforce,"Salesforce, Inc._Earnings Call_2021-02-25T00_00_00_English.docx",2021-02-25,2021,FQ4,prepared_management,non_event,-678,1,,0,"non-candidate: 3 executive prepared turn(s) totalling 3,896 words (Co-Founder, Chairman & CEO; President, CFO & Secretary; Senior Vice Pr)",0,0,0,,0,0,1,0,"non-candidate: 3 executive prepared turn(s) totalling 3,896 words (Co-Founder, Chairman & CEO; President, CFO & Secretary; Senior Vice Pr)"
Salesforce,"Salesforce, Inc._Earnings Call_2021-02-25T00_00_00_English.docx",2021-02-25,2021,FQ4,managerial_qa,non_event,-678,,not_applicable,0,,0,0,0,,0,0,1,0,managerial_qa eligibility is independent of prepared-context validity
Salesforce,"Salesforce, Inc._Earnings Call_2021-05-27T00_00_00_English.docx",2021-05-27,2022,FQ1,prepared_management,non_event,-587,1,,0,"non-candidate: 3 executive prepared turn(s) totalling 4,792 words (Co-Founder, Chairman & CEO; President, CFO & Secretary; Senior Vice Pr)",0,0,0,,0,0,1,0,"non-candidate: 3 executive prepared turn(s) totalling 4,792 words (Co-Founder, Chairman & CEO; President, CFO & Secretary; Senior Vice Pr)"
Salesforce,"Salesforce, Inc._Earnings Call_2021-05-27T00_00_00_English.docx",2021-05-27,2022,FQ1,managerial_qa,non_event,-587,,not_applicable,0,,0,0,0,,0,0,1,0,managerial_qa eligibility is independent of prepared-context validity
Salesforce,"Salesforce, Inc._Earnings Call_2021-08-25T00_00_00_English.docx",2021-08-25,2022,FQ2,prepared_management,non_event,-497,1,,0,"non-candidate: 11 executive prepared turn(s) totalling 5,102 words (Co-Founder, Chairman & CEO; President & CFO; President & COO; Presiden)",0,0,0,,0,0,1,0,"non-candidate: 11 executive prepared turn(s) totalling 5,102 words (Co-Founder, Chairman & CEO; President & CFO; President & COO; Presiden)"
Salesforce,"Salesforce, Inc._Earnings Call_2021-08-25T00_00_00_English.docx",2021-08-25,2022,FQ2,managerial_qa,non_event,-497,,not_applicable,0,,0,0,0,,0,0,1,0,managerial_qa eligibility is independent of prepared-context validity
Salesforce,"Salesforce, Inc._Earnings Call_2021-11-30T00_00_00_English.docx",2021-11-30,2022,FQ3,prepared_management,non_event,-400,1,,0,"non-candidate: 39 executive prepared turn(s) totalling 5,147 words (Co-Founder, Chairman & Co-CEO; President & CFO; President & Chief Reve)",0,0,0,,0,0,1,0,"non-candidate: 39 executive prepared turn(s) totalling 5,147 words (Co-Founder, Chairman & Co-CEO; President & CFO; President & Chief Reve)"
Salesforce,"Salesforce, Inc._Earnings Call_2021-11-30T00_00_00_English.docx",2021-11-30,2022,FQ3,managerial_qa,non_event,-400,,not_applicable,0,,0,0,0,,0,0,1,0,managerial_qa eligibility is independent of prepared-context validity
Salesforce,"Salesforce, Inc._Earnings Call_2022-03-01T00_00_00_English.docx",2022-03-01,2022,FQ4,prepared_management,non_event,-309,1,,0,"non-candidate: 11 executive prepared turn(s) totalling 5,808 words (Co-Founder, Chairman & Co-CEO; President & CFO; President & Chief Reve)",0,0,0,,0,0,1,0,"non-candidate: 11 executive prepared turn(s) totalling 5,808 words (Co-Founder, Chairman & Co-CEO; President & CFO; President & Chief Reve)"
Salesforce,"Salesforce, Inc._Earnings Call_2022-03-01T00_00_00_English.docx",2022-03-01,2022,FQ4,managerial_qa,non_event,-309,,not_applicable,0,,0,0,0,,0,0,1,0,managerial_qa eligibility is independent of prepared-context validity
Salesforce,"Salesforce, Inc._Earnings Call_2022-05-31T00_00_00_English.docx",2022-05-31,2023,FQ1,prepared_management,non_event,-218,1,,0,"non-candidate: 5 executive prepared turn(s) totalling 4,252 words (Co-Founder, Chairman & Co-CEO; President & CFO; President & Chief Reve)",0,0,0,,0,0,1,0,"non-candidate: 5 executive prepared turn(s) totalling 4,252 words (Co-Founder, Chairman & Co-CEO; President & CFO; President & Chief Reve)"
Salesforce,"Salesforce, Inc._Earnings Call_2022-05-31T00_00_00_English.docx",2022-05-31,2023,FQ1,managerial_qa,non_event,-218,,not_applicable,0,,0,0,0,,0,0,1,0,managerial_qa eligibility is independent of prepared-context validity
Salesforce,"Salesforce, Inc._Earnings Call_2022-08-24T00_00_00_English.docx",2022-08-24,2023,FQ2,prepared_management,pre_2,-133,1,,0,"non-candidate: 5 executive prepared turn(s) totalling 3,493 words (Co-Founder, Chairman & Co-CEO; President & CFO; Vice Chair & Co-CEO)",0,0,0,,0,0,1,0,"non-candidate: 5 executive prepared turn(s) totalling 3,493 words (Co-Founder, Chairman & Co-CEO; President & CFO; Vice Chair & Co-CEO)"
Salesforce,"Salesforce, Inc._Earnings Call_2022-08-24T00_00_00_English.docx",2022-08-24,2023,FQ2,managerial_qa,pre_2,-133,,not_applicable,0,,0,0,0,,0,0,1,0,managerial_qa eligibility is independent of prepared-context validity
Salesforce,"Salesforce, Inc._Earnings Call_2022-11-30T00_00_00_English.docx",2022-11-30,2023,FQ3,prepared_management,pre_1,-35,1,,0,"non-candidate: 4 executive prepared turn(s) totalling 5,035 words (Co-Founder, Chairman & Co-CEO; President & CFO; [quote removed])",0,0,0,,0,0,1,0,"non-candidate: 4 executive prepared turn(s) totalling 5,035 words (Co-Founder, Chairman & Co-CEO; President & CFO; [quote removed])"
Salesforce,"Salesforce, Inc._Earnings Call_2022-11-30T00_00_00_English.docx",2022-11-30,2023,FQ3,managerial_qa,pre_1,-35,,not_applicable,0,,0,0,0,,0,0,1,0,managerial_qa eligibility is independent of prepared-context validity
Salesforce,"Salesforce, Inc._Earnings Call_2023-03-01T00_00_00_English.docx",2023-03-01,2023,FQ4,prepared_management,post_1,56,1,,0,"non-candidate: 4 executive prepared turn(s) totalling 4,382 words (Co-Founder, Chairman & CEO; President & CFO; President & COO; Yes, ple)",0,0,0,,0,0,1,0,"non-candidate: 4 executive prepared turn(s) totalling 4,382 words (Co-Founder, Chairman & CEO; President & CFO; President & COO; Yes, ple)"
Salesforce,"Salesforce, Inc._Earnings Call_2023-03-01T00_00_00_English.docx",2023-03-01,2023,FQ4,managerial_qa,post_1,56,,not_applicable,0,,0,0,0,,0,0,1,0,managerial_qa eligibility is independent of prepared-context validity
Salesforce,"Salesforce, Inc._Earnings Call_2023-05-31T00_00_00_English.docx",2023-05-31,2024,FQ1,prepared_management,post_2,147,1,,0,"non-candidate: 3 executive prepared turn(s) totalling 3,565 words (Co-Founder, Chairman & CEO; President & CFO; President & COO)",0,0,0,,0,0,1,0,"non-candidate: 3 executive prepared turn(s) totalling 3,565 words (Co-Founder, Chairman & CEO; President & CFO; President & COO)"
Salesforce,"Salesforce, Inc._Earnings Call_2023-05-31T00_00_00_English.docx",2023-05-31,2024,FQ1,managerial_qa,post_2,147,,not_applicable,0,,0,0,0,,0,0,1,0,managerial_qa eligibility is independent of prepared-context validity
Salesforce,"Salesforce, Inc._Earnings Call_2023-08-30T00_00_00_English.docx",2023-08-30,2024,FQ2,prepared_management,non_event,238,1,,0,"non-candidate: 11 executive prepared turn(s) totalling 5,892 words (Co-Founder, Chairman & CEO; President & CFO; President & COO; Thank yo)",0,0,0,,0,0,1,0,"non-candidate: 11 executive prepared turn(s) totalling 5,892 words (Co-Founder, Chairman & CEO; President & CFO; President & COO; Thank yo)"
Salesforce,"Salesforce, Inc._Earnings Call_2023-08-30T00_00_00_English.docx",2023-08-30,2024,FQ2,managerial_qa,non_event,238,,not_applicable,0,,0,0,0,,0,0,1,0,managerial_qa eligibility is independent of prepared-context validity
Salesforce,"Salesforce, Inc._Earnings Call_2023-11-29T00_00_00_English.docx",2023-11-29,2024,FQ3,prepared_management,non_event,329,1,,0,"non-candidate: 3 executive prepared turn(s) totalling 4,691 words (Co-Founder, Chairman & CEO; President & CFO; President & COO)",0,0,0,,0,0,1,0,"non-candidate: 3 executive prepared turn(s) totalling 4,691 words (Co-Founder, Chairman & CEO; President & CFO; President & COO)"
Salesforce,"Salesforce, Inc._Earnings Call_2023-11-29T00_00_00_English.docx",2023-11-29,2024,FQ3,managerial_qa,non_event,329,,not_applicable,0,,0,0,0,,0,0,1,0,managerial_qa eligibility is independent of prepared-context validity
Salesforce,"Salesforce, Inc._Earnings Call_2024-02-28T00_00_00_English.docx",2024-02-28,2024,FQ4,prepared_management,non_event,420,1,,0,"non-candidate: 3 executive prepared turn(s) totalling 7,537 words (Co-Founder, Chairman & CEO; President & CFO; President & COO)",0,0,0,,0,0,1,0,"non-candidate: 3 executive prepared turn(s) totalling 7,537 words (Co-Founder, Chairman & CEO; President & CFO; President & COO)"
Salesforce,"Salesforce, Inc._Earnings Call_2024-02-28T00_00_00_English.docx",2024-02-28,2024,FQ4,managerial_qa,non_event,420,,not_applicable,0,,0,0,0,,0,0,1,0,managerial_qa eligibility is independent of prepared-context validity
Shopify,Shopify Inc._Earnings Call_2021-04-28T00_00_00_English.docx,2021-04-28,2021,FQ1,prepared_management,non_event,-736,1,,0,"non-candidate: 2 executive prepared turn(s) totalling 3,792 words (Chief Financial Officer; President)",0,0,0,,0,0,1,0,"non-candidate: 2 executive prepared turn(s) totalling 3,792 words (Chief Financial Officer; President)"
Shopify,Shopify Inc._Earnings Call_2021-04-28T00_00_00_English.docx,2021-04-28,2021,FQ1,managerial_qa,non_event,-736,,not_applicable,0,,0,0,0,,0,0,1,0,managerial_qa eligibility is independent of prepared-context validity
Shopify,Shopify Inc._Earnings Call_2021-07-28T00_00_00_English.docx,2021-07-28,2021,FQ2,prepared_management,non_event,-645,1,,0,"non-candidate: 2 executive prepared turn(s) totalling 3,148 words (Chief Financial Officer; President)",0,0,0,,0,0,1,0,"non-candidate: 2 executive prepared turn(s) totalling 3,148 words (Chief Financial Officer; President)"
Shopify,Shopify Inc._Earnings Call_2021-07-28T00_00_00_English.docx,2021-07-28,2021,FQ2,managerial_qa,non_event,-645,,not_applicable,0,,0,0,0,,0,0,1,0,managerial_qa eligibility is independent of prepared-context validity
Shopify,Shopify Inc._Earnings Call_2021-10-28T00_00_00_English.docx,2021-10-28,2021,FQ3,prepared_management,non_event,-553,1,,0,"non-candidate: 2 executive prepared turn(s) totalling 3,858 words (Chief Financial Officer; President)",0,0,0,,0,0,1,0,"non-candidate: 2 executive prepared turn(s) totalling 3,858 words (Chief Financial Officer; President)"
Shopify,Shopify Inc._Earnings Call_2021-10-28T00_00_00_English.docx,2021-10-28,2021,FQ3,managerial_qa,non_event,-553,,not_applicable,0,,0,0,0,,0,0,1,0,managerial_qa eligibility is independent of prepared-context validity
Shopify,Shopify Inc._Earnings Call_2022-02-16T00_00_00_English.docx,2022-02-16,2021,FQ4,prepared_management,non_event,-442,1,,0,"non-candidate: 3 executive prepared turn(s) totalling 5,474 words (Harley Finkelstein; President; Tobias Lütke)",0,0,0,,0,0,1,0,"non-candidate: 3 executive prepared turn(s) totalling 5,474 words (Harley Finkelstein; President; Tobias Lütke)"
Shopify,Shopify Inc._Earnings Call_2022-02-16T00_00_00_English.docx,2022-02-16,2021,FQ4,managerial_qa,non_event,-442,,not_applicable,0,,0,0,0,,0,0,1,0,managerial_qa eligibility is independent of prepared-context validity
Shopify,Shopify Inc._Earnings Call_2022-05-05T00_00_00_English.docx,2022-05-05,2022,FQ1,prepared_management,non_event,-364,1,,0,"non-candidate: 2 executive prepared turn(s) totalling 3,895 words (Chief Financial Officer; President)",0,0,0,,0,0,1,0,"non-candidate: 2 executive prepared turn(s) totalling 3,895 words (Chief Financial Officer; President)"
Shopify,Shopify Inc._Earnings Call_2022-05-05T00_00_00_English.docx,2022-05-05,2022,FQ1,managerial_qa,non_event,-364,,not_applicable,0,,0,0,0,,0,0,1,0,managerial_qa eligibility is independent of prepared-context validity
Shopify,Shopify Inc._Earnings Call_2022-07-27T00_00_00_English.docx,2022-07-27,2022,FQ2,prepared_management,non_event,-281,1,,0,"non-candidate: 3 executive prepared turn(s) totalling 4,978 words (Harley Finkelstein; President; Tobias Lütke)",0,0,0,,0,0,1,0,"non-candidate: 3 executive prepared turn(s) totalling 4,978 words (Harley Finkelstein; President; Tobias Lütke)"
Shopify,Shopify Inc._Earnings Call_2022-07-27T00_00_00_English.docx,2022-07-27,2022,FQ2,managerial_qa,non_event,-281,,not_applicable,0,,0,0,0,,0,0,1,0,managerial_qa eligibility is independent of prepared-context validity
Shopify,Shopify Inc._Earnings Call_2022-10-27T00_00_00_English.docx,2022-10-27,2022,FQ3,prepared_management,pre_2,-189,1,,0,"non-candidate: 4 executive prepared turn(s) totalling 5,370 words (Amy Shapero; Chief Financial Officer; President)",0,0,0,,0,0,1,0,"non-candidate: 4 executive prepared turn(s) totalling 5,370 words (Amy Shapero; Chief Financial Officer; President)"
Shopify,Shopify Inc._Earnings Call_2022-10-27T00_00_00_English.docx,2022-10-27,2022,FQ3,managerial_qa,pre_2,-189,,not_applicable,0,,0,0,0,,0,0,1,0,managerial_qa eligibility is independent of prepared-context validity
Shopify,Shopify Inc._Earnings Call_2023-02-15T00_00_00_English.docx,2023-02-15,2022,FQ4,prepared_management,pre_1,-78,1,,0,"non-candidate: 3 executive prepared turn(s) totalling 5,102 words (Chief Financial Officer; Harley Finkelstein; President)",0,0,0,,0,0,1,0,"non-candidate: 3 executive prepared turn(s) totalling 5,102 words (Chief Financial Officer; Harley Finkelstein; President)"
Shopify,Shopify Inc._Earnings Call_2023-02-15T00_00_00_English.docx,2023-02-15,2022,FQ4,managerial_qa,pre_1,-78,,not_applicable,0,,0,0,0,,0,0,1,0,managerial_qa eligibility is independent of prepared-context validity
Shopify,Shopify Inc._Earnings Call_2023-05-04T00_00_00_English.docx,2023-05-04,2023,FQ1,prepared_management,same_day,0,1,,0,"non-candidate: 3 executive prepared turn(s) totalling 4,489 words (Chief Financial Officer; Harley Finkelstein; President)",0,1,0,,0,0,1,0,"non-candidate: 3 executive prepared turn(s) totalling 4,489 words (Chief Financial Officer; Harley Finkelstein; President)"
Shopify,Shopify Inc._Earnings Call_2023-05-04T00_00_00_English.docx,2023-05-04,2023,FQ1,managerial_qa,same_day,0,,not_applicable,0,,0,1,0,,0,0,1,0,managerial_qa eligibility is independent of prepared-context validity
Shopify,Shopify Inc._Earnings Call_2023-08-02T00_00_00_English.docx,2023-08-02,2023,FQ2,prepared_management,post_1,90,1,,0,"non-candidate: 2 executive prepared turn(s) totalling 5,293 words (Chief Financial Officer; President)",0,0,0,,0,0,1,0,"non-candidate: 2 executive prepared turn(s) totalling 5,293 words (Chief Financial Officer; President)"
Shopify,Shopify Inc._Earnings Call_2023-08-02T00_00_00_English.docx,2023-08-02,2023,FQ2,managerial_qa,post_1,90,,not_applicable,0,,0,0,0,,0,0,1,0,managerial_qa eligibility is independent of prepared-context validity
Shopify,Shopify Inc._Earnings Call_2023-11-02T00_00_00_English.docx,2023-11-02,2023,FQ3,prepared_management,post_2,182,1,,0,"non-candidate: 2 executive prepared turn(s) totalling 5,062 words (Chief Financial Officer; President)",0,0,0,,0,0,1,0,"non-candidate: 2 executive prepared turn(s) totalling 5,062 words (Chief Financial Officer; President)"
Shopify,Shopify Inc._Earnings Call_2023-11-02T00_00_00_English.docx,2023-11-02,2023,FQ3,managerial_qa,post_2,182,,not_applicable,0,,0,0,0,,0,0,1,0,managerial_qa eligibility is independent of prepared-context validity
Shopify,Shopify Inc._Earnings Call_2024-02-13T00_00_00_English.docx,2024-02-13,2023,FQ4,prepared_management,non_event,285,1,,0,"non-candidate: 2 executive prepared turn(s) totalling 6,110 words (Chief Financial Officer; President)",0,0,0,,0,0,1,0,"non-candidate: 2 executive prepared turn(s) totalling 6,110 words (Chief Financial Officer; President)"
Shopify,Shopify Inc._Earnings Call_2024-02-13T00_00_00_English.docx,2024-02-13,2023,FQ4,managerial_qa,non_event,285,,not_applicable,0,,0,0,0,,0,0,1,0,managerial_qa eligibility is independent of prepared-context validity
Shopify,Shopify Inc._Earnings Call_2024-05-08T00_00_00_English.docx,2024-05-08,2024,FQ1,prepared_management,non_event,370,1,,0,"non-candidate: 2 executive prepared turn(s) totalling 5,492 words (Chief Financial Officer; President)",0,0,0,,0,0,1,0,"non-candidate: 2 executive prepared turn(s) totalling 5,492 words (Chief Financial Officer; President)"
Shopify,Shopify Inc._Earnings Call_2024-05-08T00_00_00_English.docx,2024-05-08,2024,FQ1,managerial_qa,non_event,370,,not_applicable,0,,0,0,0,,0,0,1,0,managerial_qa eligibility is independent of prepared-context validity
Shopify,Shopify Inc._Earnings Call_2024-08-07T00_00_00_English.docx,2024-08-07,2024,FQ2,prepared_management,non_event,461,1,,0,"non-candidate: 2 executive prepared turn(s) totalling 5,023 words (Chief Financial Officer; President)",0,0,0,,0,0,1,0,"non-candidate: 2 executive prepared turn(s) totalling 5,023 words (Chief Financial Officer; President)"
Shopify,Shopify Inc._Earnings Call_2024-08-07T00_00_00_English.docx,2024-08-07,2024,FQ2,managerial_qa,non_event,461,,not_applicable,0,,0,0,0,,0,0,1,0,managerial_qa eligibility is independent of prepared-context validity
Shopify,Shopify Inc._Earnings Call_2024-11-12T00_00_00_English.docx,2024-11-12,2024,FQ3,prepared_management,non_event,558,1,,0,"non-candidate: 2 executive prepared turn(s) totalling 4,434 words (Chief Financial Officer; President)",0,0,0,,0,0,1,0,"non-candidate: 2 executive prepared turn(s) totalling 4,434 words (Chief Financial Officer; President)"
Shopify,Shopify Inc._Earnings Call_2024-11-12T00_00_00_English.docx,2024-11-12,2024,FQ3,managerial_qa,non_event,558,,not_applicable,0,,0,0,0,,0,0,1,0,managerial_qa eligibility is independent of prepared-context validity
Shopify,Shopify Inc._Earnings Call_2025-02-11T00_00_00_English.docx,2025-02-11,2024,FQ4,prepared_management,non_event,649,1,,0,"non-candidate: 2 executive prepared turn(s) totalling 5,406 words (Chief Financial Officer; President)",0,0,0,,0,0,1,0,"non-candidate: 2 executive prepared turn(s) totalling 5,406 words (Chief Financial Officer; President)"
Shopify,Shopify Inc._Earnings Call_2025-02-11T00_00_00_English.docx,2025-02-11,2024,FQ4,managerial_qa,non_event,649,,not_applicable,0,,0,0,0,,0,0,1,0,managerial_qa eligibility is independent of prepared-context validity
Snap,Snap Inc._Earnings Call_2021-04-22T00_00_00_English.docx,2021-04-22,2021,FQ1,prepared_management,non_event,-496,1,,0,"non-candidate: 3 executive prepared turn(s) totalling 4,998 words (Chief Business Officer; Chief Financial Officer; Co-Founder, CEO & Dir)",0,0,0,,0,0,1,0,"non-candidate: 3 executive prepared turn(s) totalling 4,998 words (Chief Business Officer; Chief Financial Officer; Co-Founder, CEO & Dir)"
Snap,Snap Inc._Earnings Call_2021-04-22T00_00_00_English.docx,2021-04-22,2021,FQ1,managerial_qa,non_event,-496,,not_applicable,0,,0,0,0,,0,0,1,0,managerial_qa eligibility is independent of prepared-context validity
Snap,Snap Inc._Earnings Call_2021-07-22T00_00_00_English.docx,2021-07-22,2021,FQ2,prepared_management,non_event,-405,1,,0,"non-candidate: 4 executive prepared turn(s) totalling 5,619 words (Chief Financial Officer; Co-Founder, CEO & Director; Derek Andersen; F)",0,0,0,,0,0,1,0,"non-candidate: 4 executive prepared turn(s) totalling 5,619 words (Chief Financial Officer; Co-Founder, CEO & Director; Derek Andersen; F)"
Snap,Snap Inc._Earnings Call_2021-07-22T00_00_00_English.docx,2021-07-22,2021,FQ2,managerial_qa,non_event,-405,,not_applicable,0,,0,0,0,,0,0,1,0,managerial_qa eligibility is independent of prepared-context validity
Snap,Snap Inc._Earnings Call_2021-10-21T00_00_00_English.docx,2021-10-21,2021,FQ3,prepared_management,non_event,-314,1,,0,"non-candidate: 3 executive prepared turn(s) totalling 5,510 words (Chief Business Officer; Chief Financial Officer; Co-Founder, CEO & Dir)",0,0,0,,0,0,1,0,"non-candidate: 3 executive prepared turn(s) totalling 5,510 words (Chief Business Officer; Chief Financial Officer; Co-Founder, CEO & Dir)"
Snap,Snap Inc._Earnings Call_2021-10-21T00_00_00_English.docx,2021-10-21,2021,FQ3,managerial_qa,non_event,-314,,not_applicable,0,,0,0,0,,0,0,1,0,managerial_qa eligibility is independent of prepared-context validity
Snap,Snap Inc._Earnings Call_2022-02-03T00_00_00_English.docx,2022-02-03,2021,FQ4,prepared_management,non_event,-209,1,,0,"non-candidate: 3 executive prepared turn(s) totalling 5,544 words (Chief Business Officer; Chief Financial Officer; Co-Founder, CEO & Dir)",0,0,0,,0,0,1,0,"non-candidate: 3 executive prepared turn(s) totalling 5,544 words (Chief Business Officer; Chief Financial Officer; Co-Founder, CEO & Dir)"
Snap,Snap Inc._Earnings Call_2022-02-03T00_00_00_English.docx,2022-02-03,2021,FQ4,managerial_qa,non_event,-209,,not_applicable,0,,0,0,0,,0,0,1,0,managerial_qa eligibility is independent of prepared-context validity
Snap,Snap Inc._Earnings Call_2022-04-21T00_00_00_English.docx,2022-04-21,2022,FQ1,prepared_management,pre_2,-132,1,,0,"non-candidate: 3 executive prepared turn(s) totalling 5,259 words (Chief Business Officer; Chief Financial Officer; Co-Founder, CEO & Dir)",0,0,0,,0,0,1,0,"non-candidate: 3 executive prepared turn(s) totalling 5,259 words (Chief Business Officer; Chief Financial Officer; Co-Founder, CEO & Dir)"
Snap,Snap Inc._Earnings Call_2022-04-21T00_00_00_English.docx,2022-04-21,2022,FQ1,managerial_qa,pre_2,-132,,not_applicable,0,,0,0,0,,0,0,1,0,managerial_qa eligibility is independent of prepared-context validity
Snap,Snap Inc._Earnings Call_2022-07-21T00_00_00_English.docx,2022-07-21,2022,FQ2,prepared_management,pre_1,-41,0,ir_introduction_and_safe_harbour_only,0,"Sole prepared turn is Head of Investor Relations: welcome, speaker introductions, '[quote removed]', forward-looking boilerplate. No executive prepared remarks.",0,0,0,,0,0,0,0,"Sole prepared turn is Head of Investor Relations: welcome, speaker introductions, '[quote removed]', forward-looking boilerplate. No executive prepared remarks."
Snap,Snap Inc._Earnings Call_2022-07-21T00_00_00_English.docx,2022-07-21,2022,FQ2,managerial_qa,pre_1,-41,,not_applicable,0,,0,0,0,,0,0,1,0,managerial_qa eligibility is independent of prepared-context validity
Snap,Snap Inc._Earnings Call_2022-10-20T00_00_00_English.docx,2022-10-20,2022,FQ3,prepared_management,post_1,50,1,,0,"non-candidate: 2 executive prepared turn(s) totalling 877 words (Chief Operating Officer; Co-Founder, CEO & Director)",0,0,0,,0,0,1,0,"non-candidate: 2 executive prepared turn(s) totalling 877 words (Chief Operating Officer; Co-Founder, CEO & Director)"
Snap,Snap Inc._Earnings Call_2022-10-20T00_00_00_English.docx,2022-10-20,2022,FQ3,managerial_qa,post_1,50,,not_applicable,0,,0,0,0,,0,0,1,0,managerial_qa eligibility is independent of prepared-context validity
Snap,Snap Inc._Earnings Call_2023-01-31T00_00_00_English.docx,2023-01-31,2022,FQ4,prepared_management,post_2,153,1,,0,"CEO Evan Spiegel, 572 words: '[quote removed]', plus the three strategic priorities. Substantive.",0,0,0,,0,0,1,0,"CEO Evan Spiegel, 572 words: '[quote removed]', plus the three strategic priorities. Substantive."
Snap,Snap Inc._Earnings Call_2023-01-31T00_00_00_English.docx,2023-01-31,2022,FQ4,managerial_qa,post_2,153,,not_applicable,0,,0,0,0,,0,0,1,0,managerial_qa eligibility is independent of prepared-context validity
Snap,Snap Inc._Earnings Call_2023-04-27T00_00_00_English.docx,2023-04-27,2023,FQ1,prepared_management,non_event,239,1,,0,"CEO Evan Spiegel, 794 words on community growth, revenue growth and augmented reality. Substantive.",0,0,0,,0,0,1,0,"CEO Evan Spiegel, 794 words on community growth, revenue growth and augmented reality. Substantive."
Snap,Snap Inc._Earnings Call_2023-04-27T00_00_00_English.docx,2023-04-27,2023,FQ1,managerial_qa,non_event,239,,not_applicable,0,,0,0,0,,0,0,1,0,managerial_qa eligibility is independent of prepared-context validity
Snap,Snap Inc._Earnings Call_2023-07-25T00_00_00_English.docx,2023-07-25,2023,FQ2,prepared_management,non_event,328,1,,0,"CEO Evan Spiegel, 645 words on Q2 priorities: community growth, revenue acceleration, augmented reality. Substantive.",0,0,0,,0,0,1,0,"CEO Evan Spiegel, 645 words on Q2 priorities: community growth, revenue acceleration, augmented reality. Substantive."
Snap,Snap Inc._Earnings Call_2023-07-25T00_00_00_English.docx,2023-07-25,2023,FQ2,managerial_qa,non_event,328,,not_applicable,0,,0,0,0,,0,0,1,0,managerial_qa eligibility is independent of prepared-context validity
Snap,Snap Inc._Earnings Call_2023-10-24T00_00_00_English.docx,2023-10-24,2023,FQ3,prepared_management,non_event,419,1,,0,"CEO Evan Spiegel, 503 words: '[quote removed]'. Substantive.",0,0,0,,0,0,1,0,"CEO Evan Spiegel, 503 words: '[quote removed]'. Substantive."
Snap,Snap Inc._Earnings Call_2023-10-24T00_00_00_English.docx,2023-10-24,2023,FQ3,managerial_qa,non_event,419,,not_applicable,0,,0,0,0,,0,0,1,0,managerial_qa eligibility is independent of prepared-context validity
Snap,Snap Inc._Earnings Call_2024-02-06T00_00_00_English.docx,2024-02-06,2023,FQ4,prepared_management,non_event,524,1,,0,"CEO Evan Spiegel, 509 words on Q4 core priorities, engagement depth and top-line growth. Substantive.",0,0,0,,0,0,1,0,"CEO Evan Spiegel, 509 words on Q4 core priorities, engagement depth and top-line growth. Substantive."
Snap,Snap Inc._Earnings Call_2024-02-06T00_00_00_English.docx,2024-02-06,2023,FQ4,managerial_qa,non_event,524,,not_applicable,0,,0,0,0,,0,0,1,0,managerial_qa eligibility is independent of prepared-context validity
Snap,Snap Inc._Earnings Call_2024-04-25T00_00_00_English.docx,2024-04-25,2024,FQ1,prepared_management,non_event,603,1,,0,"non-candidate: 3 executive prepared turn(s) totalling 2,538 words (Chief Financial Officer; Co-Founder, CEO & Director)",0,0,0,,0,0,1,0,"non-candidate: 3 executive prepared turn(s) totalling 2,538 words (Chief Financial Officer; Co-Founder, CEO & Director)"
Snap,Snap Inc._Earnings Call_2024-04-25T00_00_00_English.docx,2024-04-25,2024,FQ1,managerial_qa,non_event,603,,not_applicable,0,,0,0,0,,0,0,1,0,managerial_qa eligibility is independent of prepared-context validity
Snap,Snap Inc._Earnings Call_2024-08-01T00_00_00_English.docx,2024-08-01,2024,FQ2,prepared_management,non_event,701,1,,0,"non-candidate: 2 executive prepared turn(s) totalling 3,443 words (Chief Financial Officer; Co-Founder, CEO & Director)",0,0,0,,0,0,1,0,"non-candidate: 2 executive prepared turn(s) totalling 3,443 words (Chief Financial Officer; Co-Founder, CEO & Director)"
Snap,Snap Inc._Earnings Call_2024-08-01T00_00_00_English.docx,2024-08-01,2024,FQ2,managerial_qa,non_event,701,,not_applicable,0,,0,0,0,,0,0,1,0,managerial_qa eligibility is independent of prepared-context validity
Snap,Snap Inc._Earnings Call_2024-10-29T00_00_00_English.docx,2024-10-29,2024,FQ3,prepared_management,non_event,790,1,,0,"non-candidate: 2 executive prepared turn(s) totalling 3,451 words (Chief Financial Officer; Co-Founder, CEO & Director)",0,0,0,,0,0,1,0,"non-candidate: 2 executive prepared turn(s) totalling 3,451 words (Chief Financial Officer; Co-Founder, CEO & Director)"
Snap,Snap Inc._Earnings Call_2024-10-29T00_00_00_English.docx,2024-10-29,2024,FQ3,managerial_qa,non_event,790,,not_applicable,0,,0,0,0,,0,0,1,0,managerial_qa eligibility is independent of prepared-context validity
Snap,Snap Inc._Earnings Call_2025-02-04T00_00_00_English.docx,2025-02-04,2024,FQ4,prepared_management,non_event,888,1,,0,"non-candidate: 2 executive prepared turn(s) totalling 3,671 words (Chief Financial Officer; Co-Founder, CEO & Director)",0,0,0,,0,0,1,0,"non-candidate: 2 executive prepared turn(s) totalling 3,671 words (Chief Financial Officer; Co-Founder, CEO & Director)"
Snap,Snap Inc._Earnings Call_2025-02-04T00_00_00_English.docx,2025-02-04,2024,FQ4,managerial_qa,non_event,888,,not_applicable,0,,0,0,0,,0,0,1,0,managerial_qa eligibility is independent of prepared-context validity
Spotify,Spotify Technology S.A._Earnings Call_2021-04-28T00_00_00_English.docx,2021-04-28,2021,FQ1,prepared_management,non_event,-950,1,,0,"non-candidate: 1 executive prepared turn(s) totalling 1,197 words (Founder, CEO & Chairman)",0,0,0,,0,0,1,0,"non-candidate: 1 executive prepared turn(s) totalling 1,197 words (Founder, CEO & Chairman)"
Spotify,Spotify Technology S.A._Earnings Call_2021-04-28T00_00_00_English.docx,2021-04-28,2021,FQ1,managerial_qa,non_event,-950,,not_applicable,0,,0,0,0,,0,0,1,0,managerial_qa eligibility is independent of prepared-context validity
Spotify,Spotify Technology S.A._Earnings Call_2021-07-28T00_00_00_English.docx,2021-07-28,2021,FQ2,prepared_management,non_event,-859,1,,0,"non-candidate: 1 executive prepared turn(s) totalling 865 words (Founder, CEO & Chairman)",0,0,0,,0,0,1,0,"non-candidate: 1 executive prepared turn(s) totalling 865 words (Founder, CEO & Chairman)"
Spotify,Spotify Technology S.A._Earnings Call_2021-07-28T00_00_00_English.docx,2021-07-28,2021,FQ2,managerial_qa,non_event,-859,,not_applicable,0,,0,0,0,,0,0,1,0,managerial_qa eligibility is independent of prepared-context validity
Spotify,Spotify Technology S.A._Earnings Call_2021-10-27T00_00_00_English.docx,2021-10-27,2021,FQ3,prepared_management,non_event,-768,1,,0,"non-candidate: 1 executive prepared turn(s) totalling 1,036 words (Founder, CEO & Chairman)",0,0,0,,0,0,1,0,"non-candidate: 1 executive prepared turn(s) totalling 1,036 words (Founder, CEO & Chairman)"
Spotify,Spotify Technology S.A._Earnings Call_2021-10-27T00_00_00_English.docx,2021-10-27,2021,FQ3,managerial_qa,non_event,-768,,not_applicable,0,,0,0,0,,0,0,1,0,managerial_qa eligibility is independent of prepared-context validity
Spotify,Spotify Technology S.A._Earnings Call_2022-02-02T00_00_00_English.docx,2022-02-02,2021,FQ4,prepared_management,non_event,-670,1,,0,"non-candidate: 2 executive prepared turn(s) totalling 1,688 words (Chief Financial Officer; Founder, CEO & Chairman)",0,0,0,,0,0,1,0,"non-candidate: 2 executive prepared turn(s) totalling 1,688 words (Chief Financial Officer; Founder, CEO & Chairman)"
Spotify,Spotify Technology S.A._Earnings Call_2022-02-02T00_00_00_English.docx,2022-02-02,2021,FQ4,managerial_qa,non_event,-670,,not_applicable,0,,0,0,0,,0,0,1,0,managerial_qa eligibility is independent of prepared-context validity
Spotify,Spotify Technology S.A._Earnings Call_2022-04-27T00_00_00_English.docx,2022-04-27,2022,FQ1,prepared_management,non_event,-586,1,,0,"non-candidate: 2 executive prepared turn(s) totalling 1,566 words (Chief Financial Officer; Founder, CEO & Chairman)",0,0,0,,0,0,1,0,"non-candidate: 2 executive prepared turn(s) totalling 1,566 words (Chief Financial Officer; Founder, CEO & Chairman)"
Spotify,Spotify Technology S.A._Earnings Call_2022-04-27T00_00_00_English.docx,2022-04-27,2022,FQ1,managerial_qa,non_event,-586,,not_applicable,0,,0,0,0,,0,0,1,0,managerial_qa eligibility is independent of prepared-context validity
Spotify,Spotify Technology S.A._Earnings Call_2022-07-27T00_00_00_English.docx,2022-07-27,2022,FQ2,prepared_management,non_event,-495,1,,0,"non-candidate: 2 executive prepared turn(s) totalling 1,315 words (Chief Financial Officer; Founder, CEO & Chairman)",0,0,0,,0,0,1,0,"non-candidate: 2 executive prepared turn(s) totalling 1,315 words (Chief Financial Officer; Founder, CEO & Chairman)"
Spotify,Spotify Technology S.A._Earnings Call_2022-07-27T00_00_00_English.docx,2022-07-27,2022,FQ2,managerial_qa,non_event,-495,,not_applicable,0,,0,0,0,,0,0,1,0,managerial_qa eligibility is independent of prepared-context validity
Spotify,Spotify Technology S.A._Earnings Call_2022-10-25T00_00_00_English.docx,2022-10-25,2022,FQ3,prepared_management,non_event,-405,1,,0,"non-candidate: 2 executive prepared turn(s) totalling 1,844 words (Chief Financial Officer; Founder, CEO & Chairman)",0,0,0,,0,0,1,0,"non-candidate: 2 executive prepared turn(s) totalling 1,844 words (Chief Financial Officer; Founder, CEO & Chairman)"
Spotify,Spotify Technology S.A._Earnings Call_2022-10-25T00_00_00_English.docx,2022-10-25,2022,FQ3,managerial_qa,non_event,-405,,not_applicable,0,,0,0,0,,0,0,1,0,managerial_qa eligibility is independent of prepared-context validity
Spotify,Spotify Technology S.A._Earnings Call_2023-01-31T00_00_00_English.docx,2023-01-31,2022,FQ4,prepared_management,non_event,-307,1,,0,"non-candidate: 2 executive prepared turn(s) totalling 1,135 words (Chief Financial Officer; Founder, CEO & Chairman)",0,0,0,,0,0,1,0,"non-candidate: 2 executive prepared turn(s) totalling 1,135 words (Chief Financial Officer; Founder, CEO & Chairman)"
Spotify,Spotify Technology S.A._Earnings Call_2023-01-31T00_00_00_English.docx,2023-01-31,2022,FQ4,managerial_qa,non_event,-307,,not_applicable,0,,0,0,0,,0,0,1,0,managerial_qa eligibility is independent of prepared-context validity
Spotify,Spotify Technology S.A._Earnings Call_2023-04-25T00_00_00_English.docx,2023-04-25,2023,FQ1,prepared_management,non_event,-223,1,,0,"non-candidate: 2 executive prepared turn(s) totalling 1,338 words (Chief Financial Officer; Founder, CEO & Chairman)",0,0,0,,0,0,1,0,"non-candidate: 2 executive prepared turn(s) totalling 1,338 words (Chief Financial Officer; Founder, CEO & Chairman)"
Spotify,Spotify Technology S.A._Earnings Call_2023-04-25T00_00_00_English.docx,2023-04-25,2023,FQ1,managerial_qa,non_event,-223,,not_applicable,0,,0,0,0,,0,0,1,0,managerial_qa eligibility is independent of prepared-context validity
Spotify,Spotify Technology S.A._Earnings Call_2023-07-25T00_00_00_English.docx,2023-07-25,2023,FQ2,prepared_management,pre_2,-132,1,,0,"non-candidate: 2 executive prepared turn(s) totalling 1,229 words (Chief Financial Officer; Founder, CEO & Chairman)",0,0,0,,0,0,1,0,"non-candidate: 2 executive prepared turn(s) totalling 1,229 words (Chief Financial Officer; Founder, CEO & Chairman)"
Spotify,Spotify Technology S.A._Earnings Call_2023-07-25T00_00_00_English.docx,2023-07-25,2023,FQ2,managerial_qa,pre_2,-132,,not_applicable,0,,0,0,0,,0,0,1,0,managerial_qa eligibility is independent of prepared-context validity
Spotify,Spotify Technology S.A._Earnings Call_2023-10-24T00_00_00_English.docx,2023-10-24,2023,FQ3,prepared_management,pre_1,-41,1,,0,"non-candidate: 2 executive prepared turn(s) totalling 1,079 words (Chief Financial Officer; Founder, CEO & Chairman)",0,0,0,,0,0,1,0,"non-candidate: 2 executive prepared turn(s) totalling 1,079 words (Chief Financial Officer; Founder, CEO & Chairman)"
Spotify,Spotify Technology S.A._Earnings Call_2023-10-24T00_00_00_English.docx,2023-10-24,2023,FQ3,managerial_qa,pre_1,-41,,not_applicable,0,,0,0,0,,0,0,1,0,managerial_qa eligibility is independent of prepared-context validity
Spotify,Spotify Technology S.A._Earnings Call_2024-02-06T00_00_00_English.docx,2024-02-06,2023,FQ4,prepared_management,post_1,64,1,,0,"non-candidate: 2 executive prepared turn(s) totalling 1,294 words (Chief Financial Officer; Founder, CEO & Chairman)",0,0,0,,0,0,1,0,"non-candidate: 2 executive prepared turn(s) totalling 1,294 words (Chief Financial Officer; Founder, CEO & Chairman)"
Spotify,Spotify Technology S.A._Earnings Call_2024-02-06T00_00_00_English.docx,2024-02-06,2023,FQ4,managerial_qa,post_1,64,,not_applicable,0,,0,0,0,,0,0,1,0,managerial_qa eligibility is independent of prepared-context validity
Spotify,Spotify Technology S.A._Earnings Call_2024-04-23T00_00_00_English.docx,2024-04-23,2024,FQ1,prepared_management,post_2,141,1,,0,"non-candidate: 2 executive prepared turn(s) totalling 1,241 words (Bryan Daniel Goldberg; Founder, CEO & Chairman)",0,0,0,,0,0,1,0,"non-candidate: 2 executive prepared turn(s) totalling 1,241 words (Bryan Daniel Goldberg; Founder, CEO & Chairman)"
Spotify,Spotify Technology S.A._Earnings Call_2024-04-23T00_00_00_English.docx,2024-04-23,2024,FQ1,managerial_qa,post_2,141,,not_applicable,0,,0,0,0,,0,0,1,0,managerial_qa eligibility is independent of prepared-context validity
Spotify,Spotify Technology S.A._Earnings Call_2024-07-23T00_00_00_English.docx,2024-07-23,2024,FQ2,prepared_management,non_event,232,1,,0,"non-candidate: 2 executive prepared turn(s) totalling 1,606 words (Founder, CEO & Chairman; Interim CFO and VP of Financial Planning & An)",0,0,0,,0,0,1,0,"non-candidate: 2 executive prepared turn(s) totalling 1,606 words (Founder, CEO & Chairman; Interim CFO and VP of Financial Planning & An)"
Spotify,Spotify Technology S.A._Earnings Call_2024-07-23T00_00_00_English.docx,2024-07-23,2024,FQ2,managerial_qa,non_event,232,,not_applicable,0,,0,0,0,,0,0,1,0,managerial_qa eligibility is independent of prepared-context validity
Spotify,Spotify Technology S.A._Earnings Call_2024-11-12T00_00_00_English.docx,2024-11-12,2024,FQ3,prepared_management,non_event,344,1,,0,"non-candidate: 2 executive prepared turn(s) totalling 1,487 words (Daniel G. Ek; Founder, CEO & Chairman)",0,0,0,,0,0,1,0,"non-candidate: 2 executive prepared turn(s) totalling 1,487 words (Daniel G. Ek; Founder, CEO & Chairman)"
Spotify,Spotify Technology S.A._Earnings Call_2024-11-12T00_00_00_English.docx,2024-11-12,2024,FQ3,managerial_qa,non_event,344,,not_applicable,0,,0,0,0,,0,0,1,0,managerial_qa eligibility is independent of prepared-context validity
Spotify,Spotify Technology S.A._Earnings Call_2025-02-04T00_00_00_English.docx,2025-02-04,2024,FQ4,prepared_management,non_event,428,1,,0,"non-candidate: 6 executive prepared turn(s) totalling 1,731 words (Chief Business Officer & Co-President; Chief Financial Officer; Co-Pre)",0,0,0,,0,0,1,0,"non-candidate: 6 executive prepared turn(s) totalling 1,731 words (Chief Business Officer & Co-President; Chief Financial Officer; Co-Pre)"
Spotify,Spotify Technology S.A._Earnings Call_2025-02-04T00_00_00_English.docx,2025-02-04,2024,FQ4,managerial_qa,non_event,428,,not_applicable,0,,0,0,0,,0,0,1,0,managerial_qa eligibility is independent of prepared-context validity
Twilio,Twilio Inc._Earnings Call_2021-05-05T00_00_00_English.docx,2021-05-05,2021,FQ1,prepared_management,non_event,-649,1,,0,"CEO delivers 235 words of CSR/organisational communication (COVID-19 condolence and a charitable appeal naming Twilio's relief programmes). Under the final construct, CSR is substantive managerial communication, not IR/safe-harbour/procedural content. CAVEAT carried forward: the IR officer stated that this call's business prepared remarks were posted to the IR website rather than delivered, so the context contains the CSR statement only.",0,0,0,,0,0,1,0,"CEO delivers 235 words of CSR/organisational communication (COVID-19 condolence and a charitable appeal naming Twilio's relief programmes). Under the final construct, CSR is substantive managerial communication, not IR/safe-harbour/procedural content. CAVEAT carried forward: the IR officer stated that this call's business prepared remarks were posted to the IR website rather than delivered, so the context contains the CSR statement only."
Twilio,Twilio Inc._Earnings Call_2021-05-05T00_00_00_English.docx,2021-05-05,2021,FQ1,managerial_qa,non_event,-649,,not_applicable,0,,0,0,0,,0,0,1,0,managerial_qa eligibility is independent of prepared-context validity
Twilio,Twilio Inc._Earnings Call_2021-07-29T00_00_00_English.docx,2021-07-29,2021,FQ2,prepared_management,non_event,-564,1,,0,"CEO delivers 368 words on Twilio's vaccine-equity initiative -- a CSR topic, explicitly eligible under the final construct.",0,0,0,,0,0,1,0,"CEO delivers 368 words on Twilio's vaccine-equity initiative -- a CSR topic, explicitly eligible under the final construct."
Twilio,Twilio Inc._Earnings Call_2021-07-29T00_00_00_English.docx,2021-07-29,2021,FQ2,managerial_qa,non_event,-564,,not_applicable,0,,0,0,0,,0,0,1,0,managerial_qa eligibility is independent of prepared-context validity
Twilio,Twilio Inc._Earnings Call_2021-10-27T00_00_00_English.docx,2021-10-27,2021,FQ3,prepared_management,non_event,-474,1,,0,"CEO delivers 181 words on the COO's departure, his contribution to Twilio's developer-first go-to-market, and his successor. A PERSONNEL and organisational topic, explicitly eligible.",0,0,0,,0,0,1,0,"CEO delivers 181 words on the COO's departure, his contribution to Twilio's developer-first go-to-market, and his successor. A PERSONNEL and organisational topic, explicitly eligible."
Twilio,Twilio Inc._Earnings Call_2021-10-27T00_00_00_English.docx,2021-10-27,2021,FQ3,managerial_qa,non_event,-474,,not_applicable,0,,0,0,0,,0,0,1,0,managerial_qa eligibility is independent of prepared-context validity
Twilio,Twilio Inc._Earnings Call_2022-02-09T00_00_00_English.docx,2022-02-09,2021,FQ4,prepared_management,non_event,-369,1,,0,"CEO's 154 words are business commentary: 2021 results, '[quote removed]', the Segment customer-data-platform strategy and the customer-engagement-platform vision. Short but substantive.",0,0,0,,0,0,1,0,"CEO's 154 words are business commentary: 2021 results, '[quote removed]', the Segment customer-data-platform strategy and the customer-engagement-platform vision. Short but substantive."
Twilio,Twilio Inc._Earnings Call_2022-02-09T00_00_00_English.docx,2022-02-09,2021,FQ4,managerial_qa,non_event,-369,,not_applicable,0,,0,0,0,,0,0,1,0,managerial_qa eligibility is independent of prepared-context validity
Twilio,Twilio Inc._Earnings Call_2022-05-04T00_00_00_English.docx,2022-05-04,2022,FQ1,prepared_management,pre_2,-285,1,,0,"CEO's 231 words are business commentary: '[quote removed]', the 30%+ organic revenue growth commitment through 2024 and the non-GAAP operating profitability target. Short but substantive.",0,0,0,,0,0,1,0,"CEO's 231 words are business commentary: '[quote removed]', the 30%+ organic revenue growth commitment through 2024 and the non-GAAP operating profitability target. Short but substantive."
Twilio,Twilio Inc._Earnings Call_2022-05-04T00_00_00_English.docx,2022-05-04,2022,FQ1,managerial_qa,pre_2,-285,,not_applicable,0,,0,0,0,,0,0,1,0,managerial_qa eligibility is independent of prepared-context validity
Twilio,Twilio Inc._Earnings Call_2022-08-04T00_00_00_English.docx,2022-08-04,2022,FQ2,prepared_management,pre_1,-193,1,,1,"CLOSEST CALL of the five. CEO delivers 131 words announcing SIGNAL, Twilio's flagship customer and developer conference, a new CDP Summit tied to the Segment business, and an Investor Day. It carries logistical detail (dates, virtual/in-person formats) but is NOT PURELY logistical: it announces corporate initiatives and names their strategic audience. The exclusion limb requires content to be purely procedural/logistical, so it is reclassified as eligible. Flagged for review as the one case where a reviewer could reasonably differ.",1,0,0,,0,1,1,1,"CLOSEST CALL of the five. CEO delivers 131 words announcing SIGNAL, Twilio's flagship customer and developer conference, a new CDP Summit tied to the Segment business, and an Investor Day. It carries logistical detail (dates, virtual/in-person formats) but is NOT PURELY logistical: it announces corporate initiatives and names their strategic audience. The exclusion limb requires content to be purely procedural/logistical, so it is reclassified as eligible. Flagged for review as the one case where a reviewer could reasonably differ."
Twilio,Twilio Inc._Earnings Call_2022-08-04T00_00_00_English.docx,2022-08-04,2022,FQ2,managerial_qa,pre_1,-193,,not_applicable,0,,1,0,0,,0,0,1,0,managerial_qa eligibility is independent of prepared-context validity
Twilio,Twilio Inc._Earnings Call_2023-02-15T00_00_00_English.docx,2023-02-15,2022,FQ4,prepared_management,post_1,2,1,,0,CEO delivers 94 words on the '[quote removed]' and why they are '[quote removed]'. Strategic commentary on the restructuring.,0,0,0,,0,0,1,0,CEO delivers 94 words on the '[quote removed]' and why they are '[quote removed]'. Strategic commentary on the restructuring.
Twilio,Twilio Inc._Earnings Call_2023-02-15T00_00_00_English.docx,2023-02-15,2022,FQ4,managerial_qa,post_1,2,,not_applicable,0,,0,0,0,,0,0,1,0,managerial_qa eligibility is independent of prepared-context validity
Twilio,Twilio Inc._Earnings Call_2023-05-09T00_00_00_English.docx,2023-05-09,2023,FQ1,prepared_management,post_2,85,1,,0,"CEO delivers 363 words on Q1 actions working, non-GAAP operating profit, the new operating structure and Q2 guidance.",0,0,0,,0,0,1,0,"CEO delivers 363 words on Q1 actions working, non-GAAP operating profit, the new operating structure and Q2 guidance."
Twilio,Twilio Inc._Earnings Call_2023-05-09T00_00_00_English.docx,2023-05-09,2023,FQ1,managerial_qa,post_2,85,,not_applicable,0,,0,0,0,,0,0,1,0,managerial_qa eligibility is independent of prepared-context validity
Twilio,Twilio Inc._Earnings Call_2023-08-08T00_00_00_English.docx,2023-08-08,2023,FQ2,prepared_management,non_event,176,1,,0,"non-candidate: 6 executive prepared turn(s) totalling 3,590 words (Chief Financial Officer; Co-Founder, Chairman & CEO; Elena A. Donio; P)",0,0,0,,0,0,1,0,"non-candidate: 6 executive prepared turn(s) totalling 3,590 words (Chief Financial Officer; Co-Founder, Chairman & CEO; Elena A. Donio; P)"
Twilio,Twilio Inc._Earnings Call_2023-08-08T00_00_00_English.docx,2023-08-08,2023,FQ2,managerial_qa,non_event,176,,not_applicable,0,,0,0,0,,0,0,1,0,managerial_qa eligibility is independent of prepared-context validity
Twilio,Twilio Inc._Earnings Call_2023-11-08T00_00_00_English.docx,2023-11-08,2023,FQ3,prepared_management,non_event,268,1,,0,"non-candidate: 5 executive prepared turn(s) totalling 3,543 words (Chief Financial Officer; Co-Founder, Chairman & CEO; Jeffrey Lawson; P)",0,0,0,,0,0,1,0,"non-candidate: 5 executive prepared turn(s) totalling 3,543 words (Chief Financial Officer; Co-Founder, Chairman & CEO; Jeffrey Lawson; P)"
Twilio,Twilio Inc._Earnings Call_2023-11-08T00_00_00_English.docx,2023-11-08,2023,FQ3,managerial_qa,non_event,268,,not_applicable,0,,0,0,0,,0,0,1,0,managerial_qa eligibility is independent of prepared-context validity
Twilio,Twilio Inc._Earnings Call_2024-02-14T00_00_00_English.docx,2024-02-14,2023,FQ4,prepared_management,non_event,366,1,,0,"non-candidate: 3 executive prepared turn(s) totalling 3,032 words (CEO & Director; Chief Financial Officer; Khozema Z. Shipchandler)",0,0,0,,0,0,1,0,"non-candidate: 3 executive prepared turn(s) totalling 3,032 words (CEO & Director; Chief Financial Officer; Khozema Z. Shipchandler)"
Twilio,Twilio Inc._Earnings Call_2024-02-14T00_00_00_English.docx,2024-02-14,2023,FQ4,managerial_qa,non_event,366,,not_applicable,0,,0,0,0,,0,0,1,0,managerial_qa eligibility is independent of prepared-context validity
Twilio,Twilio Inc._Earnings Call_2024-05-07T00_00_00_English.docx,2024-05-07,2024,FQ1,prepared_management,non_event,449,1,,0,"non-candidate: 3 executive prepared turn(s) totalling 2,883 words (CEO & Director; Chief Financial Officer; Khozema Z. Shipchandler)",0,0,0,,0,0,1,0,"non-candidate: 3 executive prepared turn(s) totalling 2,883 words (CEO & Director; Chief Financial Officer; Khozema Z. Shipchandler)"
Twilio,Twilio Inc._Earnings Call_2024-05-07T00_00_00_English.docx,2024-05-07,2024,FQ1,managerial_qa,non_event,449,,not_applicable,0,,0,0,0,,0,0,1,0,managerial_qa eligibility is independent of prepared-context validity
Twilio,Twilio Inc._Earnings Call_2024-08-01T00_00_00_English.docx,2024-08-01,2024,FQ2,prepared_management,non_event,535,1,,0,"non-candidate: 3 executive prepared turn(s) totalling 2,498 words (CEO & Director; Chief Financial Officer; Khozema Z. Shipchandler)",0,0,0,,0,0,1,0,"non-candidate: 3 executive prepared turn(s) totalling 2,498 words (CEO & Director; Chief Financial Officer; Khozema Z. Shipchandler)"
Twilio,Twilio Inc._Earnings Call_2024-08-01T00_00_00_English.docx,2024-08-01,2024,FQ2,managerial_qa,non_event,535,,not_applicable,0,,0,0,0,,0,0,1,0,managerial_qa eligibility is independent of prepared-context validity
Twilio,Twilio Inc._Earnings Call_2024-10-30T00_00_00_English.docx,2024-10-30,2024,FQ3,prepared_management,non_event,625,1,,0,"non-candidate: 3 executive prepared turn(s) totalling 3,011 words (CEO & Director; Chief Financial Officer; Khozema Z. Shipchandler)",0,0,0,,0,0,1,0,"non-candidate: 3 executive prepared turn(s) totalling 3,011 words (CEO & Director; Chief Financial Officer; Khozema Z. Shipchandler)"
Twilio,Twilio Inc._Earnings Call_2024-10-30T00_00_00_English.docx,2024-10-30,2024,FQ3,managerial_qa,non_event,625,,not_applicable,0,,0,0,0,,0,0,1,0,managerial_qa eligibility is independent of prepared-context validity
Twilio,Twilio Inc._Earnings Call_2025-02-13T00_00_00_English.docx,2025-02-13,2024,FQ4,prepared_management,non_event,731,1,,0,"non-candidate: 2 executive prepared turn(s) totalling 2,865 words (CEO & Director; Chief Financial Officer)",0,0,0,,0,0,1,0,"non-candidate: 2 executive prepared turn(s) totalling 2,865 words (CEO & Director; Chief Financial Officer)"
Twilio,Twilio Inc._Earnings Call_2025-02-13T00_00_00_English.docx,2025-02-13,2024,FQ4,managerial_qa,non_event,731,,not_applicable,0,,0,0,0,,0,0,1,0,managerial_qa eligibility is independent of prepared-context validity
Zoom,"Zoom Communications, Inc._Earnings Call_2020-06-02T00_00_00_English.docx",2020-06-02,2021,FQ1,prepared_management,non_event,-980,1,,0,"non-candidate: 4 executive prepared turn(s) totalling 3,063 words (Chief Financial Officer; Founder, President, CEO & Chairman; Technical)",0,0,0,,0,0,1,0,"non-candidate: 4 executive prepared turn(s) totalling 3,063 words (Chief Financial Officer; Founder, President, CEO & Chairman; Technical)"
Zoom,"Zoom Communications, Inc._Earnings Call_2020-06-02T00_00_00_English.docx",2020-06-02,2021,FQ1,managerial_qa,non_event,-980,,not_applicable,0,,0,0,0,,0,0,1,0,managerial_qa eligibility is independent of prepared-context validity
Zoom,"Zoom Communications, Inc._Earnings Call_2020-08-31T00_00_00_English.docx",2020-08-31,2021,FQ2,prepared_management,non_event,-890,1,,0,"non-candidate: 4 executive prepared turn(s) totalling 2,754 words (Chief Financial Officer; Founder, President, CEO & Chairman; Technical)",0,0,0,,0,0,1,0,"non-candidate: 4 executive prepared turn(s) totalling 2,754 words (Chief Financial Officer; Founder, President, CEO & Chairman; Technical)"
Zoom,"Zoom Communications, Inc._Earnings Call_2020-08-31T00_00_00_English.docx",2020-08-31,2021,FQ2,managerial_qa,non_event,-890,,not_applicable,0,,0,0,0,,0,0,1,0,managerial_qa eligibility is independent of prepared-context validity
Zoom,"Zoom Communications, Inc._Earnings Call_2020-11-30T00_00_00_English.docx",2020-11-30,2021,FQ3,prepared_management,non_event,-799,1,,0,"non-candidate: 3 executive prepared turn(s) totalling 2,089 words (Chief Financial Officer; Founder, President, CEO & Chairman; Technical)",0,0,0,,0,0,1,0,"non-candidate: 3 executive prepared turn(s) totalling 2,089 words (Chief Financial Officer; Founder, President, CEO & Chairman; Technical)"
Zoom,"Zoom Communications, Inc._Earnings Call_2020-11-30T00_00_00_English.docx",2020-11-30,2021,FQ3,managerial_qa,non_event,-799,,not_applicable,0,,0,0,0,,0,0,1,0,managerial_qa eligibility is independent of prepared-context validity
Zoom,"Zoom Communications, Inc._Earnings Call_2021-03-01T00_00_00_English.docx",2021-03-01,2021,FQ4,prepared_management,non_event,-708,1,,0,"non-candidate: 3 executive prepared turn(s) totalling 2,631 words (Chief Financial Officer; Founder, President, CEO & Chairman; Technical)",0,0,0,,0,0,1,0,"non-candidate: 3 executive prepared turn(s) totalling 2,631 words (Chief Financial Officer; Founder, President, CEO & Chairman; Technical)"
Zoom,"Zoom Communications, Inc._Earnings Call_2021-03-01T00_00_00_English.docx",2021-03-01,2021,FQ4,managerial_qa,non_event,-708,,not_applicable,0,,0,0,0,,0,0,1,0,managerial_qa eligibility is independent of prepared-context validity
Zoom,"Zoom Communications, Inc._Earnings Call_2021-06-01T00_00_00_English.docx",2021-06-01,2022,FQ1,prepared_management,non_event,-616,1,,0,"non-candidate: 4 executive prepared turn(s) totalling 2,569 words (Chief Financial Officer; Founder, President, CEO & Chairman; Head of Z)",0,0,0,,0,0,1,0,"non-candidate: 4 executive prepared turn(s) totalling 2,569 words (Chief Financial Officer; Founder, President, CEO & Chairman; Head of Z)"
Zoom,"Zoom Communications, Inc._Earnings Call_2021-06-01T00_00_00_English.docx",2021-06-01,2022,FQ1,managerial_qa,non_event,-616,,not_applicable,0,,0,0,0,,0,0,1,0,managerial_qa eligibility is independent of prepared-context validity
Zoom,"Zoom Communications, Inc._Earnings Call_2021-08-30T00_00_00_English.docx",2021-08-30,2022,FQ2,prepared_management,non_event,-526,1,,0,"non-candidate: 3 executive prepared turn(s) totalling 2,551 words (Chief Financial Officer; Founder, President, CEO & Chairman; Technical)",0,0,0,,0,0,1,0,"non-candidate: 3 executive prepared turn(s) totalling 2,551 words (Chief Financial Officer; Founder, President, CEO & Chairman; Technical)"
Zoom,"Zoom Communications, Inc._Earnings Call_2021-08-30T00_00_00_English.docx",2021-08-30,2022,FQ2,managerial_qa,non_event,-526,,not_applicable,0,,0,0,0,,0,0,1,0,managerial_qa eligibility is independent of prepared-context validity
Zoom,"Zoom Communications, Inc._Earnings Call_2021-11-22T00_00_00_English.docx",2021-11-22,2022,FQ3,prepared_management,non_event,-442,1,,0,"non-candidate: 3 executive prepared turn(s) totalling 2,041 words (CFO & Treasurer; Founder, President, CEO & Chairman; Technical Trainer)",0,0,0,,0,0,1,0,"non-candidate: 3 executive prepared turn(s) totalling 2,041 words (CFO & Treasurer; Founder, President, CEO & Chairman; Technical Trainer)"
Zoom,"Zoom Communications, Inc._Earnings Call_2021-11-22T00_00_00_English.docx",2021-11-22,2022,FQ3,managerial_qa,non_event,-442,,not_applicable,0,,0,0,0,,0,0,1,0,managerial_qa eligibility is independent of prepared-context validity
Zoom,"Zoom Communications, Inc._Earnings Call_2022-02-28T00_00_00_English.docx",2022-02-28,2022,FQ4,prepared_management,non_event,-344,1,,0,"non-candidate: 2 executive prepared turn(s) totalling 2,750 words (CFO & Treasurer; Founder, President, CEO & Chairman)",0,0,0,,0,0,1,0,"non-candidate: 2 executive prepared turn(s) totalling 2,750 words (CFO & Treasurer; Founder, President, CEO & Chairman)"
Zoom,"Zoom Communications, Inc._Earnings Call_2022-02-28T00_00_00_English.docx",2022-02-28,2022,FQ4,managerial_qa,non_event,-344,,not_applicable,0,,0,0,0,,0,0,1,0,managerial_qa eligibility is independent of prepared-context validity
Zoom,"Zoom Communications, Inc._Earnings Call_2022-05-23T00_00_00_English.docx",2022-05-23,2023,FQ1,prepared_management,non_event,-260,1,,0,"non-candidate: 2 executive prepared turn(s) totalling 2,410 words (CFO & Treasurer; Founder, President, CEO & Chairman)",0,0,0,,0,0,1,0,"non-candidate: 2 executive prepared turn(s) totalling 2,410 words (CFO & Treasurer; Founder, President, CEO & Chairman)"
Zoom,"Zoom Communications, Inc._Earnings Call_2022-05-23T00_00_00_English.docx",2022-05-23,2023,FQ1,managerial_qa,non_event,-260,,not_applicable,0,,0,0,0,,0,0,1,0,managerial_qa eligibility is independent of prepared-context validity
Zoom,"Zoom Communications, Inc._Earnings Call_2022-08-22T00_00_00_English.docx",2022-08-22,2023,FQ2,prepared_management,pre_2,-169,1,,0,"non-candidate: 6 executive prepared turn(s) totalling 2,376 words (CFO & Treasurer; Founder, CEO & Chairman; President)",0,0,0,,0,0,1,0,"non-candidate: 6 executive prepared turn(s) totalling 2,376 words (CFO & Treasurer; Founder, CEO & Chairman; President)"
Zoom,"Zoom Communications, Inc._Earnings Call_2022-08-22T00_00_00_English.docx",2022-08-22,2023,FQ2,managerial_qa,pre_2,-169,,not_applicable,0,,0,0,0,,0,0,1,0,managerial_qa eligibility is independent of prepared-context validity
Zoom,"Zoom Communications, Inc._Earnings Call_2022-11-21T00_00_00_English.docx",2022-11-21,2023,FQ3,prepared_management,pre_1,-78,1,,0,"non-candidate: 2 executive prepared turn(s) totalling 2,036 words (CFO & Treasurer; Founder, CEO & Chairman)",0,0,0,,0,0,1,0,"non-candidate: 2 executive prepared turn(s) totalling 2,036 words (CFO & Treasurer; Founder, CEO & Chairman)"
Zoom,"Zoom Communications, Inc._Earnings Call_2022-11-21T00_00_00_English.docx",2022-11-21,2023,FQ3,managerial_qa,pre_1,-78,,not_applicable,0,,0,0,0,,0,0,1,0,managerial_qa eligibility is independent of prepared-context validity
Zoom,"Zoom Communications, Inc._Earnings Call_2023-02-27T00_00_00_English.docx",2023-02-27,2023,FQ4,prepared_management,post_1,20,1,,0,"non-candidate: 2 executive prepared turn(s) totalling 2,221 words (CFO & Treasurer; Founder, CEO & Chairman)",0,0,0,,0,0,1,0,"non-candidate: 2 executive prepared turn(s) totalling 2,221 words (CFO & Treasurer; Founder, CEO & Chairman)"
Zoom,"Zoom Communications, Inc._Earnings Call_2023-02-27T00_00_00_English.docx",2023-02-27,2023,FQ4,managerial_qa,post_1,20,,not_applicable,0,,0,0,0,,0,0,1,0,managerial_qa eligibility is independent of prepared-context validity
Zoom,"Zoom Communications, Inc._Earnings Call_2023-05-22T00_00_00_English.docx",2023-05-22,2024,FQ1,prepared_management,post_2,104,1,,0,"non-candidate: 2 executive prepared turn(s) totalling 2,176 words (CFO & Treasurer; President, CEO & Chairman)",0,0,0,,0,0,1,0,"non-candidate: 2 executive prepared turn(s) totalling 2,176 words (CFO & Treasurer; President, CEO & Chairman)"
Zoom,"Zoom Communications, Inc._Earnings Call_2023-05-22T00_00_00_English.docx",2023-05-22,2024,FQ1,managerial_qa,post_2,104,,not_applicable,0,,0,0,0,,0,0,1,0,managerial_qa eligibility is independent of prepared-context validity
Zoom,"Zoom Communications, Inc._Earnings Call_2023-08-21T00_00_00_English.docx",2023-08-21,2024,FQ2,prepared_management,non_event,195,1,,0,"non-candidate: 2 executive prepared turn(s) totalling 2,020 words (CFO & Treasurer; Founder, President, CEO & Chairman)",0,0,0,,0,0,1,0,"non-candidate: 2 executive prepared turn(s) totalling 2,020 words (CFO & Treasurer; Founder, President, CEO & Chairman)"
Zoom,"Zoom Communications, Inc._Earnings Call_2023-08-21T00_00_00_English.docx",2023-08-21,2024,FQ2,managerial_qa,non_event,195,,not_applicable,0,,0,0,0,,0,0,1,0,managerial_qa eligibility is independent of prepared-context validity
Zoom,"Zoom Communications, Inc._Earnings Call_2023-11-20T00_00_00_English.docx",2023-11-20,2024,FQ3,prepared_management,non_event,286,1,,0,"non-candidate: 2 executive prepared turn(s) totalling 1,439 words (CFO & Treasurer; Founder, President, CEO & Chairman)",0,0,0,,0,0,1,0,"non-candidate: 2 executive prepared turn(s) totalling 1,439 words (CFO & Treasurer; Founder, President, CEO & Chairman)"
Zoom,"Zoom Communications, Inc._Earnings Call_2023-11-20T00_00_00_English.docx",2023-11-20,2024,FQ3,managerial_qa,non_event,286,,not_applicable,0,,0,0,0,,0,0,1,0,managerial_qa eligibility is independent of prepared-context validity
Zoom,"Zoom Communications, Inc._Earnings Call_2024-02-26T00_00_00_English.docx",2024-02-26,2024,FQ4,prepared_management,non_event,384,1,,0,"non-candidate: 2 executive prepared turn(s) totalling 2,187 words (CFO & Treasurer; Founder, President, CEO & Chairman)",0,0,0,,0,0,1,0,"non-candidate: 2 executive prepared turn(s) totalling 2,187 words (CFO & Treasurer; Founder, President, CEO & Chairman)"
Zoom,"Zoom Communications, Inc._Earnings Call_2024-02-26T00_00_00_English.docx",2024-02-26,2024,FQ4,managerial_qa,non_event,384,,not_applicable,0,,0,0,0,,0,0,1,0,managerial_qa eligibility is independent of prepared-context validity
eBay,eBay Inc._Earnings Call_2021-04-28T00_00_00_English.docx,2021-04-28,2021,FQ1,prepared_management,non_event,-1000,1,,0,"non-candidate: 2 executive prepared turn(s) totalling 4,194 words (CEO, President & Director; Interim Chief Financial Officer)",0,0,0,,0,0,1,0,"non-candidate: 2 executive prepared turn(s) totalling 4,194 words (CEO, President & Director; Interim Chief Financial Officer)"
eBay,eBay Inc._Earnings Call_2021-04-28T00_00_00_English.docx,2021-04-28,2021,FQ1,managerial_qa,non_event,-1000,,not_applicable,0,,0,0,0,,0,0,1,0,managerial_qa eligibility is independent of prepared-context validity
eBay,eBay Inc._Earnings Call_2021-08-11T00_00_00_English.docx,2021-08-11,2021,FQ2,prepared_management,non_event,-895,1,,0,"non-candidate: 2 executive prepared turn(s) totalling 4,378 words (CEO, President & Director; Senior VP & CFO)",0,0,0,,0,0,1,0,"non-candidate: 2 executive prepared turn(s) totalling 4,378 words (CEO, President & Director; Senior VP & CFO)"
eBay,eBay Inc._Earnings Call_2021-08-11T00_00_00_English.docx,2021-08-11,2021,FQ2,managerial_qa,non_event,-895,,not_applicable,0,,0,0,0,,0,0,1,0,managerial_qa eligibility is independent of prepared-context validity
eBay,eBay Inc._Earnings Call_2021-10-27T00_00_00_English.docx,2021-10-27,2021,FQ3,prepared_management,non_event,-818,1,,0,"non-candidate: 2 executive prepared turn(s) totalling 4,383 words (CEO, President & Director; Senior VP & CFO)",0,0,0,,0,0,1,0,"non-candidate: 2 executive prepared turn(s) totalling 4,383 words (CEO, President & Director; Senior VP & CFO)"
eBay,eBay Inc._Earnings Call_2021-10-27T00_00_00_English.docx,2021-10-27,2021,FQ3,managerial_qa,non_event,-818,,not_applicable,0,,0,0,0,,0,0,1,0,managerial_qa eligibility is independent of prepared-context validity
eBay,eBay Inc._Earnings Call_2022-02-23T00_00_00_English.docx,2022-02-23,2021,FQ4,prepared_management,non_event,-699,1,,0,"non-candidate: 2 executive prepared turn(s) totalling 4,372 words (CEO, President & Director; Senior VP & CFO)",0,0,0,,0,0,1,0,"non-candidate: 2 executive prepared turn(s) totalling 4,372 words (CEO, President & Director; Senior VP & CFO)"
eBay,eBay Inc._Earnings Call_2022-02-23T00_00_00_English.docx,2022-02-23,2021,FQ4,managerial_qa,non_event,-699,,not_applicable,0,,0,0,0,,0,0,1,0,managerial_qa eligibility is independent of prepared-context validity
eBay,eBay Inc._Earnings Call_2022-05-04T00_00_00_English.docx,2022-05-04,2022,FQ1,prepared_management,non_event,-629,1,,0,"non-candidate: 2 executive prepared turn(s) totalling 4,146 words (CEO, President & Director; Senior VP & CFO)",0,0,0,,0,0,1,0,"non-candidate: 2 executive prepared turn(s) totalling 4,146 words (CEO, President & Director; Senior VP & CFO)"
eBay,eBay Inc._Earnings Call_2022-05-04T00_00_00_English.docx,2022-05-04,2022,FQ1,managerial_qa,non_event,-629,,not_applicable,0,,0,0,0,,0,0,1,0,managerial_qa eligibility is independent of prepared-context validity
eBay,eBay Inc._Earnings Call_2022-08-03T00_00_00_English.docx,2022-08-03,2022,FQ2,prepared_management,non_event,-538,1,,0,"non-candidate: 2 executive prepared turn(s) totalling 3,729 words (CEO, President & Director; Senior VP & CFO)",0,0,0,,0,0,1,0,"non-candidate: 2 executive prepared turn(s) totalling 3,729 words (CEO, President & Director; Senior VP & CFO)"
eBay,eBay Inc._Earnings Call_2022-08-03T00_00_00_English.docx,2022-08-03,2022,FQ2,managerial_qa,non_event,-538,,not_applicable,0,,0,0,0,,0,0,1,0,managerial_qa eligibility is independent of prepared-context validity
eBay,eBay Inc._Earnings Call_2022-11-02T00_00_00_English.docx,2022-11-02,2022,FQ3,prepared_management,non_event,-447,1,,0,"non-candidate: 2 executive prepared turn(s) totalling 4,275 words (CEO, President & Director; Senior VP & CFO)",0,0,0,,0,0,1,0,"non-candidate: 2 executive prepared turn(s) totalling 4,275 words (CEO, President & Director; Senior VP & CFO)"
eBay,eBay Inc._Earnings Call_2022-11-02T00_00_00_English.docx,2022-11-02,2022,FQ3,managerial_qa,non_event,-447,,not_applicable,0,,0,0,0,,0,0,1,0,managerial_qa eligibility is independent of prepared-context validity
eBay,eBay Inc._Earnings Call_2023-02-22T00_00_00_English.docx,2023-02-22,2022,FQ4,prepared_management,non_event,-335,1,,0,"non-candidate: 3 executive prepared turn(s) totalling 5,382 words (CEO, President & Director; Senior VP & CFO; Stephen J. Priest)",0,0,0,,0,0,1,0,"non-candidate: 3 executive prepared turn(s) totalling 5,382 words (CEO, President & Director; Senior VP & CFO; Stephen J. Priest)"
eBay,eBay Inc._Earnings Call_2023-02-22T00_00_00_English.docx,2023-02-22,2022,FQ4,managerial_qa,non_event,-335,,not_applicable,0,,0,0,0,,0,0,1,0,managerial_qa eligibility is independent of prepared-context validity
eBay,eBay Inc._Earnings Call_2023-04-26T00_00_00_English.docx,2023-04-26,2023,FQ1,prepared_management,non_event,-272,1,,0,"non-candidate: 3 executive prepared turn(s) totalling 4,599 words (CEO, President & Director; Senior VP & CFO; Stephen J. Priest)",0,0,0,,0,0,1,0,"non-candidate: 3 executive prepared turn(s) totalling 4,599 words (CEO, President & Director; Senior VP & CFO; Stephen J. Priest)"
eBay,eBay Inc._Earnings Call_2023-04-26T00_00_00_English.docx,2023-04-26,2023,FQ1,managerial_qa,non_event,-272,,not_applicable,0,,0,0,0,,0,0,1,0,managerial_qa eligibility is independent of prepared-context validity
eBay,eBay Inc._Earnings Call_2023-07-26T00_00_00_English.docx,2023-07-26,2023,FQ2,prepared_management,pre_2,-181,1,,0,"non-candidate: 3 executive prepared turn(s) totalling 4,926 words (CEO, President & Director; Senior VP & CFO; Stephen J. Priest)",0,0,0,,0,0,1,0,"non-candidate: 3 executive prepared turn(s) totalling 4,926 words (CEO, President & Director; Senior VP & CFO; Stephen J. Priest)"
eBay,eBay Inc._Earnings Call_2023-07-26T00_00_00_English.docx,2023-07-26,2023,FQ2,managerial_qa,pre_2,-181,,not_applicable,0,,0,0,0,,0,0,1,0,managerial_qa eligibility is independent of prepared-context validity
eBay,eBay Inc._Earnings Call_2023-11-07T00_00_00_English.docx,2023-11-07,2023,FQ3,prepared_management,pre_1,-77,1,,0,"non-candidate: 3 executive prepared turn(s) totalling 4,669 words (CEO, President & Director; Senior VP & CFO; Stephen J. Priest)",0,0,0,,0,0,1,0,"non-candidate: 3 executive prepared turn(s) totalling 4,669 words (CEO, President & Director; Senior VP & CFO; Stephen J. Priest)"
eBay,eBay Inc._Earnings Call_2023-11-07T00_00_00_English.docx,2023-11-07,2023,FQ3,managerial_qa,pre_1,-77,,not_applicable,0,,0,0,0,,0,0,1,0,managerial_qa eligibility is independent of prepared-context validity
eBay,eBay Inc._Earnings Call_2024-02-27T00_00_00_English.docx,2024-02-27,2023,FQ4,prepared_management,post_1,35,1,,0,"non-candidate: 3 executive prepared turn(s) totalling 4,750 words (CEO, President & Director; Senior VP & CFO; Stephen J. Priest)",0,0,0,,0,0,1,0,"non-candidate: 3 executive prepared turn(s) totalling 4,750 words (CEO, President & Director; Senior VP & CFO; Stephen J. Priest)"
eBay,eBay Inc._Earnings Call_2024-02-27T00_00_00_English.docx,2024-02-27,2023,FQ4,managerial_qa,post_1,35,,not_applicable,0,,0,0,0,,0,0,1,0,managerial_qa eligibility is independent of prepared-context validity
eBay,eBay Inc._Earnings Call_2024-05-01T00_00_00_English.docx,2024-05-01,2024,FQ1,prepared_management,post_2,99,1,,0,"non-candidate: 3 executive prepared turn(s) totalling 4,816 words (CEO, President & Director; Senior VP & CFO; Stephen J. Priest)",0,0,0,,0,0,1,0,"non-candidate: 3 executive prepared turn(s) totalling 4,816 words (CEO, President & Director; Senior VP & CFO; Stephen J. Priest)"
eBay,eBay Inc._Earnings Call_2024-05-01T00_00_00_English.docx,2024-05-01,2024,FQ1,managerial_qa,post_2,99,,not_applicable,0,,0,0,0,,0,0,1,0,managerial_qa eligibility is independent of prepared-context validity
eBay,eBay Inc._Earnings Call_2024-07-31T00_00_00_English.docx,2024-07-31,2024,FQ2,prepared_management,non_event,190,1,,0,"non-candidate: 3 executive prepared turn(s) totalling 4,864 words (CEO, President & Director; Senior VP & CFO; Stephen J. Priest)",0,0,0,,0,0,1,0,"non-candidate: 3 executive prepared turn(s) totalling 4,864 words (CEO, President & Director; Senior VP & CFO; Stephen J. Priest)"
eBay,eBay Inc._Earnings Call_2024-07-31T00_00_00_English.docx,2024-07-31,2024,FQ2,managerial_qa,non_event,190,,not_applicable,0,,0,0,0,,0,0,1,0,managerial_qa eligibility is independent of prepared-context validity
eBay,eBay Inc._Earnings Call_2024-10-30T00_00_00_English.docx,2024-10-30,2024,FQ3,prepared_management,non_event,281,1,,0,"non-candidate: 3 executive prepared turn(s) totalling 4,425 words (CEO, President & Director; Senior VP & CFO; Stephen J. Priest)",0,0,0,,0,0,1,0,"non-candidate: 3 executive prepared turn(s) totalling 4,425 words (CEO, President & Director; Senior VP & CFO; Stephen J. Priest)"
eBay,eBay Inc._Earnings Call_2024-10-30T00_00_00_English.docx,2024-10-30,2024,FQ3,managerial_qa,non_event,281,,not_applicable,0,,0,0,0,,0,0,1,0,managerial_qa eligibility is independent of prepared-context validity
eBay,eBay Inc._Earnings Call_2025-02-26T00_00_00_English.docx,2025-02-26,2024,FQ4,prepared_management,non_event,400,1,,0,"non-candidate: 3 executive prepared turn(s) totalling 5,019 words (CEO, President & Director; Senior VP & CFO; Stephen J. Priest)",0,0,0,,0,0,1,0,"non-candidate: 3 executive prepared turn(s) totalling 5,019 words (CEO, President & Director; Senior VP & CFO; Stephen J. Priest)"
eBay,eBay Inc._Earnings Call_2025-02-26T00_00_00_English.docx,2025-02-26,2024,FQ4,managerial_qa,non_event,400,,not_applicable,0,,0,0,0,,0,0,1,0,managerial_qa eligibility is independent of prepared-context validity
