file_name,firm,fiscal_year,fiscal_quarter,call_date,prepared_fog_index,qa_fog_index,diff_fog_index,prepared_lm_positive,qa_lm_positive,diff_lm_positive,prepared_lm_negative,qa_lm_negative,diff_lm_negative,prepared_lm_uncertainty,qa_lm_uncertainty,diff_lm_uncertainty
Alphabet Inc._Earnings Call_2021-04-27T00_00_00_English.docx,Alphabet,2021,FQ1,2021-04-27,13.924995165805854,12.418947368421051,-1.5060477973848023,0.0254741013303141,0.0216,-0.0038741013303141003,0.0050948202660628,0.0092,0.0041051797339372,0.0042456835550523,0.0024,-0.0018456835550523004
Alphabet Inc._Earnings Call_2021-07-27T00_00_00_English.docx,Alphabet,2021,FQ2,2021-07-27,13.8109745818048,12.277080062794347,-1.5338945190104525,0.0223967422920302,0.0194662480376766,-0.0029304942543535994,0.0055264688772542,0.0062794348508634,0.0007529659736091997,0.0049447353112274,0.0050235478806907,7.881256946329959e-05
Alphabet Inc._Earnings Call_2021-10-26T00_00_00_English.docx,Alphabet,2021,FQ3,2021-10-26,13.857864114459847,12.66554839979113,-1.1923157146687178,0.0186007773459189,0.0191994793361535,0.0005987019902345993,0.0044419766796224,0.0074845427920598,0.0030425661124373997,0.004164353137146,0.0022779043280182,-0.0018864488091278001
Alphabet Inc._Earnings Call_2022-02-01T00_00_00_English.docx,Alphabet,2021,FQ4,2022-02-01,14.105113330265874,13.17750557897347,-0.9276077512924044,0.0235053653551354,0.0218999704054453,-0.0016053949496901004,0.0043433827286663,0.0062148564664101,0.0018714737377438003,0.00408788962698,0.0035513465522343,-0.0005365430747457001
Alphabet Inc._Earnings Call_2022-04-26T00_00_00_English.docx,Alphabet,2022,FQ1,2022-04-26,14.306973441473575,12.006929214322213,-2.3000442271513624,0.0230057514378594,0.0207522697795071,-0.002253481658352298,0.0055013753438359,0.0108084738434932,0.0053070984996573,0.0042510627656914,0.0021616947686986,-0.0020893679969928
Alphabet Inc._Earnings Call_2022-07-26T00_00_00_English.docx,Alphabet,2022,FQ2,2022-07-26,13.458772602876673,13.242969833203205,-0.21580276967346812,0.0204191295002686,0.0243623905595736,0.003943261059305002,0.0064481461579795,0.00685192234488,0.00040377618690050007,0.0048361096184846,0.0076132470498667,0.0027771374313821
Alphabet Inc._Earnings Call_2022-10-25T00_00_00_English.docx,Alphabet,2022,FQ3,2022-10-25,14.243538364712975,13.25801832181195,-0.985520042901026,0.0178704393149664,0.0223823975720789,0.004511958257112501,0.0079424174733184,0.0083459787556904,0.00040356128237199924,0.003723008190618,0.0034142640364188,-0.00030874415419919997
Alphabet Inc._Earnings Call_2023-02-02T00_00_00_English.docx,Alphabet,2022,FQ4,2023-02-02,14.790007806401247,14.199546432517298,-0.590461373883949,0.029047619047619,0.025716694772344,-0.0033309242752749997,0.0061904761904761,0.0071669477234401,0.0009764715329640006,0.0035714285714285,0.0004215851602023,-0.0031498434112262
Alphabet Inc._Earnings Call_2023-04-25T00_00_00_English.docx,Alphabet,2023,FQ1,2023-04-25,14.859492040267815,13.196115044117615,-1.6633769961502,0.0276774969915764,0.0250584697627798,-0.002619027228796599,0.0038507821901323,0.0066822586034079,0.0028314764132756,0.003610108303249,0.0043434680922151,0.0007333597889660998
Alphabet Inc._Earnings Call_2023-07-25T00_00_00_English.docx,Alphabet,2023,FQ2,2023-07-25,14.08400516228239,12.905300095677513,-1.178705066604877,0.0310251798561151,0.0255121762659451,-0.005513003590169999,0.0031474820143884,0.0050251256281407,0.0018776436137523003,0.0033723021582733,0.0019327406262079,-0.0014395615320654
Alphabet Inc._Earnings Call_2023-10-24T00_00_00_English.docx,Alphabet,2023,FQ3,2023-10-24,14.885605726687906,12.886742370571287,-1.998863356116619,0.0273736128236744,0.0295629820051413,0.002189369181466897,0.0036991368680641,0.0068551842330762,0.0031560473650121,0.0034525277435265,0.0055698371893744,0.0021173094458479
Alphabet Inc._Earnings Call_2024-01-30T00_00_00_English.docx,Alphabet,2023,FQ4,2024-01-30,14.38399920886076,13.340176939387296,-1.0438222694734645,0.0296892980437284,0.0293417922283901,-0.0003475058153382983,0.0029919447640966,0.0063441712926249,0.0033522265285283,0.0025316455696202,0.0027755749405233,0.00024392937090310027
Alphabet Inc._Earnings Call_2024-04-25T00_00_00_English.docx,Alphabet,2024,FQ1,2024-04-25,14.611760793429198,13.37710371819961,-1.2346570752295882,0.0303563572371315,0.028681506849315,-0.0016748503878164997,0.0035195776506819,0.0089897260273972,0.005470148376715301,0.0037395512538495,0.0038527397260273,0.00011318847217780008
Alphabet Inc._Earnings Call_2024-07-23T00_00_00_English.docx,Alphabet,2024,FQ2,2024-07-23,14.277185364244083,12.69211596823142,-1.5850693960126634,0.0285973672265093,0.0267105744603,-0.0018867927662092991,0.004312301407172,0.0058543724844493,0.0015420710772773,0.0031774852473899,0.004756677643615,0.0015791923962250997
Alphabet Inc._Earnings Call_2024-10-29T00_00_00_English.docx,Alphabet,2024,FQ3,2024-10-29,15.02385542973578,11.988476315369468,-3.0353791143663127,0.0259795570698466,0.0250873293108923,-0.0008922277589543011,0.0036201022146507,0.0053985392187996,0.0017784370041488999,0.0040459965928449,0.0044458558272467,0.00039985923440179986
Alphabet Inc._Earnings Call_2025-02-04T00_00_00_English.docx,Alphabet,2024,FQ4,2025-02-04,14.625641025641029,12.227816146701596,-2.397824878939433,0.0248487467588591,0.0282805429864253,0.003431796227566203,0.0049697493517718,0.004524886877828,-0.00044486247394379987,0.0056179775280898,0.0026395173453996,-0.0029784601826902
"Amazon.com, Inc._Earnings Call_2021-04-29T00_00_00_English.docx",Amazon,2021,FQ1,2021-04-29,16.52768237395247,12.6773456680306,-3.850336705921869,0.0191235059760956,0.0264187866927592,0.007295280716663601,0.0039840637450199,0.0052185257664709,0.0012344620214509994,0.0159362549800796,0.0035877364644487,-0.012348518515630902
"Amazon.com, Inc._Earnings Call_2021-07-29T00_00_00_English.docx",Amazon,2021,FQ2,2021-07-29,15.621719038817004,11.21103033692157,-4.410688701895433,0.0117067159581022,0.0202572347266881,0.008550518768585902,0.0061614294516327,0.0067524115755627,0.0005909821239299994,0.0129390018484288,0.0057877813504823,-0.0071512204979465
"Amazon.com, Inc._Earnings Call_2021-10-28T00_00_00_English.docx",Amazon,2021,FQ3,2021-10-28,17.23543448521977,11.178928493309392,-6.056505991910377,0.0116279069767441,0.0183231538034425,0.006695246826698399,0.0106167846309403,0.0052748473070516,-0.0053419373238887,0.0111223458038422,0.0033314825097168,-0.0077908632941254
"Amazon.com, Inc._Earnings Call_2022-02-03T00_00_00_English.docx",Amazon,2021,FQ4,2022-02-03,16.836328510139367,12.096982515915286,-4.739345994224081,0.0190263010632344,0.0247211335544166,0.0056948324911821994,0.0095131505316172,0.0072354537232438,-0.0022776968083733995,0.0111919418019026,0.0039192041000904,-0.0072727377018122
"Amazon.com, Inc._Earnings Call_2022-04-28T00_00_00_English.docx",Amazon,2022,FQ1,2022-04-28,15.370534009709267,12.279441787622003,-3.091092222087264,0.0105820105820105,0.0114942528735632,0.0009122422915526993,0.0111111111111111,0.0091954022988505,-0.0019157088122605994,0.0169312169312169,0.0080459770114942,-0.0088852399197227
"Amazon.com, Inc._Earnings Call_2022-07-28T00_00_00_English.docx",Amazon,2022,FQ2,2022-07-28,15.118892879040027,12.489116659573464,-2.6297762194665637,0.0209227467811158,0.0241641840450182,0.0032414372639023997,0.0107296137339055,0.0092684541542535,-0.001461159579652,0.015557939914163,0.005627275736511,-0.009930664177652
"Amazon.com, Inc._Earnings Call_2022-10-27T00_00_00_English.docx",Amazon,2022,FQ3,2022-10-27,16.803793672214727,11.076424292624916,-5.7273693795898115,0.021082621082621,0.0203832042397064,-0.0006994168429146005,0.0085470085470085,0.0089686098654708,0.00042160131846230055,0.0159544159544159,0.0044843049327354,-0.0114701110216805
"Amazon.com, Inc._Earnings Call_2023-02-02T00_00_00_English.docx",Amazon,2022,FQ4,2023-02-02,16.672896902416756,13.383411029955203,-3.2894858724615528,0.0131509731720147,0.0120481927710843,-0.0011027804009303994,0.0115728563913729,0.0070470561491248,-0.004525800242248101,0.0163072067332982,0.0065924073653102,-0.009714799367988
"Amazon.com, Inc._Earnings Call_2023-04-27T00_00_00_English.docx",Amazon,2023,FQ1,2023-04-27,16.996693603413267,13.800331138287866,-3.1963624651254,0.0177815410668924,0.016698024459078,-0.0010835166078143992,0.0101608806096528,0.0054092191909689,-0.004751661418683899,0.0139712108382726,0.0058795860771401,-0.0080916247611325
"Amazon.com, Inc._Earnings Call_2023-08-03T00_00_00_English.docx",Amazon,2023,FQ2,2023-08-03,16.55046694161706,12.858552873986737,-3.6919140676303233,0.0301700493691716,0.0158437730287398,-0.0143262763404318,0.0052111903455842,0.0040530582166543,-0.0011581321289298998,0.0076796489303346,0.0040530582166543,-0.0036265907136802996
"Amazon.com, Inc._Earnings Call_2023-10-26T00_00_00_English.docx",Amazon,2023,FQ3,2023-10-26,17.786372523827918,13.99060512383186,-3.7957673999960573,0.0269837029121025,0.0157232704402515,-0.011260432471851,0.0045418113812449,0.0049790356394129,0.00043722425816799994,0.0072134651349185,0.0052410901467505,-0.0019723749881679995
"Amazon.com, Inc._Earnings Call_2024-02-01T00_00_00_English.docx",Amazon,2023,FQ4,2024-02-01,17.018593492277706,13.422627357780597,-3.5959661344971092,0.0280701754385964,0.0191291215706015,-0.008941053867994903,0.0064777327935222,0.0030203876164107,-0.0034573451771115,0.0072874493927125,0.0072992700729927,1.182068028019942e-05
"Amazon.com, Inc._Earnings Call_2024-04-30T00_00_00_English.docx",Amazon,2024,FQ1,2024-04-30,16.69672656759138,12.741492363877825,-3.9552342037135553,0.0236425045466354,0.0180610889774236,-0.0055814155692117985,0.0067550012990387,0.0034528552456839,-0.0033021460533548,0.0075344245258508,0.0050464807436918,-0.002487943782159
"Amazon.com, Inc._Earnings Call_2024-08-01T00_00_00_English.docx",Amazon,2024,FQ2,2024-08-01,16.42734820965231,13.859517299338329,-2.5678309103139796,0.0192907801418439,0.0146972369194591,-0.004593543222384802,0.0059574468085106,0.0055849500293944,-0.0003724967791162003,0.0085106382978723,0.0047031158142269,-0.0038075224836454005
"Amazon.com, Inc._Earnings Call_2024-10-31T00_00_00_English.docx",Amazon,2024,FQ3,2024-10-31,17.284470134874763,12.831674591160915,-4.452795543713847,0.0257225433526011,0.021752641392169,-0.003969901960432103,0.0043352601156069,0.0046612802983219,0.00032602018271499916,0.0080924855491329,0.0080795525170913,-1.293303204159997e-05
"Amazon.com, Inc._Earnings Call_2025-02-06T00_00_00_English.docx",Amazon,2024,FQ4,2025-02-06,16.978553338154512,15.747785661854662,-1.23076767629985,0.0209259743656814,0.02,-0.0009259743656813979,0.0041851948731362,0.0044776119402985,0.0002924170671622997,0.0091551137849856,0.006865671641791,-0.0022894421431946003
"Block, Inc._Earnings Call_2021-05-06T00_00_00_English.docx",Block,2021,FQ1,2021-05-06,14.265654648956357,13.2812523922013,-0.9844022567550574,0.0240896358543417,0.0177549812586308,-0.006334654595710899,0.0072829131652661,0.0055237719471296,-0.0017591412181364998,0.011204481792717,0.0047346616689682,-0.0064698201237488005
"Block, Inc._Earnings Call_2021-08-02T00_00_00_English.docx",Block,2021,FQ2,2021-08-02,15.686231641202562,14.539110310670871,-1.1471213305316912,0.0231641202562838,0.0184601530841963,-0.0047039671720875,0.0064070970921636,0.0036019810895992,-0.0028051160025644,0.0113356333169048,0.0040522287257991,-0.0072834045911057
"Block, Inc._Earnings Call_2021-11-04T00_00_00_English.docx",Block,2021,FQ3,2021-11-04,15.21758241758242,15.186205735450924,-0.031376682131496025,0.0241025641025641,0.0189320388349514,-0.005170525267612698,0.0056410256410256,0.0029126213592233,-0.0027284042818022996,0.0102564102564102,0.003883495145631,-0.006372915110779199
"Block, Inc._Earnings Call_2022-02-24T00_00_00_English.docx",Block,2021,FQ4,2022-02-24,15.453705776782698,14.705401412583734,-0.7483043641989635,0.0177514792899408,0.0231990231990232,0.005447543909082399,0.0065746219592373,0.0041514041514041,-0.0024232178078331997,0.0108481262327416,0.0043956043956043,-0.0064525218371373
"Block, Inc._Earnings Call_2022-05-05T00_00_00_English.docx",Block,2022,FQ1,2022-05-05,14.165740209626115,13.30303334294377,-0.8627068666823448,0.0132450331125827,0.0154267230654391,0.0021816899528564002,0.0041390728476821,0.0039810898233391,-0.0001579830243429994,0.0091059602649006,0.0019905449116695,-0.007115415353231099
"Block, Inc._Earnings Call_2022-08-04T00_00_00_English.docx",Block,2022,FQ2,2022-08-04,14.7158606432372,15.727422273525567,1.0115616302883677,0.0164198325820991,0.0193301865587772,0.0029103539766781004,0.0051513200257566,0.0042706226118228,-0.0008806974139338002,0.0112685125563425,0.0074173971679028,-0.0038511153884396992
"Block, Inc._Earnings Call_2022-11-03T00_00_00_English.docx",Block,2022,FQ3,2022-11-03,15.213248835597,16.065114881803304,0.8518660462063039,0.0142054839775355,0.0181451612903225,0.0039396773127869985,0.005616121572514,0.0031362007168458,-0.0024799208556681995,0.0079286422200198,0.0047043010752688,-0.0032243411447510006
"Block, Inc._Earnings Call_2023-02-23T00_00_00_English.docx",Block,2022,FQ4,2023-02-23,15.769034608378872,13.698781986068724,-2.0702526223101483,0.0265938069216757,0.0151898734177215,-0.0114039335039542,0.0051001821493624,0.0052934407364787,0.0001932585871163,0.0072859744990892,0.0039125431530494,-0.0033734313460398006
"Block, Inc._Earnings Call_2023-05-04T00_00_00_English.docx",Block,2023,FQ1,2023-05-04,15.206492735212386,14.461618939761635,-0.7448737954507507,0.0146883684001587,0.0151755379388448,0.00048716953868610004,0.0079396585946804,0.0058890147225368,-0.002050643872143599,0.0039698292973402,0.0054360135900339,0.0014661842926937006
"Block, Inc._Earnings Call_2023-08-03T00_00_00_English.docx",Block,2023,FQ2,2023-08-03,15.195881703367576,14.29282168766705,-0.9030600157005253,0.0241362991008045,0.0175257731958762,-0.0066105259049283015,0.0037860861334595,0.0059793814432989,0.0021932953098394,0.003312825366777,0.005360824742268,0.002047999375491
"Block, Inc._Earnings Call_2023-11-02T00_00_00_English.docx",Block,2023,FQ3,2023-11-02,14.681294078840589,14.340226139560848,-0.3410679392797409,0.0269172168613509,0.0183615819209039,-0.008555634940447001,0.0055865921787709,0.0054479418886198,-0.0001386502901510999,0.005078720162519,0.006456820016142,0.0013780998536230002
"Block, Inc._Earnings Call_2024-02-22T00_00_00_English.docx",Block,2023,FQ4,2024-02-22,15.241708005057877,13.935162157260391,-1.3065458477974854,0.0255033557046979,0.0180128934395146,-0.007490462265183299,0.0093959731543624,0.0032233598786499,-0.0061726132757125,0.0020134228187919,0.0026545316647705,0.0006411088459785997
"Block, Inc._Earnings Call_2024-05-02T00_00_00_English.docx",Block,2024,FQ1,2024-05-02,14.774811307808427,13.192498838943074,-1.5823124688653536,0.0268972142170989,0.0197807435653002,-0.0071164706517987016,0.0192122958693563,0.0052430886558627,-0.013969207213493599,0.0038424591738712,0.0023832221163012,-0.00145923705757
"Block, Inc._Earnings Call_2024-08-01T00_00_00_English.docx",Block,2024,FQ2,2024-08-01,14.558487775569626,13.371881884252463,-1.1866058913171624,0.0320284697508896,0.0210454854039375,-0.010982984346952097,0.0042704626334519,0.0029418420457116,-0.0013286205877403004,0.0064056939501779,0.0047522063815342,-0.0016534875686437002
"Block, Inc._Earnings Call_2024-11-07T00_00_00_English.docx",Block,2024,FQ3,2024-11-07,13.57078870496592,14.801171505493706,1.230382800527785,0.0253164556962025,0.0216110019646365,-0.0037054537315659997,0.0033755274261603,0.0025540275049115,-0.0008214999212487997,0.0084388185654008,0.0039292730844793,-0.0045095454809215
"Block, Inc._Earnings Call_2025-02-20T00_00_00_English.docx",Block,2024,FQ4,2025-02-20,14.57595110500908,14.203350099715855,-0.37260100529322493,0.0237388724035608,0.0188312948941953,-0.004907577509365501,0.0044510385756676,0.0044651523975927,1.4113821925100523e-05,0.008160237388724,0.005824111822947,-0.0023361255657769996
"Cisco Systems, Inc._Earnings Call_2020-11-12T00_00_00_English.docx",Cisco,2021,FQ1,2020-11-12,15.72803103290908,10.929577464788734,-4.798453568120346,0.0292682926829268,0.0178861788617886,-0.011382113821138198,0.0052532833020637,0.0037940379403794,-0.0014592453616842998,0.0041275797373358,0.0037940379403794,-0.0003335417969564003
"Cisco Systems, Inc._Earnings Call_2021-02-09T00_00_00_English.docx",Cisco,2021,FQ2,2021-02-09,17.054330979952464,11.240350877192984,-5.81398010275948,0.0321881770349736,0.0116921768707483,-0.0204960001642253,0.0055710306406685,0.0074404761904761,0.0018694455498075996,0.0055710306406685,0.0059523809523809,0.00038135031171239973
"Cisco Systems, Inc._Earnings Call_2021-05-19T00_00_00_English.docx",Cisco,2021,FQ3,2021-05-19,16.668766694298608,10.34918710918711,-6.319579585111498,0.0331306990881459,0.012291280148423,-0.020839418939722902,0.0085106382978723,0.0092764378478664,0.0007657995499940999,0.0051671732522796,0.0060296846011131,0.0008625113488335001
"Cisco Systems, Inc._Earnings Call_2021-08-18T00_00_00_English.docx",Cisco,2021,FQ4,2021-08-18,15.842505807898744,11.00929532870218,-4.833210479196564,0.030441400304414,0.0125307675095099,-0.017910632794904104,0.0051750380517503,0.0062653837547549,0.0010903457030046002,0.0054794520547945,0.0071604385768628,0.0016809865220682998
"Cisco Systems, Inc._Earnings Call_2021-11-17T00_00_00_English.docx",Cisco,2022,FQ1,2021-11-17,15.83985875814244,10.282922083911473,-5.556936674230968,0.031554212823095,0.0166085708427311,-0.0149456419803639,0.0036925142665323,0.0112774246462989,0.007584910379766599,0.0080563947633434,0.0024605290137379,-0.0055958657496055
"Cisco Systems, Inc._Earnings Call_2022-02-16T00_00_00_English.docx",Cisco,2022,FQ2,2022-02-16,15.8315510624767,10.701940831380444,-5.129610231096256,0.0275322909585316,0.0141394441735738,-0.013392846784957798,0.0071380013596193,0.0065821550463188,-0.0005558463133005006,0.0061182868796736,0.0058508044856167,-0.00026748239405690027
"Cisco Systems, Inc._Earnings Call_2022-05-18T00_00_00_English.docx",Cisco,2022,FQ3,2022-05-18,14.555703010407209,9.918667484385535,-4.637035526021673,0.0229126213592233,0.0082272282076395,-0.0146853931515838,0.0108737864077669,0.0137120470127326,0.0028382606049656995,0.0104854368932038,0.0068560235063663,-0.0036294133868375
"Cisco Systems, Inc._Earnings Call_2022-08-17T00_00_00_English.docx",Cisco,2022,FQ4,2022-08-17,15.585387128480416,10.385676520067292,-5.199710608413124,0.0260924237661112,0.0147523709167544,-0.011340052849356798,0.0066016975793775,0.0077976817702845,0.001195984190907,0.0040867651681861,0.0065331928345626,0.0024464276663765
"Cisco Systems, Inc._Earnings Call_2022-11-16T00_00_00_English.docx",Cisco,2023,FQ1,2022-11-16,15.038614416175877,10.152129203433098,-4.8864852127427785,0.0255370895824888,0.0162006793833289,-0.0093364101991599,0.0089177138224564,0.0067938332897831,-0.0021238805326733003,0.0064856100526955,0.0044421217663966,-0.0020434882862989
"Cisco Systems, Inc._Earnings Call_2023-02-15T00_00_00_English.docx",Cisco,2023,FQ2,2023-02-15,15.073259404218309,11.099707880428184,-3.9735515237901247,0.0285388127853881,0.0146273508242396,-0.0139114619611485,0.0057077625570776,0.0058045042953331,9.674173825550015e-05,0.0045662100456621,0.0069654051543998,0.0023991951087377
"Cisco Systems, Inc._Earnings Call_2023-05-17T00_00_00_English.docx",Cisco,2023,FQ3,2023-05-17,14.692952007882822,11.422945456110895,-3.2700065517719263,0.0303766707168894,0.0134207240948813,-0.0169559466220081,0.0040502227622519,0.0043695380774032,0.0003193153151513006,0.0060753341433778,0.0053058676654182,-0.0007694664779595997
"Cisco Systems, Inc._Earnings Call_2023-08-16T00_00_00_English.docx",Cisco,2023,FQ4,2023-08-16,14.858335441436886,10.780921883074528,-4.077413558362357,0.0288135593220339,0.0143212951432129,-0.014492264178821,0.0038135593220338,0.0066417600664176,0.0028282007443837997,0.0046610169491525,0.0037359900373599,-0.0009250269117926
"Cisco Systems, Inc._Earnings Call_2023-11-15T00_00_00_English.docx",Cisco,2024,FQ1,2023-11-15,15.331565946632782,10.622214048701004,-4.7093518979317786,0.0249894112664125,0.0102076733544526,-0.0147817379119599,0.0072003388394747,0.0077437521999296,0.0005434133604548998,0.0059296908089792,0.0073917634635691,0.0014620726545898997
"Cisco Systems, Inc._Earnings Call_2024-02-14T00_00_00_English.docx",Cisco,2024,FQ2,2024-02-14,16.579163711960046,11.239628315441482,-5.3395353965185635,0.0230648944487881,0.0086932136848008,-0.0143716807639873,0.0093823299452697,0.008412787436904,-0.0009695425083656988,0.0074276778733385,0.0075715086932136,0.0001438308198750994
"Cisco Systems, Inc._Earnings Call_2024-05-15T00_00_00_English.docx",Cisco,2024,FQ3,2024-05-15,15.416026596354463,11.129093279956436,-4.286933316398027,0.0222222222222222,0.0145316342499441,-0.007690587972278099,0.004735883424408,0.0044712720769058,-0.0002646113475021994,0.0058287795992714,0.0044712720769058,-0.0013575075223655995
"Cisco Systems, Inc._Earnings Call_2024-08-14T00_00_00_English.docx",Cisco,2024,FQ4,2024-08-14,14.974299602953728,11.465625220488512,-3.508674382465216,0.0267727930535455,0.0118647862099843,-0.014908006843561201,0.0050651230101302,0.0053727333781061,0.0003076103679758996,0.0065123010130246,0.0040295500335795,-0.0024827509794451003
"Coinbase Global, Inc._Earnings Call_2021-11-09T00_00_00_English.docx",Coinbase,2021,FQ3,2021-11-09,12.79824223687025,12.285115192078043,-0.5131270447922063,0.0130568356374807,0.0137758296806512,0.0007189940431705007,0.009984639016897,0.0108015028177833,0.000816863800886301,0.0138248847926267,0.0076706324358171,-0.0061542523568096
"Coinbase Global, Inc._Earnings Call_2022-02-24T00_00_00_English.docx",Coinbase,2021,FQ4,2022-02-24,12.257080998471729,11.853544219543847,-0.4035367789278812,0.0163015792154865,0.0157266811279826,-0.0005748980875039007,0.0071319409067753,0.0088575560375994,0.0017256151308241005,0.0122261844116148,0.0056037599421547,-0.006622424469460101
"Coinbase Global, Inc._Earnings Call_2022-05-10T00_00_00_English.docx",Coinbase,2022,FQ1,2022-05-10,13.03166159583865,12.06825980061844,-0.963401795220209,0.0173062452972159,0.0129356262364936,-0.0043706190607223,0.0127915726109857,0.0077613757418962,-0.005030196869089501,0.019563581640331,0.0070004565515142,-0.012563125088816799
"Coinbase Global, Inc._Earnings Call_2022-08-09T00_00_00_English.docx",Coinbase,2022,FQ2,2022-08-09,13.491002528998113,12.322839453227994,-1.168163075770119,0.017532252729077,0.0126924677486475,-0.004839784980429498,0.0105855110817069,0.0114440282979608,0.0008585172162538998,0.0129010916308303,0.0081148564294631,-0.004786235201367199
"Coinbase Global, Inc._Earnings Call_2022-11-03T00_00_00_English.docx",Coinbase,2022,FQ3,2022-11-03,13.714978783375972,12.446294096429945,-1.2686846869460275,0.0217681030653043,0.0159723365717108,-0.0057957664935935,0.0106619280319857,0.0103737856084307,-0.000288142423555,0.0088849400266548,0.0082331631812942,-0.0006517768453606007
"Coinbase Global, Inc._Earnings Call_2023-02-21T00_00_00_English.docx",Coinbase,2022,FQ4,2023-02-21,13.149348009084989,12.515950115225955,-0.6333978938590334,0.0137863121614967,0.016164438235881,0.0023781260743842986,0.0123092072870507,0.0087806824985032,-0.0035285247885474998,0.0128015755785327,0.0089802434643783,-0.0038213321141543997
"Coinbase Global, Inc._Earnings Call_2023-05-04T00_00_00_English.docx",Coinbase,2023,FQ1,2023-05-04,13.462525061312796,12.143892250072026,-1.3186328112407697,0.0189673340358271,0.0159527972027972,-0.0030145368330299002,0.0147523709167544,0.0093968531468531,-0.005355517769901301,0.0115911485774499,0.0076486013986013,-0.003942547178848599
"Coinbase Global, Inc._Earnings Call_2023-08-03T00_00_00_English.docx",Coinbase,2023,FQ2,2023-08-03,13.338305055992272,11.532722141802283,-1.8055829141899888,0.0163302336130641,0.0098039215686274,-0.0065263120444366985,0.0102063960081651,0.0072621641249092,-0.0029442318832559,0.0056702200045361,0.0072621641249092,0.0015919441203731
"Coinbase Global, Inc._Earnings Call_2023-11-02T00_00_00_English.docx",Coinbase,2023,FQ3,2023-11-02,15.60885311578634,13.174346329964507,-2.434506785821833,0.0250957039557635,0.0165822201750345,-0.008513483780729001,0.0080816673755848,0.0117457392906494,0.0036640719150646,0.0085070182900893,0.0087517273146015,0.0002447090245122005
"Coinbase Global, Inc._Earnings Call_2024-02-15T00_00_00_English.docx",Coinbase,2023,FQ4,2024-02-15,13.123335677999217,11.511064627752388,-1.6122710502468287,0.0164126611957796,0.0212875096178507,0.004874848422071101,0.0117233294255568,0.0107719928186714,-0.0009513366068853984,0.0070339976553341,0.0051295203898435,-0.0019044772654906
"Coinbase Global, Inc._Earnings Call_2024-05-02T00_00_00_English.docx",Coinbase,2024,FQ1,2024-05-02,14.174120956399442,12.246153846153849,-1.9279671102455929,0.020042194092827,0.0159235668789808,-0.004118627213846197,0.0079113924050632,0.0079617834394904,5.0391034427201e-05,0.0094936708860759,0.0082271762208067,-0.001266494665269199
"Coinbase Global, Inc._Earnings Call_2024-08-01T00_00_00_English.docx",Coinbase,2024,FQ2,2024-08-01,15.440134473105378,11.92433213220676,-3.5158023408986168,0.0263947210557888,0.0132538104705102,-0.0131409105852786,0.0131973605278944,0.0070686989176054,-0.006128661610289,0.0113977204559088,0.0055224210293792,-0.0058752994265296
"Coinbase Global, Inc._Earnings Call_2024-10-30T00_00_00_English.docx",Coinbase,2024,FQ3,2024-10-30,12.612291577915675,11.801180124223604,-0.8111114536920709,0.014114759128567,0.0178571428571428,0.0037423837285758006,0.0042957962565204,0.0078781512605042,0.0035823550039838,0.0049094814360233,0.0055147058823529,0.0006052244463295997
"Coinbase Global, Inc._Earnings Call_2025-02-13T00_00_00_English.docx",Coinbase,2024,FQ4,2025-02-13,12.847341085391026,11.564181753638625,-1.283159331752401,0.0225921521997621,0.0153753993610223,-0.0072167528387398,0.0039635354736424,0.0063897763578274,0.002426240884185,0.0063416567578279,0.0119808306709265,0.0056391739130986
Dell Technologies Inc._Earnings Call_2020-05-28T00_00_00_English.docx,Dell,2021,FQ1,2020-05-28,15.248180169144147,12.609830190042633,-2.6383499791015144,0.0211453744493392,0.0103692463328275,-0.010776128116511699,0.0076358296622613,0.0055639858371269,-0.0020718438251343995,0.0073421439060205,0.0063227111785533,-0.0010194327274672
Dell Technologies Inc._Earnings Call_2020-08-27T00_00_00_English.docx,Dell,2021,FQ2,2020-08-27,16.290145205422277,12.161907242231218,-4.12823796319106,0.0236730625467231,0.0161066370452652,-0.007566425501457898,0.0052329927734861,0.0091641210774784,0.003931128303992299,0.0062297533017692,0.0080533185226326,0.0018235652208634006
Dell Technologies Inc._Earnings Call_2020-11-24T00_00_00_English.docx,Dell,2021,FQ3,2020-11-24,16.51352149297797,10.7415849096094,-5.771936583368568,0.0325047801147227,0.0124793972215681,-0.0200253828931546,0.0046435400163889,0.0065928890981869,0.0019493490817980002,0.0087407812073204,0.0058865081233812,-0.0028542730839392003
Dell Technologies Inc._Earnings Call_2021-02-25T00_00_00_English.docx,Dell,2021,FQ4,2021-02-25,15.128032436501003,10.34000757751022,-4.788024858990784,0.0299086125726945,0.0180074836295603,-0.0119011289431342,0.0044309055663251,0.0065481758652946,0.0021172702989694994,0.0072002215452783,0.0063143124415341,-0.0008859091037441997
Dell Technologies Inc._Earnings Call_2021-05-27T00_00_00_English.docx,Dell,2022,FQ1,2021-05-27,16.159428571428574,12.084668068932434,-4.07476050249614,0.0308381655245123,0.0212553968781135,-0.009582768646398798,0.0023721665788086,0.0029890401859847,0.0006168736071760998,0.0063257775434897,0.0059780803719694,-0.0003476971715202998
Dell Technologies Inc._Earnings Call_2021-08-26T00_00_00_English.docx,Dell,2022,FQ2,2021-08-26,16.5291873379637,10.52725804684679,-6.001929291116912,0.0307788944723618,0.0148592283628779,-0.0159196661094839,0.0043969849246231,0.0088633993743482,0.004466414449725099,0.0069095477386934,0.0067778936392075,-0.0001316540994858997
Dell Technologies Inc._Earnings Call_2021-11-23T00_00_00_English.docx,Dell,2022,FQ3,2021-11-23,16.53638408418707,12.112611663369956,-4.423772420817114,0.0322029068110572,0.0116378086857791,-0.020565098125278097,0.0045597036192647,0.0096508657394266,0.005091162120161899,0.006554573952693,0.0056769798467215,-0.0008775941059715004
Dell Technologies Inc._Earnings Call_2022-02-24T00_00_00_English.docx,Dell,2022,FQ4,2022-02-24,15.760293887180351,12.310130797304138,-3.450163089876213,0.0168092008257151,0.0103359173126615,-0.006473283513053601,0.0061928634621055,0.0074935400516795,0.0013006765895739996,0.0073724565025066,0.0155038759689922,0.0081314194664856
Dell Technologies Inc._Earnings Call_2022-05-26T00_00_00_English.docx,Dell,2023,FQ1,2022-05-26,15.401820244824645,10.873146846806003,-4.5286733980186415,0.0195907705703091,0.0125912408759124,-0.006999529694396699,0.0074009577710056,0.0091240875912408,0.0017231298202352004,0.0091423595994775,0.0071167883211678,-0.0020255712783097003
Dell Technologies Inc._Earnings Call_2022-08-25T00_00_00_English.docx,Dell,2023,FQ2,2022-08-25,15.109989145258703,12.63702636968766,-2.472962775571043,0.0233446519524618,0.0141935483870967,-0.009151103565365101,0.0106112054329371,0.0097695852534562,-0.0008416201794809001,0.0097623089983022,0.0075576036866359,-0.002204705311666301
Dell Technologies Inc._Earnings Call_2022-11-21T00_00_00_English.docx,Dell,2023,FQ3,2022-11-21,15.510399066126896,11.605359406119865,-3.9050396600070307,0.0195903829029385,0.0133333333333333,-0.006257049569605202,0.0093499554764024,0.0091005291005291,-0.0002494263758733,0.0097951914514692,0.0078306878306878,-0.0019645036207814014
Dell Technologies Inc._Earnings Call_2023-03-02T00_00_00_English.docx,Dell,2023,FQ4,2023-03-02,16.242584045201358,11.371817763460657,-4.870766281740702,0.0202171471359041,0.0147058823529411,-0.005511264782962998,0.0104829651815799,0.0127635960044395,0.0022806308228595987,0.0082366154998128,0.0066592674805771,-0.0015773480192357
Dell Technologies Inc._Earnings Call_2023-06-01T00_00_00_English.docx,Dell,2024,FQ1,2023-06-01,15.762835796214729,11.7505814432666,-4.012254352948128,0.0187835420393559,0.0208283457026574,0.0020448036633014983,0.007602862254025,0.0081398132631074,0.0005369510090823997,0.0116279069767441,0.005027531721331,-0.006600375255413099
Dell Technologies Inc._Earnings Call_2023-08-31T00_00_00_English.docx,Dell,2024,FQ2,2023-08-31,15.691232860746428,11.411072652560144,-4.280160208186285,0.0277516462841015,0.0188340807174887,-0.0089175655666128,0.0042333019755409,0.0071748878923766,0.0029415859168357003,0.0079962370649106,0.0067264573991031,-0.001269779665807499
Dell Technologies Inc._Earnings Call_2023-11-30T00_00_00_English.docx,Dell,2024,FQ3,2023-11-30,15.372812379471956,9.818680308134512,-5.554132071337444,0.0268891979601298,0.0222875336762184,-0.0046016642839114,0.005099675475197,0.0100416360519226,0.004941960576725599,0.0060268891979601,0.0083272103845211,0.0023003211865610003
Dell Technologies Inc._Earnings Call_2024-02-29T00_00_00_English.docx,Dell,2024,FQ4,2024-02-29,14.804136640230467,12.051991486774098,-2.75214515345637,0.0258496888463379,0.0229654403567447,-0.0028842484895932018,0.0081378650071804,0.0055741360089186,-0.0025637289982618,0.0086165629487793,0.0082497212931995,-0.0003668416555798002
"DocuSign, Inc._Earnings Call_2020-06-04T00_00_00_English.docx",DocuSign,2021,FQ1,2020-06-04,14.995447499388105,12.889908392845564,-2.1055391065425404,0.0114739629302736,0.0131401617250673,0.0016661987947937003,0.0022065313327449,0.0042115902964959,0.002005058963751,0.0150044130626654,0.0065700808625336,-0.0084343322001318
"DocuSign, Inc._Earnings Call_2020-09-03T00_00_00_English.docx",DocuSign,2021,FQ2,2020-09-03,14.9443436593493,11.709403985266055,-3.234939674083245,0.0165475742760436,0.0187192118226601,0.002171637546616499,0.0022564874012786,0.0026272577996715,0.00037077039839290013,0.0097781120722075,0.0073891625615763,-0.002388949510631201
"DocuSign, Inc._Earnings Call_2020-12-03T00_00_00_English.docx",DocuSign,2021,FQ3,2020-12-03,15.260685048045412,12.10092891112038,-3.159756136925031,0.0168612191958495,0.0166494769412111,-0.00021174225463840152,0.0056204063986165,0.0054515986444673,-0.00016880775414919967,0.0151318633808906,0.0081037277147487,-0.0070281356661419
"DocuSign, Inc._Earnings Call_2021-03-11T00_00_00_English.docx",DocuSign,2021,FQ4,2021-03-11,14.666718087562442,12.022989973137584,-2.6437281144248583,0.0185115224782772,0.0185857722708822,7.424979260499745e-05,0.0034000755572346,0.0038453321939756,0.000445256636741,0.0109557990177559,0.0066225165562913,-0.0043332824614646
"DocuSign, Inc._Earnings Call_2021-06-03T00_00_00_English.docx",DocuSign,2022,FQ1,2021-06-03,15.23642593188188,11.853521011330344,-3.382904920551537,0.0180567497850386,0.0175401069518716,-0.0005166428331670019,0.0017196904557179,0.0034224598930481,0.0017027694373302,0.0064488392089423,0.0053475935828877,-0.0011012456260545995
"DocuSign, Inc._Earnings Call_2021-09-02T00_00_00_English.docx",DocuSign,2022,FQ2,2021-09-02,15.31719275856036,12.52368435258894,-2.7935084059714193,0.0187828700225394,0.0197780020181634,0.0009951319956239997,0.0022539444027047,0.0042381432896064,0.0019841988869017005,0.0071374906085649,0.0062563067608476,-0.0008811838477172998
"DocuSign, Inc._Earnings Call_2021-12-02T00_00_00_English.docx",DocuSign,2022,FQ3,2021-12-02,16.75640674984487,12.339933837672252,-4.416472912172619,0.0260137719969395,0.0220602340303088,-0.003953537966630703,0.0045906656465187,0.0040283905620563,-0.0005622750844624007,0.0080336648814078,0.0047957030500671,-0.0032379618313407004
"DocuSign, Inc._Earnings Call_2022-03-10T00_00_00_English.docx",DocuSign,2022,FQ4,2022-03-10,15.28818770679974,11.830795187142034,-3.4573925196577058,0.0263949214834614,0.022029702970297,-0.0043652185131644,0.0060140327430671,0.0051980198019801,-0.0008160129410869996,0.0066822586034079,0.0022277227722772,-0.0044545358311307
"DocuSign, Inc._Earnings Call_2022-06-09T00_00_00_English.docx",DocuSign,2023,FQ1,2022-06-09,16.303108709886814,12.415398376280168,-3.8877103336066465,0.0252506498329001,0.0152689152233363,-0.0099817346095638,0.0040846639435573,0.009799453053783,0.005714789110225701,0.0074266617155588,0.0088878760255241,0.0014612143099652997
"DocuSign, Inc._Earnings Call_2022-09-08T00_00_00_English.docx",DocuSign,2023,FQ2,2022-09-08,15.842133815551538,13.673969688059664,-2.168164127491874,0.0318264014466546,0.0213306246825799,-0.010495776764074701,0.0047016274864376,0.0033011681056373,-0.0014004593808003003,0.0025316455696202,0.004824784154393,0.0022931385847727997
"DocuSign, Inc._Earnings Call_2022-12-08T00_00_00_English.docx",DocuSign,2023,FQ3,2022-12-08,15.769197091392233,11.849707280460343,-3.919489810931889,0.0365296803652968,0.0178050204319906,-0.0187246599333062,0.0117416829745596,0.0049620548744892,-0.006779628100070399,0.0065231572080887,0.0061295971978984,-0.00039356001019030026
"DocuSign, Inc._Earnings Call_2023-03-09T00_00_00_English.docx",DocuSign,2023,FQ4,2023-03-09,15.702622567411602,12.358580059728444,-3.3440425076831577,0.0312993993044577,0.0208903257896045,-0.0104090735148532,0.0082200442617767,0.0079582193484207,-0.000261824913356001,0.0072715776161871,0.0069634419298681,-0.0003081356863190001
"DocuSign, Inc._Earnings Call_2023-06-08T00_00_00_English.docx",DocuSign,2024,FQ1,2023-06-08,15.985513078470824,11.968753680565904,-4.01675939790492,0.0338145896656535,0.0217747600093654,-0.012039829656288095,0.0072188449848024,0.0067899789276516,-0.0004288660571507997,0.0079787234042553,0.0046827440880355,-0.0032959793162197996
"DocuSign, Inc._Earnings Call_2023-09-07T00_00_00_English.docx",DocuSign,2024,FQ2,2023-09-07,16.110587769641796,11.571205113110755,-4.539382656531041,0.0277419354838709,0.024455857177794,-0.0032860783060769012,0.0077419354838709,0.0051357300073367,-0.0026062054765342004,0.0074193548387096,0.0063585228662264,-0.0010608319724831998
"DocuSign, Inc._Earnings Call_2023-12-07T00_00_00_English.docx",DocuSign,2024,FQ3,2023-12-07,15.575832831545885,12.972786585706189,-2.603046245839696,0.0395381385584324,0.0262377367100159,-0.013300401848416497,0.0052484254723582,0.0054757015742642,0.00022727610190600035,0.006997900629811,0.0063883185033082,-0.0006095821265027996
"DocuSign, Inc._Earnings Call_2024-03-07T00_00_00_English.docx",DocuSign,2024,FQ4,2024-03-07,16.493665471218264,11.74131450938664,-4.752350961831624,0.0391627278865631,0.0296610169491525,-0.0095017109374106,0.0064145847400405,0.0074152542372881,0.0010006694972476,0.0074274139095205,0.0042372881355932,-0.0031901257739272992
"DoorDash, Inc._Earnings Call_2021-11-09T00_00_00_English.docx",DoorDash,2021,FQ3,2021-11-09,13.810687022900764,13.238895216705435,-0.5717918061953284,0.0229007633587786,0.0185088633993743,-0.0043918999594043,0.0098146128680479,0.0101668404588112,0.0003522275907633012,0.0185387131952017,0.0031282586027111,-0.0154104545924906
"DoorDash, Inc._Earnings Call_2023-02-16T00_00_00_English.docx",DoorDash,2022,FQ4,2023-02-16,12.816932238854015,12.75821401393514,-0.05871822491887535,0.0168195718654434,0.0202550637659414,0.0034354919004980014,0.0076452599388379,0.009939984996249,0.0022947250574111002,0.0122324159021406,0.0061890472618154,-0.0060433686403252
"Dropbox, Inc._Earnings Call_2021-05-06T00_00_00_English.docx",Dropbox,2021,FQ1,2021-05-06,16.849408369408373,13.218463448610018,-3.6309449207983544,0.0255050505050505,0.022651565622918,-0.002853484882132499,0.0073232323232323,0.0019986675549633,-0.005324564768269,0.0073232323232323,0.0026648900732844,-0.0046583422499479
"Dropbox, Inc._Earnings Call_2021-08-05T00_00_00_English.docx",Dropbox,2021,FQ2,2021-08-05,16.771241494609008,13.312959770246357,-3.458281724362651,0.0239943542695836,0.0193122939236928,-0.0046820603458908,0.0044695365796283,0.0032972209138012,-0.0011723156658270998,0.0094095506939543,0.005181347150259,-0.0042282035436952995
"Dropbox, Inc._Earnings Call_2021-11-04T00_00_00_English.docx",Dropbox,2021,FQ3,2021-11-04,16.522728729408385,13.504535573071983,-3.0181931563364017,0.0251164674903787,0.0234758234057463,-0.0016406440846323984,0.0058740125582337,0.0052557813594954,-0.0006182311987383005,0.0105327121733846,0.0063069376313945,-0.004225774541990099
"Dropbox, Inc._Earnings Call_2022-02-17T00_00_00_English.docx",Dropbox,2021,FQ4,2022-02-17,16.215623569854007,14.238790030764228,-1.9768335390897782,0.0293417922283901,0.0271084337349397,-0.0022333584934504,0.0049563838223632,0.0047332185886402,-0.00022316523372300015,0.0087232355273592,0.0038726333907056,-0.004850602136653601
"Dropbox, Inc._Earnings Call_2022-05-05T00_00_00_English.docx",Dropbox,2022,FQ1,2022-05-05,16.471112368290786,12.286539911622818,-4.1845724566679685,0.0234636871508379,0.0303239145416953,0.0068602273908573985,0.0039106145251396,0.0041350792556857,0.00022446473054609992,0.0097765363128491,0.0034458993797381,-0.006330636933111
"Dropbox, Inc._Earnings Call_2022-08-04T00_00_00_English.docx",Dropbox,2022,FQ2,2022-08-04,16.281062263830925,11.726985453302442,-4.554076810528484,0.0256668344237544,0.0214592274678111,-0.004207606955943299,0.0062908907901358,0.0085836909871244,0.0022928001969885993,0.0078007045797684,0.0026824034334763,-0.0051183011462921
"Dropbox, Inc._Earnings Call_2022-11-03T00_00_00_English.docx",Dropbox,2022,FQ3,2022-11-03,16.400400297926655,12.4062183964418,-3.994181901484856,0.0145272054939249,0.0156939676311917,0.0011667621372667986,0.0050184891706286,0.0078469838155958,0.0028284946449671994,0.0100369783412572,0.0058852378616969,-0.0041517404795603
"Dropbox, Inc._Earnings Call_2023-02-16T00_00_00_English.docx",Dropbox,2022,FQ4,2023-02-16,16.17816573363743,12.962845129352306,-3.2153206042851252,0.0201119635081899,0.0145611963793781,-0.0055507671288118,0.0064275347294215,0.0043290043290043,-0.0020985304004171998,0.0089156126891975,0.0070838252656434,-0.0018317874235540994
"Dropbox, Inc._Earnings Call_2023-05-04T00_00_00_English.docx",Dropbox,2023,FQ1,2023-05-04,16.59396901820374,14.411774600504629,-2.1821944176991117,0.0197068012496995,0.016052318668252,-0.003654482581447502,0.0086517664023071,0.0059453032104637,-0.0027064631918434006,0.0110550348473924,0.0101070154577883,-0.0009480193896040986
"Dropbox, Inc._Earnings Call_2023-08-03T00_00_00_English.docx",Dropbox,2023,FQ2,2023-08-03,16.128453249084323,13.15577048347742,-2.972682765606903,0.0161781946072684,0.0205580029368575,0.0043798083295891015,0.0072684642438452,0.0088105726872246,0.0015421084433793995,0.0096131301289566,0.0066079295154185,-0.0030052006135381
"Dropbox, Inc._Earnings Call_2023-11-02T00_00_00_English.docx",Dropbox,2023,FQ3,2023-11-02,15.7643178908928,12.867347013424046,-2.8969708774687533,0.012573774698486,0.0121255349500713,-0.0004482397484146996,0.0043623299974339,0.007132667617689,0.0027703376202551,0.0133435976392096,0.0078459343794579,-0.005497663259751701
"Dropbox, Inc._Earnings Call_2024-02-15T00_00_00_English.docx",Dropbox,2023,FQ4,2024-02-15,15.811819904815696,13.23261001808288,-2.5792098867328157,0.0191148971535424,0.0172245693857653,-0.0018903277677770995,0.006648659879493,0.0097497562560935,0.003101096376600501,0.0078952836068979,0.005524861878453,-0.002370421728444899
"Dropbox, Inc._Earnings Call_2024-05-09T00_00_00_English.docx",Dropbox,2024,FQ1,2024-05-09,15.512182169905556,12.183153357681046,-3.329028812224509,0.0203866432337434,0.0254663902872371,0.0050797470534937016,0.0077328646748681,0.0068107787977494,-0.0009220858771186993,0.0105448154657293,0.0035534498075214,-0.006991365658207899
"Dropbox, Inc._Earnings Call_2024-08-08T00_00_00_English.docx",Dropbox,2024,FQ2,2024-08-08,15.94653674786592,13.50438596491228,-2.4421507829536395,0.0212367270455965,0.0191666666666666,-0.0020700603789299,0.0059337913803872,0.01,0.0040662086196128,0.0084322298563397,0.0033333333333333,-0.0050988965230064
"Dropbox, Inc._Earnings Call_2024-11-07T00_00_00_English.docx",Dropbox,2024,FQ3,2024-11-07,15.33889921750411,13.895549319672398,-1.4433498978317125,0.0148546144121365,0.0216986980781153,0.006844083665978801,0.0097977243994943,0.0123992560446373,0.0026015316451430005,0.0142225031605562,0.0012399256044637,-0.012982577556092499
"Dropbox, Inc._Earnings Call_2025-02-20T00_00_00_English.docx",Dropbox,2024,FQ4,2025-02-20,15.277257246651027,13.311902437260432,-1.965354809390595,0.0205479452054794,0.0190930787589498,-0.0014548664465296006,0.0098630136986301,0.0076902678334659,-0.0021727458651642,0.0090410958904109,0.0050384513391673,-0.0040026445512436
Intel Corporation_Earnings Call_2021-04-22T00_00_00_English.docx,Intel,2021,FQ1,2021-04-22,15.867928884554336,11.779293495930377,-4.08863538862396,0.0297856883399927,0.0276087973795039,-0.002176890960488797,0.0076280421358517,0.0056153486195601,-0.0020126935162916,0.0065383218307301,0.0063172671970051,-0.0002210546337249996
Intel Corporation_Earnings Call_2021-07-22T00_00_00_English.docx,Intel,2021,FQ2,2021-07-22,15.244692206941716,11.607162633490349,-3.637529573451367,0.0232481990831696,0.0268613138686131,0.003613114785443499,0.0055664702030124,0.0064233576642335,0.0008568874612211001,0.0039292730844793,0.0052554744525547,0.0013262013680754
Intel Corporation_Earnings Call_2021-10-21T00_00_00_English.docx,Intel,2021,FQ3,2021-10-21,16.12212164919573,12.26775636534232,-3.8543652838534097,0.0277175222945288,0.0330102174482577,0.005292695153728905,0.0043383947939262,0.0044537594969871,0.00011536470306090004,0.0045794167269221,0.0044537594969871,-0.00012565722993500023
Intel Corporation_Earnings Call_2022-01-26T00_00_00_English.docx,Intel,2021,FQ4,2022-01-26,15.854653488711833,11.726767179331768,-4.127886309380065,0.0286895838718015,0.0253807106598984,-0.0033088732119030996,0.0054277591108813,0.0025380710659898,-0.0028896880448915,0.0051692943913155,0.0045121263395375,-0.0006571680517779999
Intel Corporation_Earnings Call_2022-04-28T00_00_00_English.docx,Intel,2022,FQ1,2022-04-28,16.06727183445184,11.269002462171017,-4.798269372280824,0.022973996465539,0.0255061793321062,0.002532182866567201,0.00580661449129,0.0039442545358927,-0.0018623599553972995,0.00580661449129,0.0042072048382855,-0.0015994096530044999
Intel Corporation_Earnings Call_2022-07-28T00_00_00_English.docx,Intel,2022,FQ2,2022-07-28,17.50686039612709,11.09968802621558,-6.407172369911512,0.0270901447921532,0.0223656905695181,-0.004724454222635101,0.0123773937412424,0.0048420567212358,-0.007535337020006599,0.0053713218122372,0.0036891860733225,-0.0016821357389147002
Intel Corporation_Earnings Call_2022-10-27T00_00_00_English.docx,Intel,2022,FQ3,2022-10-27,17.067689161554195,12.523649203168242,-4.544039958385953,0.0336111111111111,0.0270541082164328,-0.0065570028946782995,0.0122222222222222,0.0072645290581162,-0.0049576931641060005,0.0058333333333333,0.0040080160320641,-0.0018253173012691996
Intel Corporation_Earnings Call_2023-01-26T00_00_00_English.docx,Intel,2022,FQ4,2023-01-26,16.918181818181818,11.345475722501275,-5.572706095680543,0.0270454545454545,0.0198658410732714,-0.0071796134721830995,0.0122727272727272,0.0090299277605779,-0.0032427995121493015,0.0070454545454545,0.0072239422084623,0.00017848766300780031
Intel Corporation_Earnings Call_2023-04-27T00_00_00_English.docx,Intel,2023,FQ1,2023-04-27,17.13120889805382,11.269871989328976,-5.861336908724844,0.0272241127856101,0.0221995406991579,-0.005024572086452201,0.0082644628099173,0.0056136769584077,-0.0026507858515096,0.0068060281964025,0.0058688440928808,-0.0009371841035216997
Intel Corporation_Earnings Call_2023-07-27T00_00_00_English.docx,Intel,2023,FQ2,2023-07-27,18.357242669307364,11.530537527910267,-6.826705141397097,0.0312024353120243,0.0311986863711001,-3.7489409242009997e-06,0.0076103500761035,0.0044569551958714,-0.0031533948802321002,0.0058346017250126,0.0032840722495894,-0.0025505294754232005
Intel Corporation_Earnings Call_2023-10-26T00_00_00_English.docx,Intel,2023,FQ3,2023-10-26,17.131491020429817,12.036082627855324,-5.095408392574493,0.0314480741101901,0.0226660682226211,-0.008782005887569,0.0041443198439785,0.0035906642728904,-0.0005536555710881005,0.0046318868844466,0.0044883303411131,-0.00014355654333350013
Intel Corporation_Earnings Call_2024-01-25T00_00_00_English.docx,Intel,2023,FQ4,2024-01-25,16.985979164474376,11.389863565377643,-5.596115599096732,0.0287277701778385,0.027367268746579,-0.0013605014312595004,0.0047879616963064,0.0046524356869184,-0.00013552600938800032,0.0054719562243502,0.0057471264367816,0.00027517021243139966
Intel Corporation_Earnings Call_2024-04-25T00_00_00_English.docx,Intel,2024,FQ1,2024-04-25,16.648109869706627,11.288144447222214,-5.359965422484413,0.0274154910833111,0.0257655755015839,-0.001649915581727203,0.0063880755922278,0.0054910242872228,-0.0008970513050049998,0.0069204152249134,0.0040126715945089,-0.0029077436304044994
Intel Corporation_Earnings Call_2024-08-01T00_00_00_English.docx,Intel,2024,FQ2,2024-08-01,16.72224183778321,11.834571434275942,-4.887670403507267,0.0289712742450282,0.0220139494333042,-0.006957324811724001,0.0066290203780996,0.0050130775937227,-0.0016159427843768998,0.0076110974711514,0.005231037489102,-0.0023800599820493996
Intel Corporation_Earnings Call_2024-10-31T00_00_00_English.docx,Intel,2024,FQ3,2024-10-31,16.43761894034478,11.584874293135684,-4.8527446472090965,0.0290731145653425,0.0222777904069106,-0.006795324158431898,0.0100748416810592,0.0059104341895885,-0.004164407491470699,0.0066206102475532,0.003637190270516,-0.0029834199770372
Intel Corporation_Earnings Call_2025-01-30T00_00_00_English.docx,Intel,2024,FQ4,2025-01-30,14.128720687993184,10.444999097685912,-3.6837215903072718,0.0320256204963971,0.0204081632653061,-0.011617457231091002,0.0080064051240992,0.0067197610751617,-0.0012866440489375007,0.0072057646116893,0.0054753608760577,-0.0017304037356316
International Business Machines Corporation_Earnings Call_2021-04-19T00_00_00_English.docx,IBM,2021,FQ1,2021-04-19,14.407022954039173,11.395373765679432,-3.0116491883597405,0.0255915016900048,0.0175049855971637,-0.008086516092841098,0.0050700144857556,0.007755373365832,0.0026853588800764003,0.0019314340898116,0.0064258807888322,0.0044944466990206
International Business Machines Corporation_Earnings Call_2021-07-19T00_00_00_English.docx,IBM,2021,FQ2,2021-07-19,14.887664236568687,11.063001918091183,-3.824662318477504,0.0196521346284165,0.013215859030837,-0.0064362755975795015,0.0040659588886379,0.0073421439060205,0.0032761850173825997,0.0027106392590919,0.0049926578560939,0.0022820185970019997
International Business Machines Corporation_Earnings Call_2021-10-20T00_00_00_English.docx,IBM,2021,FQ3,2021-10-20,14.40101612909686,10.898387695518256,-3.5026284335786038,0.0173466894698265,0.0166297117516629,-0.0007169777181635986,0.0041534326899584,0.007760532150776,0.0036070994608176,0.0019545565599804,0.0047117516629711,0.0027571951029907
International Business Machines Corporation_Earnings Call_2022-01-24T00_00_00_English.docx,IBM,2021,FQ4,2022-01-24,14.697931140393912,11.891764705882352,-2.8061664345115602,0.0196699073027357,0.0096925133689839,-0.009977393933751801,0.0045218177707438,0.0130347593582887,0.008512941587544901,0.0038435451051322,0.007687165775401,0.0038436206702687995
International Business Machines Corporation_Earnings Call_2022-04-19T00_00_00_English.docx,IBM,2022,FQ1,2022-04-19,14.89878072997339,11.46305674773486,-3.43572398223853,0.0163098878695209,0.010968049594659,-0.005341838274861899,0.0056065239551478,0.013590844062947,0.0079843201077992,0.0020387359836901,0.0038149737720553,0.0017762377883652
International Business Machines Corporation_Earnings Call_2022-07-18T00_00_00_English.docx,IBM,2022,FQ2,2022-07-18,14.496045750804036,11.477434859192748,-3.0186108916112886,0.0164362118445082,0.0106115610164758,-0.0058246508280323985,0.0086094442995043,0.0106115610164758,0.0020021167169714995,0.004174276024002,0.0013962580284836,-0.0027780179955184
International Business Machines Corporation_Earnings Call_2022-10-19T00_00_00_English.docx,IBM,2022,FQ3,2022-10-19,14.81017629770659,10.889266693682185,-3.9209096040244056,0.0179554011004923,0.0112753695815585,-0.006680031518933802,0.0060816681146828,0.0060135304434978,-6.813767118500017e-05,0.0034752389226759,0.0050112753695815,0.0015360364469056
International Business Machines Corporation_Earnings Call_2023-01-25T00_00_00_English.docx,IBM,2022,FQ4,2023-01-25,14.019562458375743,12.580704881633675,-1.438857576742068,0.0213807315816589,0.01359477124183,-0.007785960339828901,0.0046367851622874,0.0083660130718954,0.003729227909608,0.0041215868109222,0.0049673202614379,0.0008457334505156998
International Business Machines Corporation_Earnings Call_2023-04-19T00_00_00_English.docx,IBM,2023,FQ1,2023-04-19,15.079597615499257,11.37884662855843,-3.700750986940827,0.0196721311475409,0.0112618377271563,-0.008410293420384598,0.0044709388971684,0.0122856411568978,0.007814702259729401,0.0032786885245901,0.008958280010238,0.0056795914856479
International Business Machines Corporation_Earnings Call_2023-07-19T00_00_00_English.docx,IBM,2023,FQ2,2023-07-19,14.91261044809432,11.177365493987589,-3.735244954106731,0.0229528535980148,0.0176838473150744,-0.0052690062829404,0.0071339950372208,0.0092732370066853,0.0021392419694645,0.0037220843672456,0.0081949536338149,0.0044728692665693
International Business Machines Corporation_Earnings Call_2023-10-25T00_00_00_English.docx,IBM,2023,FQ3,2023-10-25,14.747621290626473,11.233602659448929,-3.514018631177544,0.0239898989898989,0.0162374020156774,-0.007752496974221503,0.0053661616161616,0.009518477043673,0.0041523154275114,0.0031565656565656,0.0061590145576707,0.0030024489011051003
International Business Machines Corporation_Earnings Call_2024-01-24T00_00_00_English.docx,IBM,2023,FQ4,2024-01-24,14.971079554130402,11.174511657634389,-3.796567896496013,0.0225225225225225,0.0165457184325108,-0.005976804090011702,0.0037537537537537,0.0084179970972423,0.004664243343488599,0.0035035035035035,0.0034833091436865,-2.0194359816999834e-05
International Business Machines Corporation_Earnings Call_2024-04-24T00_00_00_English.docx,IBM,2024,FQ1,2024-04-24,15.9180866876451,12.289665953595524,-3.628420734049577,0.0202265372168284,0.0182733050847457,-0.001953232132082698,0.0064724919093851,0.0063559322033898,-0.0001165597059953,0.0040453074433656,0.0029131355932203,-0.0011321718501453
International Business Machines Corporation_Earnings Call_2024-07-24T00_00_00_English.docx,IBM,2024,FQ2,2024-07-24,16.022663887932904,11.15813166093566,-4.864532226997245,0.0278510700674289,0.0106409304627567,-0.0172101396046722,0.0043975373790677,0.0066815144766146,0.0022839770975468998,0.001759014951627,0.0047018064835436,0.0029427915319166003
International Business Machines Corporation_Earnings Call_2024-10-23T00_00_00_English.docx,IBM,2024,FQ3,2024-10-23,15.621541681868267,12.394304727388487,-3.22723695447978,0.0237255530618788,0.013517319065052,-0.0102082339968268,0.0054504648925937,0.007885102787947,0.002434637895353301,0.0038473869830073,0.006758659532526,0.0029112725495187
International Business Machines Corporation_Earnings Call_2025-01-29T00_00_00_English.docx,IBM,2024,FQ4,2025-01-29,15.802314337972518,12.5235428998027,-3.2787714381698176,0.0288522511097019,0.0157894736842105,-0.0130627774254914,0.0047558655675332,0.0056390977443609,0.0008832321768277003,0.0038046924540266,0.0060150375939849,0.0022103451399583004
"Lyft, Inc._Earnings Call_2021-05-04T00_00_00_English.docx",Lyft,2021,FQ1,2021-05-04,15.268036897170806,10.94098799876002,-4.327048898410785,0.026032315978456,0.0161197466896948,-0.009912569288761202,0.0103231597845601,0.0063327576280944,-0.0039904021564656994,0.0127917414721723,0.0060449050086355,-0.0067468364635368
"Lyft, Inc._Earnings Call_2021-08-03T00_00_00_English.docx",Lyft,2021,FQ2,2021-08-03,14.692441392523842,10.4633651539181,-4.229076238605742,0.029650220060227,0.0199259891830344,-0.009724230877192597,0.0085707667361593,0.004839168801594,-0.0037315979345653007,0.0113504748668056,0.00910902362653,-0.0022414512402756
"Lyft, Inc._Earnings Call_2021-11-02T00_00_00_English.docx",Lyft,2021,FQ3,2021-11-02,13.880953499448674,11.222638788752704,-2.6583147106959704,0.0279055504446488,0.0172631578947368,-0.010642392549912002,0.0064397424103035,0.0050526315789473,-0.0013871108313562005,0.0119595216191352,0.007578947368421,-0.0043805742507142
"Lyft, Inc._Earnings Call_2022-02-08T00_00_00_English.docx",Lyft,2021,FQ4,2022-02-08,13.746790643987367,11.938764624039123,-1.8080260199482439,0.0255863539445629,0.0230887634684453,-0.0024975904761175977,0.0079195857447456,0.0084658799384299,0.0005462941936843005,0.0118793786171184,0.0048742945100051,-0.007005084107113299
"Lyft, Inc._Earnings Call_2022-05-03T00_00_00_English.docx",Lyft,2022,FQ1,2022-05-03,13.558915020382564,11.074539234745394,-2.4843757856371695,0.0213232988397616,0.0184268426842684,-0.0028964561554932003,0.0056444026340545,0.006050605060506,0.00040620242645150045,0.0119159611163374,0.0035753575357535,-0.0083406035805839
"Lyft, Inc._Earnings Call_2022-08-04T00_00_00_English.docx",Lyft,2022,FQ2,2022-08-04,14.16829827893658,11.928134323470516,-2.2401639554660644,0.0212765957446808,0.0205821817112613,-0.0006944140334194972,0.0094882116158711,0.0129373713613643,0.0034491597454931987,0.0117883841288096,0.0070567480152896,-0.004731636113520001
"Lyft, Inc._Earnings Call_2022-11-07T00_00_00_English.docx",Lyft,2022,FQ3,2022-11-07,14.108504504504504,12.190281268701376,-1.9182232358031275,0.0194256756756756,0.0167564332734889,-0.0026692424021866994,0.0098536036036036,0.0101735487731897,0.00031994516958610067,0.0135135135135135,0.0071813285457809,-0.0063321849677326
"Lyft, Inc._Earnings Call_2023-02-09T00_00_00_English.docx",Lyft,2022,FQ4,2023-02-09,13.848504622998888,10.47058192563719,-3.377922697361699,0.0218700475435816,0.0153009180550833,-0.006569129488498301,0.0066561014263074,0.0091805508330499,0.0025244494067425006,0.0126782884310618,0.0061203672220333,-0.0065579212090285
"Lyft, Inc._Earnings Call_2023-05-04T00_00_00_English.docx",Lyft,2023,FQ1,2023-05-04,11.861950736808325,9.74536827541304,-2.116582461395284,0.024628252788104,0.0107430617726051,-0.013885191015498899,0.0051115241635687,0.0086541330945986,0.003542608931029899,0.0106877323420074,0.0062667860340196,-0.0044209463079878
"Lyft, Inc._Earnings Call_2023-08-08T00_00_00_English.docx",Lyft,2023,FQ2,2023-08-08,13.24024130376062,9.739864149646314,-3.5003771541143056,0.0249707374170893,0.0173338098641887,-0.007636927552900602,0.0050721810378462,0.0055396711937097,0.0004674901558634993,0.0109246976199765,0.0087562544674767,-0.0021684431524998
"Lyft, Inc._Earnings Call_2023-11-08T00_00_00_English.docx",Lyft,2023,FQ3,2023-11-08,13.416345370621777,10.556686880450556,-2.8596584901712205,0.0224409448818897,0.0146439993267126,-0.007796945555177102,0.0031496062992125,0.0031981147954889,4.850849627640024e-05,0.0074803149606299,0.0050496549402457,-0.0024306600203842007
"Lyft, Inc._Earnings Call_2024-02-13T00_00_00_English.docx",Lyft,2023,FQ4,2024-02-13,13.48611248304012,10.947524521929072,-2.5385879611110482,0.0257960499798468,0.0156201187129022,-0.0101759312669446,0.0028214429665457,0.0060918462980318,0.0032704033314861,0.0092704554615074,0.0068728522336769,-0.0023976032278305
"Lyft, Inc._Earnings Call_2024-05-07T00_00_00_English.docx",Lyft,2024,FQ1,2024-05-07,13.173673437253976,10.5645729053512,-2.609100531902776,0.0283524904214559,0.0135679141195765,-0.014784576301879399,0.0022988505747126,0.0050693305501714,0.0027704799754588003,0.0084291187739463,0.0082003876546891,-0.00022873111925720072
"Lyft, Inc._Earnings Call_2024-08-07T00_00_00_English.docx",Lyft,2024,FQ2,2024-08-07,13.44705867954202,10.448973111355413,-2.9980855681866068,0.025420254202542,0.0159531173693635,-0.0094671368331785,0.004920049200492,0.0056975419176298,0.0007774927171378,0.006150061500615,0.0096044278040045,0.0034543663033895005
"Lyft, Inc._Earnings Call_2024-11-06T00_00_00_English.docx",Lyft,2024,FQ3,2024-11-06,13.514846375908869,10.1890347569691,-3.3258116189397686,0.0219086520608986,0.0137102234258632,-0.0081984286350354,0.005941329372447,0.0032159783344617,-0.0027253510379853,0.0092833271444485,0.0086323628977657,-0.0006509642466827996
"Lyft, Inc._Earnings Call_2025-02-11T00_00_00_English.docx",Lyft,2024,FQ4,2025-02-11,13.08327955654836,9.422636421778408,-3.660643134769952,0.0316455696202531,0.0152719339255103,-0.016373635694742796,0.0052122114668652,0.0043634096930029,-0.0008488017738622995,0.0078183172002978,0.0109085242325074,0.0030902070322096006
"Meta Platforms, Inc._Earnings Call_2021-04-28T00_00_00_English.docx",Meta,2021,FQ1,2021-04-28,13.642446097212831,11.913552256271483,-1.728893840941348,0.0205375253549695,0.0181415929203539,-0.0023959324346156004,0.002789046653144,0.0050884955752212,0.0022994489220771997,0.0053245436105476,0.0019911504424778,-0.0033333931680697994
"Meta Platforms, Inc._Earnings Call_2021-07-28T00_00_00_English.docx",Meta,2021,FQ2,2021-07-28,13.953921103352094,12.781012928529533,-1.1729081748225614,0.0191984641228701,0.0209267563527653,0.0017282922298951994,0.0031197504199664,0.0057655349135169,0.0026457844935505004,0.0035997120230381,0.0038436899423446,0.00024397791930649967
"Meta Platforms, Inc._Earnings Call_2021-10-25T00_00_00_English.docx",Meta,2021,FQ3,2021-10-25,14.242241117522015,12.027187944466592,-2.2150531730554235,0.0191947565543071,0.0179127725856697,-0.0012819839686373999,0.0086610486891385,0.0077881619937694,-0.0008728866953691006,0.0067883895131086,0.0033748701973001,-0.0034135193158084994
"Meta Platforms, Inc._Earnings Call_2022-02-02T00_00_00_English.docx",Meta,2021,FQ4,2022-02-02,14.252518886746504,12.923156109258937,-1.3293627774875674,0.0188891387452215,0.0091127098321342,-0.009776428913087299,0.0062963795817404,0.0091127098321342,0.0028163302503938,0.0051720260850011,0.0064748201438848,0.0013027940588837003
"Meta Platforms, Inc._Earnings Call_2022-04-27T00_00_00_English.docx",Meta,2022,FQ1,2022-04-27,14.97282984112365,12.704352405156031,-2.2684774359676183,0.0181150550795593,0.0196682464454976,0.0015531913659382994,0.0085679314565483,0.0082938388625592,-0.0002740925939890993,0.005875152998776,0.0049763033175355,-0.0008988496812405
"Meta Platforms, Inc._Earnings Call_2022-07-27T00_00_00_English.docx",Meta,2022,FQ2,2022-07-27,14.351092093586402,11.782798725685977,-2.5682933679004254,0.0169953839697859,0.0207100591715976,0.0037146752018117,0.0096516995383969,0.0075309306078536,-0.0021207689305433,0.0069240453210239,0.0026896180742334,-0.0042344272467905
"Meta Platforms, Inc._Earnings Call_2022-10-26T00_00_00_English.docx",Meta,2022,FQ3,2022-10-26,14.345096760165257,13.142921601804852,-1.2021751583604043,0.0174086757990867,0.0179738562091503,0.0005651804100635996,0.0077054794520547,0.0058356676003734,-0.0018698118516813,0.0097031963470319,0.0070028011204481,-0.0027003952265838007
"Meta Platforms, Inc._Earnings Call_2023-02-01T00_00_00_English.docx",Meta,2022,FQ4,2023-02-01,14.644518054312147,12.815511578403257,-1.8290064759088906,0.0253655625186511,0.0190089705254164,-0.006356591993234698,0.0110414801551775,0.0083297736010252,-0.0027117065541523,0.0089525514771709,0.0051260145237078,-0.0038265369534630994
"Meta Platforms, Inc._Earnings Call_2023-04-26T00_00_00_English.docx",Meta,2023,FQ1,2023-04-26,15.094654279927695,15.43748131414619,0.3428270342184945,0.0284244721169464,0.0263338676436913,-0.002090604473255101,0.0086626962642122,0.0075566750629722,-0.00110602120124,0.0064970221981591,0.0029768719945042,-0.0035201502036549
"Meta Platforms, Inc._Earnings Call_2023-07-26T00_00_00_English.docx",Meta,2023,FQ2,2023-07-26,14.477284885401469,12.466262030291253,-2.011022855110216,0.0247456695078361,0.0169794459338695,-0.007766223573966603,0.0057739895518284,0.0075067024128686,0.0017327128610402,0.0076986527357712,0.0057193923145665,-0.0019792604212047005
"Meta Platforms, Inc._Earnings Call_2023-10-25T00_00_00_English.docx",Meta,2023,FQ3,2023-10-25,14.396590287600189,14.131754641427012,-0.2648356461731769,0.0231023102310231,0.0226212686567164,-0.0004810415743067009,0.0054219707685054,0.0074626865671641,0.0020407157986587,0.0063649222065063,0.0074626865671641,0.0010977643606577998
"Meta Platforms, Inc._Earnings Call_2024-02-01T00_00_00_English.docx",Meta,2023,FQ4,2024-02-01,14.922190083995162,14.231202858277095,-0.6909872257180663,0.0245187436676798,0.022707423580786,-0.0018113200868937994,0.0036474164133738,0.0049490538573508,0.0013016374439769997,0.0052684903748733,0.0084425036390101,0.003174013264136801
"Meta Platforms, Inc._Earnings Call_2024-04-24T00_00_00_English.docx",Meta,2024,FQ1,2024-04-24,15.217504498970897,14.725188536953244,-0.4923159620176527,0.0241853360488798,0.0261538461538461,0.0019685101049662992,0.0038187372708757,0.0033333333333333,-0.00048540393754239975,0.0056008146639511,0.0048717948717948,-0.0007290197921562998
"Meta Platforms, Inc._Earnings Call_2024-07-31T00_00_00_English.docx",Meta,2024,FQ2,2024-07-31,14.959979340977174,13.821892273660085,-1.1380870673170893,0.0308508074234755,0.0247061645478532,-0.006144642875622299,0.0036153289949385,0.0031182537778843,-0.0004970752170542002,0.0062665702578934,0.0031182537778843,-0.0031483164800091
"Meta Platforms, Inc._Earnings Call_2024-10-30T00_00_00_English.docx",Meta,2024,FQ3,2024-10-30,14.83991226847334,13.612400395117518,-1.2275118733558212,0.0233362143474503,0.0231421959372589,-0.00019401841019139887,0.0020167098818784,0.0051427102082797,0.0031260003264013,0.0063382310573321,0.0046284391874517,-0.0017097918698804
"Meta Platforms, Inc._Earnings Call_2025-01-29T00_00_00_English.docx",Meta,2024,FQ4,2025-01-29,14.899120993812392,13.241482775864943,-1.657638217947449,0.0253671562082777,0.022637106184364,-0.0027300500239136986,0.0024032042723631,0.0042007001166861,0.001797495844323,0.004539385847797,0.0035005834305717,-0.0010388024172253
Microsoft Corporation_Earnings Call_2020-10-27T00_00_00_English.docx,Microsoft,2021,FQ1,2020-10-27,16.688283537853117,12.830300619752531,-3.8579829181005856,0.0215351812366737,0.0217166494312306,0.00018146819455690244,0.0076759061833688,0.0051706308169596,-0.0025052753664092002,0.0072494669509594,0.0072388831437435,-1.0583807215899799e-05
Microsoft Corporation_Earnings Call_2021-01-26T00_00_00_English.docx,Microsoft,2021,FQ2,2021-01-26,16.860443641684256,13.510065245759026,-3.3503783959252296,0.024565861922914,0.019573727707699,-0.004992134215215001,0.0052943667937314,0.003479773814702,-0.0018145929790294,0.0088945362134688,0.005219660722053,-0.0036748754914157997
Microsoft Corporation_Earnings Call_2021-04-27T00_00_00_English.docx,Microsoft,2021,FQ3,2021-04-27,16.563788565264293,13.592456517490715,-2.9713320477735774,0.0226537216828478,0.0145348837209302,-0.008118837961917601,0.0084142394822006,0.0091362126245847,0.0007219731423841001,0.0081984897518878,0.005813953488372,-0.0023845362635158
Microsoft Corporation_Earnings Call_2021-07-27T00_00_00_English.docx,Microsoft,2021,FQ4,2021-07-27,16.16217015517257,13.589076210194223,-2.573093944978348,0.0213327915481511,0.017391304347826,-0.003941487200325101,0.0065014221861032,0.0072463768115942,0.0007449546254910001,0.0083299471759447,0.0077294685990338,-0.0006004785769109008
Microsoft Corporation_Earnings Call_2021-10-26T00_00_00_English.docx,Microsoft,2022,FQ1,2021-10-26,15.983201397560675,13.025916726852095,-2.95728467070858,0.0206446176532546,0.0171513795674869,-0.003493238085767701,0.0048451653676005,0.0067114093959731,0.0018662440283725998,0.0080050558247314,0.0067114093959731,-0.0012936464287583004
Microsoft Corporation_Earnings Call_2022-01-25T00_00_00_English.docx,Microsoft,2022,FQ2,2022-01-25,16.86595723765053,12.69323459149546,-4.172722646155071,0.0199680511182108,0.0170807453416149,-0.0028873057765958984,0.0039936102236421,0.0058229813664596,0.0018293711428174998,0.0077875399361022,0.0050465838509316,-0.0027409560851706
Microsoft Corporation_Earnings Call_2022-04-26T00_00_00_English.docx,Microsoft,2022,FQ3,2022-04-26,15.903584752635846,12.261506047525993,-3.642078705109853,0.0168288726682887,0.0129779024903542,-0.003850970177934501,0.0089213300892133,0.0049105576990529,-0.0040107723901604,0.0097323600973236,0.0073658365485794,-0.002366523548744199
Microsoft Corporation_Earnings Call_2022-07-26T00_00_00_English.docx,Microsoft,2022,FQ4,2022-07-26,16.410154630958072,10.889591567852438,-5.520563063105634,0.015961262553802,0.0106280193236714,-0.005333243230130602,0.0107604017216642,0.0053140096618357,-0.0054463920598285,0.008428981348637,0.0062801932367149,-0.0021487881119220996
Microsoft Corporation_Earnings Call_2022-10-25T00_00_00_English.docx,Microsoft,2023,FQ1,2022-10-25,16.051101036222185,11.464010790802725,-4.587090245419461,0.0131451768799536,0.0193021529324424,0.006156976052488801,0.0085057026870288,0.0077951002227171,-0.0007106024643117005,0.0100521940846704,0.0070527097253155,-0.0029994843593548993
Microsoft Corporation_Earnings Call_2023-01-24T00_00_00_English.docx,Microsoft,2023,FQ2,2023-01-24,15.945241398873948,11.99988540870894,-3.945355990165009,0.0149311615280201,0.0125811688311688,-0.0023499926968512993,0.0118285825092107,0.0044642857142857,-0.007364296794925,0.010277292999806,0.0048701298701298,-0.005407163129676201
Microsoft Corporation_Earnings Call_2023-04-25T00_00_00_English.docx,Microsoft,2023,FQ3,2023-04-25,16.505230278297688,13.78453039919732,-2.7206998791003674,0.0157558835261268,0.0213108162444712,0.0055549327183444,0.0057838053450339,0.0020104543626859,-0.0037733509823480002,0.0091743119266055,0.006433453960595,-0.0027408579660105
Microsoft Corporation_Earnings Call_2023-07-25T00_00_00_English.docx,Microsoft,2023,FQ4,2023-07-25,16.169819410413535,11.337400496720372,-4.832418913693163,0.0154089292769656,0.0117493472584856,-0.0036595820184800003,0.0053338601343342,0.0052219321148825,-0.00011192801945170052,0.0077044646384828,0.0039164490861618,-0.003788015552321
Microsoft Corporation_Earnings Call_2023-10-24T00_00_00_English.docx,Microsoft,2024,FQ1,2023-10-24,16.426746090618234,12.271356682769728,-4.1553894078485065,0.0155775844628767,0.0197262479871175,0.0041486635242408,0.0038438195427877,0.0056360708534621,0.0017922513106743997,0.0101153145862836,0.002818035426731,-0.0072972791595526006
Microsoft Corporation_Earnings Call_2024-01-30T00_00_00_English.docx,Microsoft,2024,FQ2,2024-01-30,16.566436538660355,10.73009955261779,-5.836336986042564,0.0136958710976837,0.0114384748700173,-0.0022573962276663997,0.0042296072507552,0.0034662045060658,-0.0007634027446894003,0.007250755287009,0.0062391681109185,-0.0010115871760905002
Microsoft Corporation_Earnings Call_2024-04-25T00_00_00_English.docx,Microsoft,2024,FQ3,2024-04-25,16.40691085645636,11.277463002114166,-5.129447854342194,0.0144836272040302,0.0176180408738548,0.0031344136698245994,0.0048278757346767,0.0059901338971106,0.0011622581624338999,0.0083963056255247,0.0070472163495419,-0.0013490892759827995
Microsoft Corporation_Earnings Call_2024-07-30T00_00_00_English.docx,Microsoft,2024,FQ4,2024-07-30,16.18220803566905,11.368388055755634,-4.813819979913415,0.0096899224806201,0.0125523012552301,0.00286237877461,0.0045219638242894,0.0038037276531,-0.0007182361711894,0.010120585701981,0.00646633701027,-0.0036542486917110007
"PayPal Holdings, Inc._Earnings Call_2021-05-05T00_00_00_English.docx",PayPal,2021,FQ1,2021-05-05,14.904409670757603,11.046476761619193,-3.8579329091384107,0.0223944875107665,0.0126436781609195,-0.009750809349847,0.0091874820556991,0.0045977011494252,-0.0045897809062739004,0.0109101349411426,0.0066091954022988,-0.0043009395388438
"PayPal Holdings, Inc._Earnings Call_2021-07-28T00_00_00_English.docx",PayPal,2021,FQ2,2021-07-28,14.671951759155789,11.40480479075534,-3.267146968400448,0.0193548387096774,0.015736040609137,-0.0036187981005403984,0.0103786816269284,0.0040609137055837,-0.0063177679213447,0.0120617110799439,0.0053299492385786,-0.0067317618413653
"PayPal Holdings, Inc._Earnings Call_2021-11-08T00_00_00_English.docx",PayPal,2021,FQ3,2021-11-08,14.929895817302224,11.22504347826087,-3.704852339041354,0.0167776298268974,0.012,-0.0047776298268974,0.0106524633821571,0.0050666666666666,-0.005585796715490501,0.0111850865512649,0.0058666666666666,-0.0053184198845983004
"PayPal Holdings, Inc._Earnings Call_2022-02-01T00_00_00_English.docx",PayPal,2021,FQ4,2022-02-01,14.502859131241664,11.707678905758543,-2.7951802254831204,0.0194513715710723,0.0149675232985032,-0.0044838482725691,0.0092269326683291,0.0062129341993787,-0.0030139984689504006,0.0114713216957605,0.0050833097994916,-0.006388011896268899
"PayPal Holdings, Inc._Earnings Call_2022-04-27T00_00_00_English.docx",PayPal,2022,FQ1,2022-04-27,15.021150669780912,11.3253875225615,-3.6957631472194112,0.0252996005326231,0.0138357374153665,-0.0114638631172566,0.0071016422547714,0.0082425669708566,0.0011409247160851996,0.0133155792276964,0.0079481895790403,-0.0053673896486560995
"PayPal Holdings, Inc._Earnings Call_2022-08-02T00_00_00_English.docx",PayPal,2022,FQ2,2022-08-02,15.896782962629182,9.911227032979774,-5.985555929649408,0.027538726333907,0.0233802816901408,-0.004158444643766197,0.0070998278829604,0.0078873239436619,0.0007874960607015006,0.0107573149741824,0.0033802816901408,-0.0073770332840416
"PayPal Holdings, Inc._Earnings Call_2022-11-03T00_00_00_English.docx",PayPal,2022,FQ3,2022-11-03,15.603977545164168,11.134085957615367,-4.469891587548801,0.0263097161320101,0.0202020202020202,-0.006107695929989901,0.0069236095084237,0.0057239057239057,-0.001199703784518,0.0136164320332333,0.0037037037037037,-0.009912728329529599
"PayPal Holdings, Inc._Earnings Call_2023-02-09T00_00_00_English.docx",PayPal,2022,FQ4,2023-02-09,14.847349819632166,10.460659264691872,-4.386690554940294,0.0236096537250787,0.0170366546205472,-0.006572999104531501,0.007607555089192,0.0077439339184305,0.00013637882923849941,0.0107555089192025,0.0087764584408879,-0.0019790504783145993
"PayPal Holdings, Inc._Earnings Call_2023-05-08T00_00_00_English.docx",PayPal,2023,FQ1,2023-05-08,15.165866174055829,10.5623413119816,-4.603524862074229,0.0282430213464696,0.0194040194040194,-0.0088390019424502,0.0078817733990147,0.0073920073920073,-0.0004897660070073999,0.0141215106732348,0.003003003003003,-0.0111185076702318
"PayPal Holdings, Inc._Earnings Call_2023-08-02T00_00_00_English.docx",PayPal,2023,FQ2,2023-08-02,15.715005121986913,10.913278441054644,-4.801726680932269,0.0243033052495139,0.0295976055869637,0.005294300337449799,0.0113415424497731,0.0073162620552045,-0.0040252803945686,0.008749189889825,0.0033255736614566,-0.0054236162283684
"PayPal Holdings, Inc._Earnings Call_2023-11-01T00_00_00_English.docx",PayPal,2023,FQ3,2023-11-01,14.363258045519633,11.766158754606964,-2.5970992909126682,0.0280392959476054,0.0338192419825072,0.005779946034901801,0.0100286532951289,0.0081632653061224,-0.0018653879890065013,0.0079819893573475,0.0034985422740524,-0.004483447083295101
"PayPal Holdings, Inc._Earnings Call_2024-02-07T00_00_00_English.docx",PayPal,2023,FQ4,2024-02-07,15.368310236969704,12.73493248045487,-2.633377756514834,0.0259593679458239,0.0309168443496801,0.004957476403856201,0.0054176072234762,0.0049751243781094,-0.0004424828453668001,0.0072234762979683,0.0024875621890547,-0.004735914108913599
"PayPal Holdings, Inc._Earnings Call_2024-04-30T00_00_00_English.docx",PayPal,2024,FQ1,2024-04-30,15.475022275022276,11.843432976885754,-3.6315892981365216,0.0259974259974259,0.037112874328129,0.0111154483307031,0.0084942084942084,0.0056309188635781,-0.0028632896306302995,0.0082368082368082,0.0040952137189659,-0.0041415945178423
"PayPal Holdings, Inc._Earnings Call_2024-07-30T00_00_00_English.docx",PayPal,2024,FQ2,2024-07-30,15.206571985519355,11.105545287989624,-4.101026697529731,0.0365079365079365,0.0273145485911443,-0.009193387916792202,0.005026455026455,0.0069005175388154,0.0018740625123604008,0.0063492063492063,0.0031627372052903,-0.0031864691439159997
"PayPal Holdings, Inc._Earnings Call_2024-10-29T00_00_00_English.docx",PayPal,2024,FQ3,2024-10-29,14.683225521523395,11.877788248586649,-2.8054372729367465,0.0289598108747044,0.0258190496853981,-0.003140761189306302,0.0053191489361702,0.0052072032978954,-0.00011194563827479978,0.0050236406619385,0.0023866348448687,-0.0026370058170698
"PayPal Holdings, Inc._Earnings Call_2025-02-04T00_00_00_English.docx",PayPal,2024,FQ4,2025-02-04,12.92565382689992,11.860815249023032,-1.0648385778768876,0.0262247838616714,0.0208333333333333,-0.005391450528338098,0.0048991354466858,0.0027412280701754,-0.0021579073765104003,0.0054755043227665,0.0043859649122807,-0.0010895394104858003
SAP SE_Earnings Call_2021-04-22T00_00_00_English.docx,SAP,2021,FQ1,2021-04-22,14.296893594426296,12.987274386308506,-1.3096192081177893,0.023540201773158,0.014993752603082,-0.008546449170076,0.0076429226536227,0.007496876301541,-0.0001460463520817001,0.006725771935188,0.0045814244064972,-0.0021443475286908
SAP SE_Earnings Call_2021-07-21T00_00_00_English.docx,SAP,2021,FQ2,2021-07-21,13.547147268814882,13.051820861643982,-0.49532640717090004,0.0254706533776301,0.0130816669781349,-0.0123889863994952,0.0059062384643779,0.0046720239207624,-0.0012342145436154998,0.0051679586563307,0.0042982620071014,-0.0008696966492293002
SAP SE_Earnings Call_2021-10-21T00_00_00_English.docx,SAP,2021,FQ3,2021-10-21,14.15254361696121,12.455682004384713,-1.6968616125764981,0.0285804020100502,0.014628860393715,-0.013951541616335201,0.0078517587939698,0.0066823189452772,-0.0011694398486926001,0.0050251256281407,0.0059599060863283,0.0009347804581875995
SAP SE_Earnings Call_2022-01-27T00_00_00_English.docx,SAP,2021,FQ4,2022-01-27,14.120680510758802,13.608986440812757,-0.5116940699460457,0.0321587410195005,0.0141365461847389,-0.018022194834761605,0.0051317139924734,0.0057831325301204,0.0006514185376469998,0.0047895997263085,0.0073895582329317,0.0025999585066232003
SAP SE_Earnings Call_2022-04-22T00_00_00_English.docx,SAP,2022,FQ1,2022-04-22,15.359973445798188,11.907191468893595,-3.4527819769045927,0.0224929709465791,0.0165273556231003,-0.0059656153234788,0.0059356451109028,0.0091185410334346,0.0031828959225318,0.0078100593564511,0.0074088145896656,-0.00040124476678549993
SAP SE_Earnings Call_2022-07-21T00_00_00_English.docx,SAP,2022,FQ2,2022-07-21,16.193425559947297,11.775890730183711,-4.417534829763586,0.0296442687747035,0.0162111215834118,-0.0134331471912917,0.0065876152832674,0.0101790763430725,0.0035914610598051,0.0049407114624505,0.0050895381715362,0.00014882670908570022
SAP SE_Earnings Call_2022-10-25T00_00_00_English.docx,SAP,2022,FQ3,2022-10-25,16.362492607520768,12.253509041561756,-4.1089835659590115,0.0278108859753675,0.016897746967071,-0.010913139008296498,0.0091378625347636,0.0090987868284228,-3.907570634079961e-05,0.0095351609058402,0.0054159445407279,-0.004119216365112301
SAP SE_Earnings Call_2023-01-26T00_00_00_English.docx,SAP,2022,FQ4,2023-01-26,14.955628865336172,12.439917291757856,-2.515711573578315,0.0325331648768161,0.0173642030276046,-0.015168961849211501,0.00726468730259,0.0073463935886019,8.170628601190076e-05,0.00726468730259,0.0075690115761353,0.00030432427354530004
SAP SE_Earnings Call_2023-04-21T00_00_00_English.docx,SAP,2023,FQ1,2023-04-21,15.355261360309663,12.501832571648832,-2.853428788660832,0.025019245573518,0.0202811707766766,-0.0047380747968414,0.0080831408775981,0.0039179534454943,-0.004165187432103799,0.0057736720554272,0.005761696243374,-1.1975812053199864e-05
SAP SE_Earnings Call_2023-07-20T00_00_00_English.docx,SAP,2023,FQ2,2023-07-20,15.009648600357355,12.136031654093888,-2.8736169462634678,0.0259344012204424,0.0168598524762908,-0.0090745487441516,0.0034324942791762,0.0031612223393045,-0.0002712719398717,0.007627765064836,0.0070249385317878,-0.0006028265330482001
SAP SE_Earnings Call_2023-10-18T00_00_00_English.docx,SAP,2023,FQ3,2023-10-18,14.509025217879552,12.110666878483308,-2.3983583393962444,0.0288461538461538,0.0128727740828148,-0.015973379763339,0.0054347826086956,0.0090109418579703,0.0035761592492747005,0.0066889632107023,0.0072945719802617,0.0006056087695593994
SAP SE_Earnings Call_2024-01-24T00_00_00_English.docx,SAP,2023,FQ4,2024-01-24,14.674586863464883,12.517805451898136,-2.1567814115667474,0.0317695961995249,0.0151002343139807,-0.0166693618855442,0.0062351543942992,0.0106743035667794,0.004439149172480201,0.0092042755344418,0.0052069773496485,-0.003997298184793299
SAP SE_Earnings Call_2024-04-22T00_00_00_English.docx,SAP,2024,FQ1,2024-04-22,15.040462581942313,12.541630609208292,-2.4988319727340205,0.0292102416155787,0.0128276631344116,-0.0163825784811671,0.0032455824017309,0.0078081427774679,0.004562560375736999,0.0054093040028849,0.0048336121955753,-0.0005756918073096
SAP SE_Earnings Call_2024-07-22T00_00_00_English.docx,SAP,2024,FQ2,2024-07-22,14.385478971650096,11.492733873134044,-2.892745098516052,0.0320733104238258,0.0179400590966652,-0.0141332513271606,0.0057273768613974,0.0073870831574504,0.0016597062960530002,0.0084001527300496,0.0048543689320388,-0.0035457837980108
SAP SE_Earnings Call_2024-10-21T00_00_00_English.docx,SAP,2024,FQ3,2024-10-21,13.623838280588023,11.6467788771648,-1.9770594034232225,0.0304609218436873,0.0152190051967334,-0.0152419166469539,0.0036072144288577,0.0083518930957683,0.0047446786669106,0.0084168336673346,0.0042687453600593,-0.004148088307275299
SAP SE_Earnings Call_2025-01-28T00_00_00_English.docx,SAP,2024,FQ4,2025-01-28,14.241339146601726,12.37048332976369,-1.870855816838036,0.0313445147099257,0.0132433783108445,-0.0181011363990812,0.0035743744844652,0.0067466266866566,0.0031722522021914,0.0063238933186692,0.0057471264367816,-0.0005767668818876005
"Salesforce, Inc._Earnings Call_2020-05-28T00_00_00_English.docx",Salesforce,2021,FQ1,2020-05-28,15.320240728699993,12.32911715769483,-2.991123571005163,0.0154586052902782,0.0209030100334448,0.005444404743166599,0.0085881140501545,0.0080824972129319,-0.0005056168372225989,0.0109927859841978,0.0055741360089186,-0.0054186499752792
"Salesforce, Inc._Earnings Call_2020-08-25T00_00_00_English.docx",Salesforce,2021,FQ2,2020-08-25,14.859507785032648,10.744496771238676,-4.115011013793971,0.0290055248618784,0.0166900913562895,-0.012315433505588901,0.005524861878453,0.0057976106816584,0.0002727488032053995,0.0133517495395948,0.0043921293042867,-0.0089596202353081
"Salesforce, Inc._Earnings Call_2020-12-01T00_00_00_English.docx",Salesforce,2021,FQ3,2020-12-01,12.891152231217246,13.024690244565416,0.13353801334817028,0.0218068535825545,0.0211113807328318,-0.0006954728497226975,0.0031152647975077,0.0048531909730647,0.0017379261755570002,0.0093457943925233,0.0048531909730647,-0.004492603419458599
"Salesforce, Inc._Earnings Call_2021-02-25T00_00_00_English.docx",Salesforce,2021,FQ4,2021-02-25,14.872734238073804,13.115271910112362,-1.7574623279614414,0.0235014523369421,0.01792,-0.0055814523369421,0.0066015315553208,0.00448,-0.0021215315553208,0.0100343279640876,0.00416,-0.005874327964087601
"Salesforce, Inc._Earnings Call_2021-05-27T00_00_00_English.docx",Salesforce,2022,FQ1,2021-05-27,12.527682708187408,11.771340904413552,-0.7563418037738554,0.0268643885665162,0.0208773784355179,-0.0059870101309983,0.0036535568450462,0.0060782241014799,0.0024246672564337,0.008381689232753,0.002906976744186,-0.005474712488567001
"Salesforce, Inc._Earnings Call_2021-08-25T00_00_00_English.docx",Salesforce,2022,FQ2,2021-08-25,13.46830673460379,11.409863266630072,-2.058443467973717,0.0268456375838926,0.0191027496382054,-0.007742887945687199,0.0034573927191376,0.0049204052098408,0.0014630124907032004,0.0081350416920886,0.0054992764109985,-0.002635765281090101
"Salesforce, Inc._Earnings Call_2021-11-30T00_00_00_English.docx",Salesforce,2022,FQ3,2021-11-30,12.274377732824233,11.824973190020325,-0.44940454280390796,0.0255112370925288,0.0293563156477242,0.003845078555195402,0.0034419923061348,0.0064637759224346,0.0030217836162998,0.0074913950192346,0.0067330999192028,-0.0007582951000317997
"Salesforce, Inc._Earnings Call_2022-03-01T00_00_00_English.docx",Salesforce,2022,FQ4,2022-03-01,13.21708878528181,12.039155432697164,-1.1779333525846454,0.0195764370884499,0.0136322326567706,-0.005944204431679298,0.0056949635166399,0.0066646470766434,0.0009696835600035,0.0096102509343299,0.0030293850348379,-0.006580865899492001
"Salesforce, Inc._Earnings Call_2022-05-31T00_00_00_English.docx",Salesforce,2023,FQ1,2022-05-31,14.99644080373836,12.864973499421565,-2.1314673043167947,0.0269613796453728,0.0245267928552386,-0.0024345867901342,0.0053436968666504,0.0063982937883231,0.0010545969216726996,0.0114160796696623,0.0021327645961077,-0.0092833150735546
"Salesforce, Inc._Earnings Call_2022-08-24T00_00_00_English.docx",Salesforce,2023,FQ2,2022-08-24,14.684460207121578,12.749850354423735,-1.934609852697843,0.0212638514525306,0.0185580204778156,-0.002705830974714999,0.0041928721174004,0.0051194539249146,0.0009265818075141997,0.0071877807726864,0.0040529010238907,-0.003134879748795699
"Salesforce, Inc._Earnings Call_2022-11-30T00_00_00_English.docx",Salesforce,2023,FQ3,2022-11-30,14.315930407498536,11.90238606734284,-2.4135443401556955,0.0258673783617327,0.0214828399266439,-0.004384538435088799,0.0084171628002463,0.0078595755829185,-0.0005575872173277999,0.0073906795319236,0.004977731202515,-0.002412948329408599
"Salesforce, Inc._Earnings Call_2023-03-01T00_00_00_English.docx",Salesforce,2023,FQ4,2023-03-01,15.445536415502488,11.139103310909844,-4.306433104592644,0.033561805719688,0.0251669234720082,-0.008394882247679796,0.0070905223351453,0.0071905495634309,0.00010002722828560042,0.0042543134010872,0.0048793014894709,0.0006249880883837005
"Salesforce, Inc._Earnings Call_2023-05-31T00_00_00_English.docx",Salesforce,2024,FQ1,2023-05-31,15.125132844690649,12.521834625323,-2.603298219367648,0.0264721772015126,0.0151912978244561,-0.011280879377056501,0.008373851971907,0.0050637659414853,-0.0033100860304216993,0.0078336034575904,0.0031882970742685,-0.0046453063833218995
"Salesforce, Inc._Earnings Call_2023-08-30T00_00_00_English.docx",Salesforce,2024,FQ2,2023-08-30,13.727418701376742,13.587247649771909,-0.1401710516048329,0.0242759082538088,0.0232880510119212,-0.0009878572418875985,0.0033484011384563,0.0038813418353202,0.0005329406968639003,0.0045203415369161,0.0030496257277515,-0.0014707158091646
"Salesforce, Inc._Earnings Call_2023-11-29T00_00_00_English.docx",Salesforce,2024,FQ3,2023-11-29,12.422615564495572,12.09470436616418,-0.3279111983313925,0.0280058959781006,0.0208232445520581,-0.007182651426042502,0.0031585596967782,0.0041162227602905,0.0009576630635123001,0.0073699726258159,0.0048426150121065,-0.0025273576137094
"Salesforce, Inc._Earnings Call_2024-02-28T00_00_00_English.docx",Salesforce,2024,FQ4,2024-02-28,13.079515151515151,10.5815,-2.498015151515151,0.0205333333333333,0.0223958333333333,0.0018624999999999996,0.0045333333333333,0.003125,-0.0014083333333332997,0.0056,0.003125,-0.0024749999999999998
Shopify Inc._Earnings Call_2021-04-28T00_00_00_English.docx,Shopify,2021,FQ1,2021-04-28,16.152693897872155,12.982168774621606,-3.170525123250549,0.0234993614303959,0.0168359941944847,-0.0066633672359112,0.0033205619412515,0.0052249637155297,0.0019044017742781997,0.0051085568326947,0.0066763425253991,0.0015677856927044003
Shopify Inc._Earnings Call_2021-07-28T00_00_00_English.docx,Shopify,2021,FQ2,2021-07-28,16.858548576923162,12.799266525016735,-4.059282051906427,0.0199576655579074,0.018523153942428,-0.0014345116154793995,0.0027214998488055,0.0042553191489361,0.0015338193001306001,0.0060477774417901,0.0037546933667083,-0.0022930840750818
Shopify Inc._Earnings Call_2021-10-28T00_00_00_English.docx,Shopify,2021,FQ3,2021-10-28,17.07674377752337,13.004894230045569,-4.0718495474778,0.0186023127199597,0.0165446162191483,-0.0020576965008114005,0.0037707390648567,0.0027122321670735,-0.0010585068977831996,0.0060331825037707,0.0035259018171955,-0.0025072806865752
Shopify Inc._Earnings Call_2022-02-16T00_00_00_English.docx,Shopify,2021,FQ4,2022-02-16,17.06627565982405,13.864785360525488,-3.2014902992985625,0.025785808394504,0.0227382680212868,-0.003047540373217198,0.0033879164313946,0.0048379293662312,0.0014500129348366001,0.0063993977037455,0.0009675858732462,-0.0054318118304992995
Shopify Inc._Earnings Call_2022-05-05T00_00_00_English.docx,Shopify,2022,FQ1,2022-05-05,17.83998855016459,12.348721829148936,-5.491266721015656,0.0170316301703163,0.0144998771196854,-0.0025317530506309017,0.0051094890510948,0.0076185795035635,0.0025090904524687,0.005596107055961,0.0056524944703858,5.638741442479979e-05
Shopify Inc._Earnings Call_2022-07-27T00_00_00_English.docx,Shopify,2022,FQ2,2022-07-27,17.33359350212577,11.834813310697603,-5.498780191428166,0.0208333333333333,0.0150128158183815,-0.005820517514951801,0.008578431372549,0.0098864884657634,0.001308057093214401,0.0073529411764705,0.0058586598315635,-0.0014942813449069997
Shopify Inc._Earnings Call_2022-10-27T00_00_00_English.docx,Shopify,2022,FQ3,2022-10-27,16.916640041538386,12.889159614823464,-4.027480426714922,0.0199847735059002,0.018383425736796,-0.0016013477691042,0.0072325846973734,0.0078786110300554,0.0006460263326820001,0.0064712599923867,0.0055442077618908,-0.0009270522304958995
Shopify Inc._Earnings Call_2023-02-15T00_00_00_English.docx,Shopify,2022,FQ4,2023-02-15,16.471054449176933,12.010827596801686,-4.460226852375246,0.0243755036261079,0.0232777603019817,-0.0010977433241261998,0.0048348106365834,0.0078641082101289,0.0030292975735455004,0.0056406124093473,0.0062912865681031,0.0006506741587558006
Shopify Inc._Earnings Call_2023-05-04T00_00_00_English.docx,Shopify,2023,FQ1,2023-05-04,16.667217491047,11.8411936180767,-4.8260238729703016,0.0251074417552589,0.0210914843132085,-0.0040159574420504,0.0045238633793259,0.0071183759557078,0.0025945125763819,0.0076905677448541,0.0023727919852359,-0.0053177757596182
Shopify Inc._Earnings Call_2023-08-02T00_00_00_English.docx,Shopify,2023,FQ2,2023-08-02,16.960615333719296,12.22585736354274,-4.734757970176556,0.0271028037383177,0.0223137658771026,-0.004789037861215099,0.0031775700934579,0.0075523515276347,0.0043747814341768,0.0057943925233644,0.0013731548232063,-0.0044212377001581005
Shopify Inc._Earnings Call_2023-11-02T00_00_00_English.docx,Shopify,2023,FQ3,2023-11-02,16.687804882366322,11.66603489389666,-5.0217699884696625,0.0242295018414421,0.0169622205088666,-0.007267281332575499,0.0031013762357045,0.0089951169365201,0.0058937407008156,0.0042643923240938,0.0020560267283474,-0.0022083655957464
Shopify Inc._Earnings Call_2024-02-13T00_00_00_English.docx,Shopify,2023,FQ4,2024-02-13,16.419664337946276,11.714775542011076,-4.704888795935201,0.0246369717735356,0.0201775625504439,-0.004459409223091702,0.0034263338228095,0.0061877858488027,0.0027614520259932004,0.0044052863436123,0.0024213075060532,-0.0019839788375590997
Shopify Inc._Earnings Call_2024-05-08T00_00_00_English.docx,Shopify,2024,FQ1,2024-05-08,15.867125626171884,10.754279806960632,-5.112845819211252,0.0249097472924187,0.0232688533781889,-0.0016408939142298004,0.0030685920577617,0.0053266049901878,0.0022580129324261,0.0061371841155234,0.0030838239416876,-0.0030533601738358
Shopify Inc._Earnings Call_2024-08-07T00_00_00_English.docx,Shopify,2024,FQ2,2024-08-07,15.604336872691304,11.983459492647844,-3.62087738004346,0.0257183041993168,0.0123298227587978,-0.013388481440519,0.0052240305404862,0.0051374261494991,-8.660439098710001e-05,0.0022101667671287,0.0033393269971744,0.0011291602300457
Shopify Inc._Earnings Call_2024-11-12T00_00_00_English.docx,Shopify,2024,FQ3,2024-11-12,14.895928791633924,12.855424530128818,-2.040504261505106,0.0222271126760563,0.0176311968471271,-0.004595915828929202,0.0035211267605633,0.008504459655673,0.004983332895109699,0.0044014084507042,0.0031113876789047,-0.0012900207717995004
Shopify Inc._Earnings Call_2025-02-11T00_00_00_English.docx,Shopify,2024,FQ4,2025-02-11,14.647159274867889,12.623494912623212,-2.023664362244677,0.0264900662251655,0.0176594623089088,-0.008830603916256702,0.0022075055187637,0.0055350553505535,0.0033275498317897998,0.0058866813833701,0.0031628887717448,-0.0027237926116253
Snap Inc._Earnings Call_2021-04-22T00_00_00_English.docx,Snap,2021,FQ1,2021-04-22,18.842909142944023,14.423709798055349,-4.419199344888675,0.0317103109656301,0.0288265306122448,-0.0028837803533853026,0.0036824877250409,0.0040816326530612,0.00039914492802029964,0.0073649754500818,0.0035714285714285,-0.0037935468786533
Snap Inc._Earnings Call_2021-07-22T00_00_00_English.docx,Snap,2021,FQ2,2021-07-22,19.072869288421177,14.420925598840377,-4.651943689580801,0.0246198406951484,0.0271176963936259,0.0024978556984774983,0.0034395365677045,0.0081073525300531,0.004667815962348601,0.0083272990586531,0.0055912776069331,-0.00273602145172
Snap Inc._Earnings Call_2021-10-21T00_00_00_English.docx,Snap,2021,FQ3,2021-10-21,19.20927619389158,14.561904761904763,-4.647371431986816,0.0199704142011834,0.0213888888888888,0.0014184746877054025,0.0088757396449704,0.0136111111111111,0.004735371466140699,0.0055473372781065,0.0044444444444444,-0.0011028928336620997
Snap Inc._Earnings Call_2022-02-03T00_00_00_English.docx,Snap,2021,FQ4,2022-02-03,17.95093922615182,16.15885609134376,-1.7920831348080597,0.0283701094010754,0.0186397984886649,-0.0097303109124105,0.0055627665492304,0.0093198992443324,0.0037571326951019992,0.0040793621361023,0.0060453400503778,0.0019659779142754998
Snap Inc._Earnings Call_2022-04-21T00_00_00_English.docx,Snap,2022,FQ1,2022-04-21,19.089016874270865,14.194027098502412,-4.894989775768453,0.0251658213031603,0.0201588271227855,-0.005006994180374799,0.0101443620756925,0.0109957238851557,0.0008513618094631997,0.0079984393289114,0.0067196090409285,-0.0012788302879828996
Snap Inc._Earnings Call_2022-10-20T00_00_00_English.docx,Snap,2022,FQ3,2022-10-20,18.295122887864824,15.16889251095243,-3.1262303769123942,0.0387096774193548,0.0254579323191555,-0.013251745100199299,0.0055299539170506,0.0086929524992238,0.0031629985821731996,0.0101382488479262,0.0037255510710959,-0.0064126977768303
Snap Inc._Earnings Call_2023-01-31T00_00_00_English.docx,Snap,2022,FQ4,2023-01-31,18.35673084240164,14.3088386702731,-4.047892172128538,0.0349288486416558,0.0238237045860631,-0.011105144055592705,0.0064683053040103,0.0056581298391899,-0.0008101754648203998,0.0116429495472186,0.0032757593805836,-0.008367190166635001
Snap Inc._Earnings Call_2023-04-27T00_00_00_English.docx,Snap,2023,FQ1,2023-04-27,18.089800995024877,15.091196345293618,-2.9986046497312593,0.0407960199004975,0.022651565622918,-0.0181444542775795,0.0049751243781094,0.0089940039973351,0.004018879619225701,0.0129353233830845,0.0043304463690872,-0.0086048770139973
Snap Inc._Earnings Call_2023-07-25T00_00_00_English.docx,Snap,2023,FQ2,2023-07-25,18.925039872408295,15.169104990443362,-3.755934881964933,0.0350877192982456,0.0243362831858407,-0.010751436112404898,0.0035087719298245,0.0071288102261553,0.0036200382963308005,0.0105263157894736,0.0031956735496558,-0.007330642239817801
Snap Inc._Earnings Call_2023-10-24T00_00_00_English.docx,Snap,2023,FQ3,2023-10-24,16.645088184227358,13.19321577601292,-3.451872408214438,0.0283286118980169,0.0265345268542199,-0.0017940850437970016,0.0,0.0038363171355498,0.0038363171355498,0.0141643059490084,0.0031969309462915,-0.0109673750027169
Snap Inc._Earnings Call_2024-02-06T00_00_00_English.docx,Snap,2023,FQ4,2024-02-06,16.990418126393376,13.560325897985807,-3.4300922284075686,0.0253878702397743,0.0214576396596374,-0.0039302305801369,0.005641748942172,0.0122086570477247,0.0065669081055527,0.0141043723554301,0.001479837217906,-0.0126245351375241
Snap Inc._Earnings Call_2024-04-25T00_00_00_English.docx,Snap,2024,FQ1,2024-04-25,17.88575881051325,13.969402939187114,-3.916355871326134,0.0272006044578768,0.0259829059829059,-0.0012176984749708991,0.0071779372874952,0.0034188034188034,-0.0037591338686918,0.0079335096335474,0.003076923076923,-0.004856586556624401
Snap Inc._Earnings Call_2024-08-01T00_00_00_English.docx,Snap,2024,FQ2,2024-08-01,18.82811797170338,15.198910817092196,-3.6292071546111853,0.0300113250283125,0.0208275479033601,-0.0091837771249524,0.0065118912797281,0.0044432102193835,-0.0020686810603446,0.0059456398640996,0.0066648153290752,0.0007191754649756004
Snap Inc._Earnings Call_2024-10-29T00_00_00_English.docx,Snap,2024,FQ3,2024-10-29,18.31356568984452,14.519834852379844,-3.7937308374646754,0.0244725738396624,0.0218508997429305,-0.002621674096731901,0.0053445850914205,0.0055698371893744,0.00022525209795389977,0.010126582278481,0.0012853470437017,-0.008841235234779301
Snap Inc._Earnings Call_2025-02-04T00_00_00_English.docx,Snap,2024,FQ4,2025-02-04,18.590768364762173,14.685185185185183,-3.9055831795769897,0.0294117647058823,0.0278225806451612,-0.0015891840607211022,0.0032085561497326,0.0044354838709677,0.0012269277212351003,0.0061497326203208,0.0028225806451612,-0.0033271519751595998
Spotify Technology S.A._Earnings Call_2021-04-28T00_00_00_English.docx,Spotify,2021,FQ1,2021-04-28,14.633838383838384,12.6725220311986,-1.961316352639784,0.0289562289562289,0.0243079000675219,-0.004648328888706997,0.0087542087542087,0.0029259509340535,-0.005828257820155201,0.0094276094276094,0.004501462975467,-0.004926146452142399
Spotify Technology S.A._Earnings Call_2021-07-28T00_00_00_English.docx,Spotify,2021,FQ2,2021-07-28,13.974897581604331,12.902091530337543,-1.072806051266788,0.0268270120259019,0.0247065007885053,-0.002120511237396601,0.0148011100832562,0.0033292447871035,-0.0114718652961527,0.0092506938020351,0.0070089363939022,-0.0022417574081329003
Spotify Technology S.A._Earnings Call_2021-10-27T00_00_00_English.docx,Spotify,2021,FQ3,2021-10-27,14.00025545805048,11.79843603378167,-2.2018194242688107,0.0356576862123613,0.0203035274815422,-0.015354158730819103,0.0063391442155309,0.0032813781788351,-0.0030577660366958,0.0063391442155309,0.0051271534044298,-0.0012119908111011
Spotify Technology S.A._Earnings Call_2022-02-02T00_00_00_English.docx,Spotify,2021,FQ4,2022-02-02,14.13654282225711,12.069943798891169,-2.066599023365942,0.0219017094017094,0.0137061403508771,-0.0081955690508323,0.0080128205128205,0.0032894736842105,-0.00472334682861,0.0101495726495726,0.0045687134502923,-0.005580859199280299
Spotify Technology S.A._Earnings Call_2022-04-27T00_00_00_English.docx,Spotify,2022,FQ1,2022-04-27,14.295429090457615,11.3960518600738,-2.8993772303838146,0.0227401932916429,0.019311168624328,-0.0034290246673149005,0.0068220579874928,0.0025880947640852,-0.0042339632234076,0.0073905628197839,0.0037826000398168,-0.0036079627799671
Spotify Technology S.A._Earnings Call_2022-07-27T00_00_00_English.docx,Spotify,2022,FQ2,2022-07-27,14.078230668414154,11.646395744975685,-2.431834923438469,0.019659239842726,0.016420702556641,-0.003238537286084999,0.0104849279161205,0.004364996882145,-0.006119931033975501,0.0117955439056356,0.0083142797755144,-0.0034812641301212
Spotify Technology S.A._Earnings Call_2022-10-25T00_00_00_English.docx,Spotify,2022,FQ3,2022-10-25,13.23431253047294,12.360034820404394,-0.8742777100685455,0.0209653827401267,0.0154424866363096,-0.0055228961038171,0.0131643100926377,0.0057414373391407,-0.007422872753497,0.0141394441735738,0.0067313403286477,-0.0074081038449261005
Spotify Technology S.A._Earnings Call_2023-01-31T00_00_00_English.docx,Spotify,2022,FQ4,2023-01-31,13.249778265441414,11.898843920410778,-1.3509343450306357,0.029179810725552,0.023829969944182,-0.0053498407813700015,0.0063091482649842,0.0030055817947617,-0.0033035664702225002,0.0110410094637223,0.0075139544869042,-0.0035270549768180995
Spotify Technology S.A._Earnings Call_2023-04-25T00_00_00_English.docx,Spotify,2023,FQ1,2023-04-25,13.310132562882394,11.908152918423278,-1.4019796444591162,0.0285520054384772,0.0247968326734736,-0.0037551727650035997,0.0054384772263766,0.0068764325901229,0.0014379553637462999,0.0108769544527532,0.009585330277141,-0.0012916241756122
Spotify Technology S.A._Earnings Call_2023-07-25T00_00_00_English.docx,Spotify,2023,FQ2,2023-07-25,13.650382300309094,11.6876374863768,-1.962744813932293,0.027818448023426,0.0215485756026296,-0.0062698724207964004,0.0043923865300146,0.0023739956172388,-0.0020183909127758,0.0102489019033674,0.0085829072315558,-0.0016659946718116
Spotify Technology S.A._Earnings Call_2023-10-24T00_00_00_English.docx,Spotify,2023,FQ3,2023-10-24,13.797614676607594,11.775133149059531,-2.022481527548063,0.025177025963808,0.0283310439560439,0.0031540179922358996,0.004720692368214,0.0036057692307692,-0.0011149231374448002,0.006294256490952,0.0044642857142857,-0.0018299707766663
Spotify Technology S.A._Earnings Call_2024-02-06T00_00_00_English.docx,Spotify,2023,FQ4,2024-02-06,13.91979381443299,12.130751444483302,-1.789042369949689,0.0264175257731958,0.0260339734121122,-0.00038355236108359933,0.0122422680412371,0.005354505169867,-0.0068877628713701,0.0077319587628865,0.0070162481536189,-0.0007157106092676004
Spotify Technology S.A._Earnings Call_2024-04-23T00_00_00_English.docx,Spotify,2024,FQ1,2024-04-23,14.393014397061984,12.629622492773931,-1.7633919042880528,0.029126213592233,0.0227467811158798,-0.006379432476353201,0.0090152565880721,0.0034334763948497,-0.005581780193222401,0.0090152565880721,0.0066523605150214,-0.0023628960730507007
Spotify Technology S.A._Earnings Call_2024-07-23T00_00_00_English.docx,Spotify,2024,FQ2,2024-07-23,14.919226894988668,12.265249790705372,-2.653977104283296,0.0216066481994459,0.020248038471273,-0.0013586097281729007,0.0083102493074792,0.0050620096178182,-0.003248239689661,0.009972299168975,0.0083523158694001,-0.0016199832995748998
Spotify Technology S.A._Earnings Call_2024-11-12T00_00_00_English.docx,Spotify,2024,FQ3,2024-11-12,14.090795153878291,11.781466486729643,-2.309328667148648,0.0287425149700598,0.0241228070175438,-0.004619707952516001,0.0065868263473053,0.0024366471734892,-0.004150179173816099,0.0065868263473053,0.0041423001949317,-0.0024445261523735997
Spotify Technology S.A._Earnings Call_2025-02-04T00_00_00_English.docx,Spotify,2024,FQ4,2025-02-04,13.20009325096165,11.285954562570604,-1.9141386883910467,0.0300268096514745,0.0196498054474708,-0.010377004204003702,0.0021447721179624,0.0036964980544747,0.0015517259365123,0.0075067024128686,0.0060311284046692,-0.0014755740081993998
Twilio Inc._Earnings Call_2021-05-05T00_00_00_English.docx,Twilio,2021,FQ1,2021-05-05,16.5952380952381,12.827272795884229,-3.76796529935387,0.0063492063492063,0.0172769468798349,0.010927740530628602,0.0079365079365079,0.0059308922124806,-0.0020056157240272996,0.0222222222222222,0.0043837029396596,-0.0178385192825626
Twilio Inc._Earnings Call_2021-07-29T00_00_00_English.docx,Twilio,2021,FQ2,2021-07-29,16.93638531235098,12.593341604631927,-4.343043707719051,0.0071530758226037,0.0200103501811281,0.0128572743585244,0.0085836909871244,0.0058651026392961,-0.0027185883478282992,0.0214592274678111,0.0037950664136622,-0.0176641610541489
Twilio Inc._Earnings Call_2021-10-27T00_00_00_English.docx,Twilio,2021,FQ3,2021-10-27,17.804511278195488,12.768544192666711,-5.035967085528776,0.0175438596491228,0.0231566118220597,0.0056127521729368995,0.0070175438596491,0.0073126142595978,0.00029507039994869973,0.0263157894736842,0.0036563071297989,-0.022659482343885297
Twilio Inc._Earnings Call_2022-02-09T00_00_00_English.docx,Twilio,2021,FQ4,2022-02-09,18.24354487681727,12.657494932880054,-5.586049943937217,0.016453382084095,0.0200808813275693,0.003627499243474299,0.0054844606946983,0.0054385720262167,-4.588866848159994e-05,0.0255941499085923,0.0034862641193696,-0.0221078857892227
Twilio Inc._Earnings Call_2022-05-04T00_00_00_English.docx,Twilio,2022,FQ1,2022-05-04,16.180839788014676,12.570069605222407,-3.610770182792269,0.0358744394618834,0.0153036037518512,-0.020570835710032202,0.0179372197309417,0.0075695244363995,-0.0103676952945422,0.0044843049327354,0.005101201250617,0.0006168963178816
Twilio Inc._Earnings Call_2022-08-04T00_00_00_English.docx,Twilio,2022,FQ2,2022-08-04,16.440552995391705,12.21513096504627,-4.225422030345435,0.0241935483870967,0.0234750462107208,-0.0007185021763758993,0.0161290322580645,0.0072088724584103,-0.008920159799654197,0.0,0.0048059149722735,0.0048059149722735
Twilio Inc._Earnings Call_2023-02-15T00_00_00_English.docx,Twilio,2022,FQ4,2023-02-15,16.549631811487483,12.288628801216309,-4.261003010271175,0.0103092783505154,0.0187649720521692,0.008455693701653801,0.0025773195876288,0.0066542454085706,0.004076925820941799,0.0257731958762886,0.0047910566941708,-0.0209821391821178
Twilio Inc._Earnings Call_2023-05-09T00_00_00_English.docx,Twilio,2023,FQ1,2023-05-09,13.004964114832536,12.79599387186849,-0.2089702429640461,0.0063795853269537,0.0123127132472926,0.0059331279203389,0.0031897926634768,0.0065272214804925,0.0033374288170157,0.0127591706539074,0.0035603026257231,-0.009198868028184301
Twilio Inc._Earnings Call_2023-08-08T00_00_00_English.docx,Twilio,2023,FQ2,2023-08-08,17.102221324134348,11.872029720578192,-5.230191603556156,0.0322120866590649,0.0188936945139995,-0.013318392145065402,0.0102622576966932,0.006373776462554,-0.0038884812341392003,0.0062713797035347,0.003186888231277,-0.0030844914722577
Twilio Inc._Earnings Call_2023-11-08T00_00_00_English.docx,Twilio,2023,FQ3,2023-11-08,16.907342172966555,12.640963671517248,-4.2663785014493065,0.0313940092165898,0.0199789695057833,-0.011415039710806502,0.0069124423963133,0.0067297581493165,-0.00018268424699680041,0.007200460829493,0.0056782334384858,-0.0015222273910071998
Twilio Inc._Earnings Call_2024-02-14T00_00_00_English.docx,Twilio,2023,FQ4,2024-02-14,16.99788334715476,12.754697184206387,-4.2431861629483745,0.0306539509536784,0.0228881547899952,-0.007765796163683201,0.0088555858310626,0.0056630486078338,-0.0031925372232287997,0.0071525885558583,0.0051911278905143,-0.0019614606653440003
Twilio Inc._Earnings Call_2024-05-07T00_00_00_English.docx,Twilio,2024,FQ1,2024-05-07,17.051743000521633,12.571195873321232,-4.480547127200401,0.0237495501979129,0.016162549064881,-0.0075870011330318975,0.0079165167326376,0.0078503809743708,-6.61357582668002e-05,0.0082763584023029,0.0027707226968367,-0.0055056357054662
Twilio Inc._Earnings Call_2024-08-01T00_00_00_English.docx,Twilio,2024,FQ2,2024-08-01,16.546618072309773,11.576783502934369,-4.969834569375404,0.0393374741200828,0.0170293282876064,-0.022308145832476402,0.0066252587991718,0.0059129612109744,-0.0007122975881974003,0.00703933747412,0.0052034058656575,-0.0018359316084624999
Twilio Inc._Earnings Call_2024-10-30T00_00_00_English.docx,Twilio,2024,FQ3,2024-10-30,17.712442314240068,13.30915773094389,-4.403284583296179,0.0377936670071501,0.0168411470186618,-0.020952519988488304,0.0064691862444671,0.0059171597633136,-0.0005520264811535005,0.0054477357848144,0.0068274920345926,0.0013797562497782
Twilio Inc._Earnings Call_2025-02-13T00_00_00_English.docx,Twilio,2024,FQ4,2025-02-13,16.520681205586868,10.721937253667434,-5.798743951919434,0.0236706689536878,0.0166047629451605,-0.007065906008527301,0.0051457975986277,0.0050251256281407,-0.00012067197048699994,0.006861063464837,0.0052436093511033,-0.0016174541137337003
"Zoom Communications, Inc._Earnings Call_2020-06-02T00_00_00_English.docx",Zoom,2021,FQ1,2020-06-02,15.09675383976754,10.455219274033915,-4.641534565733625,0.0186799501867995,0.0169220214955408,-0.0017579286912586985,0.0087173100871731,0.0144065858678252,0.005689275780652101,0.0136986301369863,0.005259547221587,-0.0084390829153993
"Zoom Communications, Inc._Earnings Call_2020-08-31T00_00_00_English.docx",Zoom,2021,FQ2,2020-08-31,15.055186657179055,10.923237088040985,-4.1319495691380705,0.0177111716621253,0.0142988929889298,-0.0034122786731955006,0.0040871934604904,0.0115313653136531,0.0074441718531627,0.0115803814713896,0.0064575645756457,-0.0051228168957439
"Zoom Communications, Inc._Earnings Call_2020-11-30T00_00_00_English.docx",Zoom,2021,FQ3,2020-11-30,14.353521126760564,12.308109014675054,-2.0454121120855095,0.019806338028169,0.0188679245283018,-0.0009384134998672022,0.0035211267605633,0.0091719077568134,0.0056507809962501,0.0158450704225352,0.0070754716981132,-0.008769598724422002
"Zoom Communications, Inc._Earnings Call_2021-03-01T00_00_00_English.docx",Zoom,2021,FQ4,2021-03-01,15.223410366143606,10.99167136988748,-4.231738996256125,0.0281740370898716,0.0179273084479371,-0.010246728641934499,0.0039229671897289,0.0078585461689587,0.0039355789792298,0.0135520684736091,0.0051571709233791,-0.00839489755023
"Zoom Communications, Inc._Earnings Call_2021-06-01T00_00_00_English.docx",Zoom,2022,FQ1,2021-06-01,14.804715888691677,11.342409929417729,-3.462305959273948,0.0254706533776301,0.0173895662602438,-0.0080810871173863,0.0033222591362126,0.0095942434539276,0.006271984317715,0.0136581764488741,0.006795922446532,-0.0068622540023421
"Zoom Communications, Inc._Earnings Call_2021-08-30T00_00_00_English.docx",Zoom,2022,FQ2,2021-08-30,15.715617270747988,11.061086182887204,-4.654531087860784,0.0237053245805981,0.0154347826086956,-0.0082705419719025,0.0043763676148796,0.0097826086956521,0.0054062410807725,0.012035010940919,0.0078260869565217,-0.0042089239843973
"Zoom Communications, Inc._Earnings Call_2021-11-22T00_00_00_English.docx",Zoom,2022,FQ3,2021-11-22,16.144588744588745,11.196725235240343,-4.947863509348402,0.02,0.0185954500494559,-0.0014045499505440998,0.0027272727272727,0.0083086053412462,0.0055813326139735,0.014090909090909,0.0047477744807121,-0.0093431346101969
"Zoom Communications, Inc._Earnings Call_2022-02-28T00_00_00_English.docx",Zoom,2022,FQ4,2022-02-28,15.276598452624178,10.998003368089329,-4.2785950845348495,0.0220048899755501,0.0168767791785278,-0.005128110797022297,0.0031435557107928,0.0042700284668564,0.0011264727560636,0.0111770869717079,0.005490036600244,-0.0056870503714638995
"Zoom Communications, Inc._Earnings Call_2022-05-23T00_00_00_English.docx",Zoom,2023,FQ1,2022-05-23,15.85956598991806,11.720422897219212,-4.139143092698848,0.0226828314430973,0.0206299911268855,-0.0020528403162118,0.0039108330074305,0.0035492457852706,-0.00036158722215989944,0.0152522487289792,0.0057675244010647,-0.0094847243279145
"Zoom Communications, Inc._Earnings Call_2022-08-22T00_00_00_English.docx",Zoom,2023,FQ2,2022-08-22,13.96690173191754,11.151893774622772,-2.8150079572947675,0.0185404339250493,0.0162059103908484,-0.0023345235342009003,0.0051282051282051,0.0061010486177311,0.0009728434895260006,0.0157790927021696,0.004003813155386,-0.011775279546783597
"Zoom Communications, Inc._Earnings Call_2022-11-21T00_00_00_English.docx",Zoom,2023,FQ3,2022-11-21,15.598642216606288,11.990410339709138,-3.6082318768971504,0.0230308613542146,0.0201757890531362,-0.0028550723010783985,0.0055274067250115,0.0043947263284059,-0.0011326803966055995,0.0147397512666973,0.0037954454654414,-0.0109443058012559
"Zoom Communications, Inc._Earnings Call_2023-02-27T00_00_00_English.docx",Zoom,2023,FQ4,2023-02-27,15.606218413535489,11.162598238648432,-4.443620174887057,0.0266047297297297,0.02119503945885,-0.005409690270879702,0.0076013513513513,0.0101465614430665,0.0025452100917152005,0.011402027027027,0.0067643742953776,-0.004637652731649401
"Zoom Communications, Inc._Earnings Call_2023-05-22T00_00_00_English.docx",Zoom,2024,FQ1,2023-05-22,16.069934901022986,11.28247210028032,-4.7874628007426665,0.0224525043177892,0.020213490801726,-0.0022390135160632006,0.0073402417962003,0.0038610038610038,-0.0034792379351965,0.0120898100172711,0.0065864183511242,-0.0055033916661469005
"Zoom Communications, Inc._Earnings Call_2023-08-21T00_00_00_English.docx",Zoom,2024,FQ2,2023-08-21,14.53833897195242,11.117342558280384,-3.420996413672036,0.023191094619666,0.0208724692131079,-0.002318625406558101,0.0037105751391465,0.0045919432268837,0.0008813680877371994,0.0153061224489795,0.0045919432268837,-0.0107141792220958
"Zoom Communications, Inc._Earnings Call_2023-11-20T00_00_00_English.docx",Zoom,2024,FQ3,2023-11-20,14.366358686802176,11.630524344569288,-2.735834342232888,0.0182734719596723,0.0187074829931972,0.00043401103352489964,0.0037807183364839,0.0040391156462585,0.0002583973097746001,0.0182734719596723,0.0061649659863945,-0.0121085059732778
"Zoom Communications, Inc._Earnings Call_2024-02-26T00_00_00_English.docx",Zoom,2024,FQ4,2024-02-26,14.621802002224696,10.70226600142458,-3.9195360008001163,0.0271551724137931,0.0160363810435615,-0.011118791370231598,0.0034482758620689,0.0033508855911919,-9.73902708769998e-05,0.0129310344827586,0.0057443752991862,-0.0071866591835724
eBay Inc._Earnings Call_2021-04-28T00_00_00_English.docx,eBay,2021,FQ1,2021-04-28,14.864927573388028,12.27886163118182,-2.586065942206208,0.0218401486988847,0.0213469633193024,-0.0004931853795822998,0.0032527881040892,0.0045099218280216,0.0012571337239324003,0.0078996282527881,0.0042092603728202,-0.0036903678799678997
eBay Inc._Earnings Call_2021-08-11T00_00_00_English.docx,eBay,2021,FQ2,2021-08-11,14.15935309973046,11.918504232901771,-2.2408488668286886,0.0269541778975741,0.020907840440165,-0.0060463374574091025,0.0038185085354896,0.005777166437414,0.0019586579019244,0.008984725965858,0.002200825309491,-0.006783900656367
eBay Inc._Earnings Call_2021-10-27T00_00_00_English.docx,eBay,2021,FQ3,2021-10-27,15.390020322167455,12.80048956279323,-2.5895307593742256,0.0252827677977378,0.0176623376623376,-0.007620430135400199,0.0077622532712353,0.0046753246753246,-0.0030869285959107,0.0119760479041916,0.0012987012987012,-0.0106773466054904
eBay Inc._Earnings Call_2022-02-23T00_00_00_English.docx,eBay,2021,FQ4,2022-02-23,15.009203669621265,11.881753772270478,-3.127449897350786,0.0228787205686361,0.0189873417721519,-0.0038913787964842024,0.0071079520213238,0.0048221820373719,-0.0022857699839519,0.0093291870279875,0.0015069318866787,-0.0078222551413088
eBay Inc._Earnings Call_2022-05-04T00_00_00_English.docx,eBay,2022,FQ1,2022-05-04,14.76345922337152,11.691484777517566,-3.0719744458539537,0.0212666510867025,0.0201990632318501,-0.001067587854852399,0.0088805795746669,0.0073185011709601,-0.0015620784037068004,0.0086468801121757,0.0040983606557377,-0.004548519456438
eBay Inc._Earnings Call_2022-08-03T00_00_00_English.docx,eBay,2022,FQ2,2022-08-03,15.281783626082053,12.24239443246364,-3.0393891936184136,0.0232318017552916,0.0177599541678602,-0.005471847587431401,0.0085183273102736,0.0034374104841019,-0.005080916826171699,0.0110996386164171,0.0042967631051274,-0.0068028755112897
eBay Inc._Earnings Call_2022-11-02T00_00_00_English.docx,eBay,2022,FQ3,2022-11-02,15.60738159350741,12.467750585547932,-3.139631007959478,0.0271431802759556,0.01357312521208,-0.013570055063875602,0.0106310789414159,0.004750593824228,-0.0058804851171879,0.0126668174621126,0.001357312521208,-0.0113095049409046
eBay Inc._Earnings Call_2023-02-22T00_00_00_English.docx,eBay,2022,FQ4,2023-02-22,16.872339184730958,13.620340186486516,-3.251998998244442,0.0279212086441002,0.0181422351233671,-0.009778973520733099,0.006310958118187,0.0043541364296081,-0.0019568216885789006,0.0116657104608911,0.0018142235123367,-0.009851486948554401
eBay Inc._Earnings Call_2023-04-26T00_00_00_English.docx,eBay,2023,FQ1,2023-04-26,17.185093038331157,12.91057990978581,-4.2745131285453475,0.0256639143048426,0.0214866434378629,-0.0041772708669797,0.0060254407498326,0.0043554006968641,-0.0016700400529684996,0.010488730194153,0.0043554006968641,-0.006133329497288899
eBay Inc._Earnings Call_2023-07-26T00_00_00_English.docx,eBay,2023,FQ2,2023-07-26,16.982114809520056,13.38132868763526,-3.600786121884795,0.022490628904623,0.0223394353087185,-0.0001511935959045002,0.005414410662224,0.0037232392181197,-0.0016911714441043002,0.01228654727197,0.0018616196090598,-0.010424927662910201
eBay Inc._Earnings Call_2023-11-07T00_00_00_English.docx,eBay,2023,FQ3,2023-11-07,16.147821976092388,12.734472934472937,-3.413349041619451,0.0219490781387181,0.0131054131054131,-0.008843665033305,0.0070237050043898,0.0048433048433048,-0.0021804001610850002,0.0131694468832309,0.0017094017094017,-0.0114600451738292
eBay Inc._Earnings Call_2024-02-27T00_00_00_English.docx,eBay,2023,FQ4,2024-02-27,16.676609229550404,13.777529336346152,-2.8990798932042523,0.0235294117647058,0.0252240292067706,0.0016946174420648004,0.0067538126361655,0.004646531695984,-0.0021072809401815,0.0141612200435729,0.002323265847992,-0.0118379541955809
eBay Inc._Earnings Call_2024-05-01T00_00_00_English.docx,eBay,2024,FQ1,2024-05-01,16.320492494831218,13.249155957167725,-3.071336537663493,0.0246284501061571,0.0258456860509312,0.0012172359447740998,0.0044585987261146,0.0049410870391486,0.0004824883130340003,0.0097664543524416,0.0034207525655644,-0.006345701786877199
eBay Inc._Earnings Call_2024-07-31T00_00_00_English.docx,eBay,2024,FQ2,2024-07-31,16.430619543927588,13.466004100851144,-2.9646154430764433,0.022005924672027,0.026992696093998,0.004986771421971001,0.0040203131612357,0.0015878056525881,-0.0024325075086476,0.0118493440541684,0.0025404890441409,-0.009308855010027501
eBay Inc._Earnings Call_2024-10-30T00_00_00_English.docx,eBay,2024,FQ3,2024-10-30,15.898925084227685,13.293571462887344,-2.60535362134034,0.0172374166858193,0.0240211386019697,0.006783721916150402,0.0043668122270742,0.0036031707902954,-0.0007636414367788,0.0128706044587451,0.0038433821763151,-0.009027222282430001
eBay Inc._Earnings Call_2025-02-26T00_00_00_English.docx,eBay,2024,FQ4,2025-02-26,16.4648698544874,12.81090125180667,-3.653968602680731,0.0248827248623291,0.0282942603071948,0.0034115354448657,0.0036712217009993,0.0029641606036108,-0.0007070610973884998,0.011625535386498,0.0035030988951765,-0.0081224364913215
