research_company,file_name,communication_context,n_sentences,n_positive,n_negative,n_neutral,mean_positive_probability,mean_negative_probability,mean_neutral_probability,n_chunked_sentences,finbert_positive_sentence_share,finbert_negative_sentence_share,neutral_sentence_share
Alphabet,Alphabet Inc._Earnings Call_2021-04-27T00_00_00_English.docx,managerial_qa,152,52,8,92,0.35181601714023675,0.04641262140854464,0.6017713618236682,0,0.34210526315789475,0.05263157894736842,0.6052631578947368
Alphabet,Alphabet Inc._Earnings Call_2021-04-27T00_00_00_English.docx,prepared_management,202,83,4,115,0.419250945852876,0.02588079835847648,0.5548682546744882,0,0.41089108910891087,0.019801980198019802,0.5693069306930693
Alphabet,Alphabet Inc._Earnings Call_2021-07-27T00_00_00_English.docx,managerial_qa,196,66,0,130,0.3431902834753492,0.006478817190604168,0.6503309054549813,0,0.336734693877551,0.0,0.6632653061224489
Alphabet,Alphabet Inc._Earnings Call_2021-07-27T00_00_00_English.docx,prepared_management,196,97,12,87,0.49010726603746546,0.05876196152006432,0.45113077207923646,0,0.49489795918367346,0.061224489795918366,0.44387755102040816
Alphabet,Alphabet Inc._Earnings Call_2021-10-26T00_00_00_English.docx,managerial_qa,172,54,2,116,0.3234040438076049,0.01506994215365818,0.6615260165846449,0,0.313953488372093,0.011627906976744186,0.6744186046511628
Alphabet,Alphabet Inc._Earnings Call_2021-10-26T00_00_00_English.docx,prepared_management,211,104,9,98,0.48618723357109517,0.04436900789966663,0.4694437578385035,0,0.4928909952606635,0.04265402843601896,0.46445497630331756
Alphabet,Alphabet Inc._Earnings Call_2022-02-01T00_00_00_English.docx,managerial_qa,185,60,8,117,0.33359377264888157,0.040254406313518454,0.6261518248579643,0,0.32432432432432434,0.043243243243243246,0.6324324324324324
Alphabet,Alphabet Inc._Earnings Call_2022-02-01T00_00_00_English.docx,prepared_management,221,118,9,94,0.5374662977772631,0.0422003018009564,0.42033340008518655,0,0.5339366515837104,0.04072398190045249,0.4253393665158371
Alphabet,Alphabet Inc._Earnings Call_2022-04-26T00_00_00_English.docx,managerial_qa,132,42,15,75,0.3292613470841801,0.10733978542573952,0.563398871300816,0,0.3181818181818182,0.11363636363636363,0.5681818181818182
Alphabet,Alphabet Inc._Earnings Call_2022-04-26T00_00_00_English.docx,prepared_management,212,103,11,98,0.4848515249689988,0.05025710353670861,0.4648913750540968,0,0.4858490566037736,0.05188679245283019,0.46226415094339623
Alphabet,Alphabet Inc._Earnings Call_2022-07-26T00_00_00_English.docx,managerial_qa,137,53,12,72,0.39103411770076435,0.08243123597039831,0.5265346452224462,0,0.38686131386861317,0.08759124087591241,0.5255474452554745
Alphabet,Alphabet Inc._Earnings Call_2022-07-26T00_00_00_English.docx,prepared_management,215,93,13,109,0.44455933575930523,0.06518678956430003,0.49025387155464445,0,0.4325581395348837,0.06046511627906977,0.5069767441860465
Alphabet,Alphabet Inc._Earnings Call_2022-10-25T00_00_00_English.docx,managerial_qa,135,49,14,72,0.3684650085434435,0.10283882049333351,0.5286961745163153,0,0.362962962962963,0.1037037037037037,0.5333333333333333
Alphabet,Alphabet Inc._Earnings Call_2022-10-25T00_00_00_English.docx,prepared_management,224,87,29,108,0.39372179030017124,0.1302673210217409,0.4760108958466529,0,0.38839285714285715,0.12946428571428573,0.48214285714285715
Alphabet,Alphabet Inc._Earnings Call_2023-02-02T00_00_00_English.docx,managerial_qa,116,49,4,63,0.4218976471876521,0.03687756971901515,0.5412247835815943,0,0.4224137931034483,0.034482758620689655,0.5431034482758621
Alphabet,Alphabet Inc._Earnings Call_2023-02-02T00_00_00_English.docx,prepared_management,244,115,25,104,0.47353112084579957,0.10388282170886931,0.42258606246140357,0,0.4713114754098361,0.10245901639344263,0.4262295081967213
Alphabet,Alphabet Inc._Earnings Call_2023-04-25T00_00_00_English.docx,managerial_qa,159,58,5,96,0.38147833067915854,0.0397556547161219,0.5787660129461677,0,0.36477987421383645,0.031446540880503145,0.6037735849056604
Alphabet,Alphabet Inc._Earnings Call_2023-04-25T00_00_00_English.docx,prepared_management,227,106,13,108,0.4700419637416761,0.05513353935379369,0.47482449905232027,0,0.4669603524229075,0.05726872246696035,0.47577092511013214
Alphabet,Alphabet Inc._Earnings Call_2023-07-25T00_00_00_English.docx,managerial_qa,141,57,2,82,0.41699123507342667,0.021160749802083646,0.5618480098697054,0,0.40425531914893614,0.014184397163120567,0.5815602836879432
Alphabet,Alphabet Inc._Earnings Call_2023-07-25T00_00_00_English.docx,prepared_management,262,133,12,117,0.5182908842621333,0.045115688573007205,0.4365934275175372,0,0.5076335877862596,0.04580152671755725,0.44656488549618323
Alphabet,Alphabet Inc._Earnings Call_2023-10-24T00_00_00_English.docx,managerial_qa,127,62,0,65,0.4846283887174186,0.006028928271666968,0.509342684128134,0,0.4881889763779528,0.0,0.5118110236220472
Alphabet,Alphabet Inc._Earnings Call_2023-10-24T00_00_00_English.docx,prepared_management,221,99,7,115,0.4512220390644143,0.032650608704507186,0.5161273529659988,0,0.4479638009049774,0.03167420814479638,0.5203619909502263
Alphabet,Alphabet Inc._Earnings Call_2024-01-30T00_00_00_English.docx,managerial_qa,141,61,2,78,0.4334386110739833,0.018304068568898695,0.548257328006189,0,0.4326241134751773,0.014184397163120567,0.5531914893617021
Alphabet,Alphabet Inc._Earnings Call_2024-01-30T00_00_00_English.docx,prepared_management,256,140,5,111,0.5421684743284753,0.019080765780634553,0.4387507614729276,0,0.546875,0.01953125,0.43359375
Alphabet,Alphabet Inc._Earnings Call_2024-04-25T00_00_00_English.docx,managerial_qa,112,49,2,61,0.44716366504282024,0.021618200411508182,0.5312181396171011,0,0.4375,0.017857142857142856,0.5446428571428571
Alphabet,Alphabet Inc._Earnings Call_2024-04-25T00_00_00_English.docx,prepared_management,254,130,6,118,0.520752644450772,0.024280298987981883,0.4549670546583839,0,0.5118110236220472,0.023622047244094488,0.4645669291338583
Alphabet,Alphabet Inc._Earnings Call_2024-07-23T00_00_00_English.docx,managerial_qa,153,59,7,87,0.40234976399964223,0.047688559856660574,0.5499616810745764,0,0.38562091503267976,0.0457516339869281,0.5686274509803921
Alphabet,Alphabet Inc._Earnings Call_2024-07-23T00_00_00_English.docx,prepared_management,249,128,5,116,0.5280904449356608,0.024947843798261135,0.44696171125424133,0,0.5140562248995983,0.020080321285140562,0.46586345381526106
Alphabet,Alphabet Inc._Earnings Call_2024-10-29T00_00_00_English.docx,managerial_qa,193,79,3,111,0.4096089990937782,0.015995910146304148,0.5743950890464549,0,0.40932642487046633,0.015544041450777202,0.5751295336787565
Alphabet,Alphabet Inc._Earnings Call_2024-10-29T00_00_00_English.docx,prepared_management,255,134,6,115,0.5323562873983757,0.025274726472080837,0.4423689916737431,0,0.5254901960784314,0.023529411764705882,0.45098039215686275
Alphabet,Alphabet Inc._Earnings Call_2025-02-04T00_00_00_English.docx,managerial_qa,152,70,2,80,0.47023121011148983,0.015565689811395184,0.5142031009731908,0,0.4605263157894737,0.013157894736842105,0.5263157894736842
Alphabet,Alphabet Inc._Earnings Call_2025-02-04T00_00_00_English.docx,prepared_management,267,129,10,128,0.48572395589041734,0.03649718330228089,0.47777886508847744,0,0.48314606741573035,0.03745318352059925,0.4794007490636704
Amazon,"Amazon.com, Inc._Earnings Call_2021-04-29T00_00_00_English.docx",managerial_qa,165,76,3,86,0.47095167107696567,0.025249604798677095,0.503798726671458,0,0.46060606060606063,0.01818181818181818,0.5212121212121212
Amazon,"Amazon.com, Inc._Earnings Call_2021-04-29T00_00_00_English.docx",prepared_management,58,27,2,29,0.45341192953813053,0.03821934129127951,0.5083687321100504,0,0.46551724137931033,0.034482758620689655,0.5
Amazon,"Amazon.com, Inc._Earnings Call_2021-07-29T00_00_00_English.docx",managerial_qa,184,78,18,88,0.41987701299860847,0.1038593513201557,0.47626363974915004,0,0.42391304347826086,0.09782608695652174,0.4782608695652174
Amazon,"Amazon.com, Inc._Earnings Call_2021-07-29T00_00_00_English.docx",prepared_management,72,26,8,38,0.36235540395442145,0.10101681176208428,0.5366277864471523,0,0.3611111111111111,0.1111111111111111,0.5277777777777778
Amazon,"Amazon.com, Inc._Earnings Call_2021-10-28T00_00_00_English.docx",managerial_qa,231,70,19,142,0.30486720310969784,0.08225020397599014,0.6128826002197645,0,0.30303030303030304,0.08225108225108226,0.6147186147186147
Amazon,"Amazon.com, Inc._Earnings Call_2021-10-28T00_00_00_English.docx",prepared_management,85,35,15,35,0.4133436916446392,0.17148122389780604,0.41517508563077604,0,0.4117647058823529,0.17647058823529413,0.4117647058823529
Amazon,"Amazon.com, Inc._Earnings Call_2022-02-03T00_00_00_English.docx",managerial_qa,189,65,18,106,0.3431790912192885,0.098406468363726,0.5584144404181679,0,0.3439153439153439,0.09523809523809523,0.5608465608465608
Amazon,"Amazon.com, Inc._Earnings Call_2022-02-03T00_00_00_English.docx",prepared_management,84,35,7,42,0.4074384824055425,0.08103177341029408,0.5115297405570512,0,0.4166666666666667,0.08333333333333333,0.5
Amazon,"Amazon.com, Inc._Earnings Call_2022-04-28T00_00_00_English.docx",managerial_qa,137,31,16,90,0.2357039963009277,0.12492850991784336,0.6393674956225709,0,0.22627737226277372,0.11678832116788321,0.656934306569343
Amazon,"Amazon.com, Inc._Earnings Call_2022-04-28T00_00_00_English.docx",prepared_management,97,24,15,58,0.2553755737443075,0.15719160004920185,0.5874328225685694,0,0.24742268041237114,0.15463917525773196,0.5979381443298969
Amazon,"Amazon.com, Inc._Earnings Call_2022-07-28T00_00_00_English.docx",managerial_qa,168,56,15,97,0.33902329542920706,0.0931074930177106,0.5678692190884864,0,0.3333333333333333,0.08928571428571429,0.5773809523809523
Amazon,"Amazon.com, Inc._Earnings Call_2022-07-28T00_00_00_English.docx",prepared_management,98,26,14,58,0.27020642413286106,0.1476485542692736,0.58214501384652,0,0.2653061224489796,0.14285714285714285,0.5918367346938775
Amazon,"Amazon.com, Inc._Earnings Call_2022-10-27T00_00_00_English.docx",managerial_qa,157,43,26,88,0.284389662405376,0.16715712360642604,0.5484532152515892,0,0.27388535031847133,0.16560509554140126,0.5605095541401274
Amazon,"Amazon.com, Inc._Earnings Call_2022-10-27T00_00_00_English.docx",prepared_management,76,29,7,40,0.3740847952379793,0.08829991588216086,0.5376152853578807,0,0.3815789473684211,0.09210526315789473,0.5263157894736842
Amazon,"Amazon.com, Inc._Earnings Call_2023-02-02T00_00_00_English.docx",managerial_qa,207,58,13,136,0.2908587572488882,0.06466251934337715,0.6444787247207888,0,0.28019323671497587,0.06280193236714976,0.6570048309178744
Amazon,"Amazon.com, Inc._Earnings Call_2023-02-02T00_00_00_English.docx",prepared_management,87,31,10,46,0.35629816737738385,0.10929622879912293,0.5344055989461318,0,0.3563218390804598,0.11494252873563218,0.5287356321839081
Amazon,"Amazon.com, Inc._Earnings Call_2023-04-27T00_00_00_English.docx",managerial_qa,200,63,9,128,0.3094947574115463,0.049761351930342236,0.6407438970151945,0,0.315,0.045,0.64
Amazon,"Amazon.com, Inc._Earnings Call_2023-04-27T00_00_00_English.docx",prepared_management,103,42,11,50,0.4003492582194371,0.10210471600083591,0.4975460229545174,0,0.4077669902912621,0.10679611650485436,0.4854368932038835
Amazon,"Amazon.com, Inc._Earnings Call_2023-08-03T00_00_00_English.docx",managerial_qa,128,42,4,82,0.33167639122747344,0.031895917182626035,0.6364276962862558,0,0.328125,0.03125,0.640625
Amazon,"Amazon.com, Inc._Earnings Call_2023-08-03T00_00_00_English.docx",prepared_management,162,88,7,67,0.5385425182152915,0.037954142124700364,0.42350334251971056,0,0.5432098765432098,0.043209876543209874,0.41358024691358025
Amazon,"Amazon.com, Inc._Earnings Call_2023-10-26T00_00_00_English.docx",managerial_qa,177,58,13,106,0.3307386643866626,0.07215127793897558,0.5971100575088224,0,0.327683615819209,0.07344632768361582,0.5988700564971752
Amazon,"Amazon.com, Inc._Earnings Call_2023-10-26T00_00_00_English.docx",prepared_management,157,89,8,60,0.5686056129184243,0.04601436900860923,0.38538001416496614,0,0.5668789808917197,0.050955414012738856,0.3821656050955414
Amazon,"Amazon.com, Inc._Earnings Call_2024-02-01T00_00_00_English.docx",managerial_qa,199,77,6,116,0.396819708651319,0.03538891081132338,0.5677913855637062,0,0.3869346733668342,0.03015075376884422,0.5829145728643216
Amazon,"Amazon.com, Inc._Earnings Call_2024-02-01T00_00_00_English.docx",prepared_management,162,94,6,62,0.5834977976572462,0.032090643112898096,0.3844115580458916,0,0.5802469135802469,0.037037037037037035,0.38271604938271603
Amazon,"Amazon.com, Inc._Earnings Call_2024-04-30T00_00_00_English.docx",managerial_qa,192,67,3,122,0.35153291269350095,0.02099414567701154,0.6274729415138499,0,0.3489583333333333,0.015625,0.6354166666666666
Amazon,"Amazon.com, Inc._Earnings Call_2024-04-30T00_00_00_English.docx",prepared_management,179,90,10,79,0.5078506808934378,0.05555416638791458,0.43659515270808885,0,0.5027932960893855,0.055865921787709494,0.441340782122905
Amazon,"Amazon.com, Inc._Earnings Call_2024-08-01T00_00_00_English.docx",managerial_qa,149,59,12,78,0.3889287754907064,0.08791084344499675,0.5231603789517256,0,0.3959731543624161,0.08053691275167785,0.5234899328859061
Amazon,"Amazon.com, Inc._Earnings Call_2024-08-01T00_00_00_English.docx",prepared_management,164,91,9,64,0.5489398443114791,0.05116810086153721,0.3998920558632524,0,0.5548780487804879,0.054878048780487805,0.3902439024390244
Amazon,"Amazon.com, Inc._Earnings Call_2024-10-31T00_00_00_English.docx",managerial_qa,163,62,10,91,0.38726923645139577,0.0632129754516276,0.5495177901498646,0,0.3803680981595092,0.06134969325153374,0.558282208588957
Amazon,"Amazon.com, Inc._Earnings Call_2024-10-31T00_00_00_English.docx",prepared_management,150,84,3,63,0.5536960693955567,0.022595018397248458,0.4237089135495774,0,0.56,0.02,0.42
Amazon,"Amazon.com, Inc._Earnings Call_2025-02-06T00_00_00_English.docx",managerial_qa,122,39,11,72,0.32776756813668917,0.10106406267074325,0.5711683724649942,0,0.319672131147541,0.09016393442622951,0.5901639344262295
Amazon,"Amazon.com, Inc._Earnings Call_2025-02-06T00_00_00_English.docx",prepared_management,170,85,8,77,0.4909816104040969,0.04710314162050287,0.4619152471134191,0,0.5,0.047058823529411764,0.45294117647058824
Block,"Block, Inc._Earnings Call_2021-05-06T00_00_00_English.docx",managerial_qa,234,89,2,143,0.3868980500115011,0.012471886276212603,0.600630064079765,0,0.3803418803418803,0.008547008547008548,0.6111111111111112
Block,"Block, Inc._Earnings Call_2021-05-06T00_00_00_English.docx",prepared_management,93,40,2,51,0.4326613156821812,0.022471296204300686,0.5448673896615961,0,0.43010752688172044,0.021505376344086023,0.5483870967741935
Block,"Block, Inc._Earnings Call_2021-08-02T00_00_00_English.docx",managerial_qa,100,49,1,50,0.5034233111486839,0.01110196018116919,0.4854747274190912,0,0.49,0.01,0.5
Block,"Block, Inc._Earnings Call_2021-08-02T00_00_00_English.docx",prepared_management,100,45,7,48,0.4538083979657311,0.06392733581520411,0.48226427036081143,0,0.45,0.07,0.48
Block,"Block, Inc._Earnings Call_2021-11-04T00_00_00_English.docx",managerial_qa,173,77,2,94,0.44040146021714033,0.012893384320770753,0.5467051526337839,0,0.44508670520231214,0.011560693641618497,0.5433526011560693
Block,"Block, Inc._Earnings Call_2021-11-04T00_00_00_English.docx",prepared_management,91,46,0,45,0.4904144168170737,0.0012067155020006797,0.5083788753072593,0,0.5054945054945055,0.0,0.4945054945054945
Block,"Block, Inc._Earnings Call_2022-02-24T00_00_00_English.docx",managerial_qa,181,88,4,89,0.48496825283044087,0.022667630588074188,0.4923641187544223,0,0.4861878453038674,0.022099447513812154,0.49171270718232046
Block,"Block, Inc._Earnings Call_2022-02-24T00_00_00_English.docx",prepared_management,148,69,6,73,0.46312248433379427,0.04245985366316911,0.49441766075325505,0,0.46621621621621623,0.04054054054054054,0.49324324324324326
Block,"Block, Inc._Earnings Call_2022-05-05T00_00_00_English.docx",managerial_qa,189,74,3,112,0.3940272916815217,0.01943007357662225,0.5865426364709789,0,0.3915343915343915,0.015873015873015872,0.5925925925925926
Block,"Block, Inc._Earnings Call_2022-05-05T00_00_00_English.docx",prepared_management,127,52,4,71,0.4076290525807589,0.03257495402348307,0.5597959924127273,0,0.4094488188976378,0.031496062992125984,0.5590551181102362
Block,"Block, Inc._Earnings Call_2022-08-04T00_00_00_English.docx",managerial_qa,177,81,2,94,0.4641093820972858,0.012367456908089706,0.5235231586723827,0,0.4576271186440678,0.011299435028248588,0.5310734463276836
Block,"Block, Inc._Earnings Call_2022-08-04T00_00_00_English.docx",prepared_management,152,75,9,68,0.4970354835800528,0.06307155494292299,0.43989296441457104,0,0.4934210526315789,0.05921052631578947,0.4473684210526316
Block,"Block, Inc._Earnings Call_2022-11-03T00_00_00_English.docx",managerial_qa,173,79,3,91,0.46936569689677315,0.017433130182472997,0.5132011735840222,0,0.45664739884393063,0.017341040462427744,0.5260115606936416
Block,"Block, Inc._Earnings Call_2022-11-03T00_00_00_English.docx",prepared_management,142,49,13,80,0.36070727046326634,0.08438588598380121,0.5549068478449951,0,0.34507042253521125,0.09154929577464789,0.5633802816901409
Block,"Block, Inc._Earnings Call_2023-02-23T00_00_00_English.docx",managerial_qa,207,65,9,133,0.3211214879607763,0.04773275896001805,0.6311457548246393,0,0.3140096618357488,0.043478260869565216,0.642512077294686
Block,"Block, Inc._Earnings Call_2023-02-23T00_00_00_English.docx",prepared_management,135,60,8,67,0.4428949564014251,0.07067771392697103,0.4864273310337734,0,0.4444444444444444,0.05925925925925926,0.4962962962962963
Block,"Block, Inc._Earnings Call_2023-05-04T00_00_00_English.docx",managerial_qa,210,103,11,96,0.47733936275557404,0.052945256877271314,0.4697153825842384,0,0.49047619047619045,0.05238095238095238,0.45714285714285713
Block,"Block, Inc._Earnings Call_2023-05-04T00_00_00_English.docx",prepared_management,125,67,9,49,0.5156485662697614,0.07952029790546117,0.40483114301926837,0,0.536,0.072,0.392
Block,"Block, Inc._Earnings Call_2023-08-03T00_00_00_English.docx",managerial_qa,216,92,17,107,0.42508473450543843,0.07939553142748504,0.49551973898887164,0,0.42592592592592593,0.0787037037037037,0.49537037037037035
Block,"Block, Inc._Earnings Call_2023-08-03T00_00_00_English.docx",prepared_management,102,57,9,36,0.5472729193917745,0.0792706372812165,0.37345644657321375,0,0.5588235294117647,0.08823529411764706,0.35294117647058826
Block,"Block, Inc._Earnings Call_2023-11-02T00_00_00_English.docx",managerial_qa,214,90,11,113,0.40918008198374295,0.0519381253680152,0.5388817919110879,0,0.4205607476635514,0.0514018691588785,0.5280373831775701
Block,"Block, Inc._Earnings Call_2023-11-02T00_00_00_English.docx",prepared_management,97,49,6,42,0.49703720725895917,0.06298691588815389,0.4399758694536328,0,0.5051546391752577,0.061855670103092786,0.4329896907216495
Block,"Block, Inc._Earnings Call_2024-02-22T00_00_00_English.docx",managerial_qa,230,94,6,130,0.41763617336383285,0.028482916772265488,0.5538809111818862,0,0.40869565217391307,0.02608695652173913,0.5652173913043478
Block,"Block, Inc._Earnings Call_2024-02-22T00_00_00_English.docx",prepared_management,69,42,7,20,0.598861810290978,0.09335912848745642,0.30777906232957347,0,0.6086956521739131,0.10144927536231885,0.2898550724637681
Block,"Block, Inc._Earnings Call_2024-05-02T00_00_00_English.docx",managerial_qa,195,94,1,100,0.4753321297072978,0.007799889547009747,0.5168679789958018,0,0.48205128205128206,0.005128205128205128,0.5128205128205128
Block,"Block, Inc._Earnings Call_2024-05-02T00_00_00_English.docx",prepared_management,56,28,2,26,0.48426321712256293,0.041377467063936114,0.474359314625211,0,0.5,0.03571428571428571,0.4642857142857143
Block,"Block, Inc._Earnings Call_2024-08-01T00_00_00_English.docx",managerial_qa,215,89,4,122,0.41265183797524063,0.021501812806900757,0.5658463507329728,0,0.413953488372093,0.018604651162790697,0.5674418604651162
Block,"Block, Inc._Earnings Call_2024-08-01T00_00_00_English.docx",prepared_management,77,33,0,44,0.43129343444535706,0.007847035665959507,0.560859531449708,0,0.42857142857142855,0.0,0.5714285714285714
Block,"Block, Inc._Earnings Call_2024-11-07T00_00_00_English.docx",managerial_qa,216,112,3,101,0.5179120739931128,0.01452252079650971,0.4675654073273954,0,0.5185185185185185,0.013888888888888888,0.4675925925925926
Block,"Block, Inc._Earnings Call_2024-11-07T00_00_00_English.docx",prepared_management,65,27,1,37,0.42219617676175475,0.0187981499020896,0.5590056749500341,0,0.4153846153846154,0.015384615384615385,0.5692307692307692
Block,"Block, Inc._Earnings Call_2025-02-20T00_00_00_English.docx",managerial_qa,220,121,7,92,0.5427342692884793,0.03587242171131975,0.42139331335879576,0,0.55,0.031818181818181815,0.41818181818181815
Block,"Block, Inc._Earnings Call_2025-02-20T00_00_00_English.docx",prepared_management,67,32,1,34,0.4756363520771535,0.017801734625755475,0.5065619200880892,0,0.47761194029850745,0.014925373134328358,0.5074626865671642
Cisco,"Cisco Systems, Inc._Earnings Call_2020-11-12T00_00_00_English.docx",managerial_qa,213,69,9,135,0.32287588103178183,0.04796633507373523,0.6291577855589411,0,0.323943661971831,0.04225352112676056,0.6338028169014085
Cisco,"Cisco Systems, Inc._Earnings Call_2020-11-12T00_00_00_English.docx",prepared_management,148,83,14,51,0.5498184230070216,0.0973019470644429,0.3528796272460643,0,0.5608108108108109,0.0945945945945946,0.34459459459459457
Cisco,"Cisco Systems, Inc._Earnings Call_2021-02-09T00_00_00_English.docx",managerial_qa,266,75,17,174,0.27918878751357357,0.06591013968176748,0.6549010785155501,0,0.2819548872180451,0.06390977443609022,0.6541353383458647
Cisco,"Cisco Systems, Inc._Earnings Call_2021-02-09T00_00_00_English.docx",prepared_management,159,93,9,57,0.5833333808291026,0.06243499285078041,0.3542316270194038,0,0.5849056603773585,0.05660377358490566,0.3584905660377358
Cisco,"Cisco Systems, Inc._Earnings Call_2021-05-19T00_00_00_English.docx",managerial_qa,270,87,16,167,0.32669503372755204,0.06613464247929292,0.6071703266929283,0,0.32222222222222224,0.05925925925925926,0.6185185185185185
Cisco,"Cisco Systems, Inc._Earnings Call_2021-05-19T00_00_00_English.docx",prepared_management,165,104,10,51,0.620953609757253,0.06853211840796967,0.31051427635250917,0,0.6303030303030303,0.06060606060606061,0.3090909090909091
Cisco,"Cisco Systems, Inc._Earnings Call_2021-08-18T00_00_00_English.docx",managerial_qa,267,73,16,178,0.27981402589901966,0.06543261345232801,0.6547533597612004,0,0.27340823970037453,0.0599250936329588,0.6666666666666666
Cisco,"Cisco Systems, Inc._Earnings Call_2021-08-18T00_00_00_English.docx",prepared_management,171,115,9,47,0.671117477894021,0.055073239131423535,0.27380928469544974,0,0.672514619883041,0.05263157894736842,0.27485380116959063
Cisco,"Cisco Systems, Inc._Earnings Call_2021-11-17T00_00_00_English.docx",managerial_qa,309,99,18,192,0.3237182477148047,0.06783342475749846,0.6084483299662131,0,0.32038834951456313,0.05825242718446602,0.6213592233009708
Cisco,"Cisco Systems, Inc._Earnings Call_2021-11-17T00_00_00_English.docx",prepared_management,158,101,9,48,0.6410190569045114,0.05869031856281362,0.30029062566703996,0,0.6392405063291139,0.056962025316455694,0.3037974683544304
Cisco,"Cisco Systems, Inc._Earnings Call_2022-02-16T00_00_00_English.docx",managerial_qa,248,67,15,166,0.26962642503402584,0.07216857380963183,0.6582049991516421,0,0.2701612903225806,0.06048387096774194,0.6693548387096774
Cisco,"Cisco Systems, Inc._Earnings Call_2022-02-16T00_00_00_English.docx",prepared_management,155,97,18,40,0.6253869350309629,0.11728993257918958,0.257323141387999,0,0.6258064516129033,0.11612903225806452,0.25806451612903225
Cisco,"Cisco Systems, Inc._Earnings Call_2022-05-18T00_00_00_English.docx",managerial_qa,321,50,43,228,0.15926936534293745,0.13982871416489748,0.7009019229668324,0,0.1557632398753894,0.13395638629283488,0.7102803738317757
Cisco,"Cisco Systems, Inc._Earnings Call_2022-05-18T00_00_00_English.docx",prepared_management,139,69,22,48,0.5035466262154644,0.16295835313612902,0.33349502343915327,0,0.49640287769784175,0.15827338129496402,0.34532374100719426
Cisco,"Cisco Systems, Inc._Earnings Call_2022-08-17T00_00_00_English.docx",managerial_qa,285,85,22,178,0.3054337437451391,0.08368903481245761,0.6108772265759047,0,0.2982456140350877,0.07719298245614035,0.624561403508772
Cisco,"Cisco Systems, Inc._Earnings Call_2022-08-17T00_00_00_English.docx",prepared_management,158,93,19,46,0.59551527195696,0.11846041109700223,0.28602431901998165,0,0.5886075949367089,0.12025316455696203,0.2911392405063291
Cisco,"Cisco Systems, Inc._Earnings Call_2022-11-16T00_00_00_English.docx",managerial_qa,260,72,29,159,0.2698165376973505,0.11906143611450735,0.6111220273089031,0,0.27692307692307694,0.11153846153846154,0.6115384615384616
Cisco,"Cisco Systems, Inc._Earnings Call_2022-11-16T00_00_00_English.docx",prepared_management,136,79,13,44,0.5854765717133004,0.1023721293008084,0.3121512958848166,0,0.5808823529411765,0.09558823529411764,0.3235294117647059
Cisco,"Cisco Systems, Inc._Earnings Call_2023-02-15T00_00_00_English.docx",managerial_qa,239,75,16,148,0.3200363994370757,0.07568229919587965,0.6042813076508378,0,0.3138075313807531,0.06694560669456066,0.6192468619246861
Cisco,"Cisco Systems, Inc._Earnings Call_2023-02-15T00_00_00_English.docx",prepared_management,140,80,12,48,0.5752817284548669,0.08780937160342718,0.3369089039690091,0,0.5714285714285714,0.08571428571428572,0.34285714285714286
Cisco,"Cisco Systems, Inc._Earnings Call_2023-05-17T00_00_00_English.docx",managerial_qa,174,50,17,107,0.2931168949926533,0.0932412738190789,0.6136418331364358,0,0.28735632183908044,0.09770114942528736,0.6149425287356322
Cisco,"Cisco Systems, Inc._Earnings Call_2023-05-17T00_00_00_English.docx",prepared_management,134,82,7,45,0.6129854237007986,0.05723684570757849,0.32977773546224254,0,0.6119402985074627,0.05223880597014925,0.3358208955223881
Cisco,"Cisco Systems, Inc._Earnings Call_2023-08-16T00_00_00_English.docx",managerial_qa,294,77,15,202,0.260375094008771,0.0541622657457483,0.6854626409281422,0,0.2619047619047619,0.05102040816326531,0.6870748299319728
Cisco,"Cisco Systems, Inc._Earnings Call_2023-08-16T00_00_00_English.docx",prepared_management,134,83,5,46,0.620485454796571,0.04268225047235001,0.3368322950293696,0,0.6194029850746269,0.03731343283582089,0.34328358208955223
Cisco,"Cisco Systems, Inc._Earnings Call_2023-11-15T00_00_00_English.docx",managerial_qa,178,34,17,127,0.19784366732178152,0.09814560033274561,0.7040107309411194,0,0.19101123595505617,0.09550561797752809,0.7134831460674157
Cisco,"Cisco Systems, Inc._Earnings Call_2023-11-15T00_00_00_English.docx",prepared_management,125,59,9,57,0.4754108419818189,0.07417342242762395,0.45041573866845147,0,0.472,0.072,0.456
Cisco,"Cisco Systems, Inc._Earnings Call_2024-02-14T00_00_00_English.docx",managerial_qa,199,38,23,138,0.19382496019677078,0.11487441506195939,0.6913006235068037,0,0.19095477386934673,0.11557788944723618,0.6934673366834171
Cisco,"Cisco Systems, Inc._Earnings Call_2024-02-14T00_00_00_English.docx",prepared_management,129,64,14,51,0.4952671034310305,0.11359686002208048,0.39113603305783157,0,0.49612403100775193,0.10852713178294573,0.3953488372093023
Cisco,"Cisco Systems, Inc._Earnings Call_2024-05-15T00_00_00_English.docx",managerial_qa,257,76,9,172,0.29768471229674787,0.04105686721331985,0.661258417002192,0,0.29571984435797666,0.03501945525291829,0.669260700389105
Cisco,"Cisco Systems, Inc._Earnings Call_2024-05-15T00_00_00_English.docx",prepared_management,143,73,11,59,0.5173454243099268,0.08426715731951874,0.3983874237308478,0,0.5104895104895105,0.07692307692307693,0.4125874125874126
Cisco,"Cisco Systems, Inc._Earnings Call_2024-08-14T00_00_00_English.docx",managerial_qa,257,67,16,174,0.2631663817286691,0.06255357034604252,0.6742800488195329,0,0.2607003891050584,0.0622568093385214,0.6770428015564203
Cisco,"Cisco Systems, Inc._Earnings Call_2024-08-14T00_00_00_English.docx",prepared_management,156,91,4,61,0.5894164902908644,0.026236040917345164,0.38434746807230896,0,0.5833333333333334,0.02564102564102564,0.391025641025641
Coinbase,"Coinbase Global, Inc._Earnings Call_2021-05-13T00_00_00_English.docx",managerial_qa,271,42,20,209,0.16458284881962537,0.07960999682343076,0.7558071514260469,0,0.15498154981549817,0.07380073800738007,0.7712177121771218
Coinbase,"Coinbase Global, Inc._Earnings Call_2021-05-13T00_00_00_English.docx",prepared_management,15,1,0,14,0.0791885734308077,0.0014118584113627245,0.9193995823462804,0,0.06666666666666667,0.0,0.9333333333333333
Coinbase,"Coinbase Global, Inc._Earnings Call_2021-08-10T00_00_00_English.docx",managerial_qa,222,46,6,170,0.21882701388413497,0.027191303464271406,0.7539816807183417,0,0.2072072072072072,0.02702702702702703,0.7657657657657657
Coinbase,"Coinbase Global, Inc._Earnings Call_2021-08-10T00_00_00_English.docx",prepared_management,13,0,0,13,0.009389104218450064,0.001242323707769034,0.9893685854398288,0,0.0,0.0,1.0
Coinbase,"Coinbase Global, Inc._Earnings Call_2021-11-09T00_00_00_English.docx",managerial_qa,366,75,15,276,0.2144941257185908,0.04056983821640245,0.7449360391803916,0,0.20491803278688525,0.040983606557377046,0.7540983606557377
Coinbase,"Coinbase Global, Inc._Earnings Call_2021-11-09T00_00_00_English.docx",prepared_management,79,23,5,51,0.29216079701486986,0.057423434398546525,0.650415770908514,0,0.2911392405063291,0.06329113924050633,0.6455696202531646
Coinbase,"Coinbase Global, Inc._Earnings Call_2022-02-24T00_00_00_English.docx",managerial_qa,302,84,14,204,0.2792545386844788,0.04825935407598493,0.6724861076623572,0,0.2781456953642384,0.046357615894039736,0.6754966887417219
Coinbase,"Coinbase Global, Inc._Earnings Call_2022-02-24T00_00_00_English.docx",prepared_management,104,35,6,63,0.33244064648797467,0.05527700518355289,0.6122823423202691,0,0.33653846153846156,0.057692307692307696,0.6057692307692307
Coinbase,"Coinbase Global, Inc._Earnings Call_2022-05-10T00_00_00_English.docx",managerial_qa,367,90,16,261,0.2475794303949446,0.04800785715872079,0.7044127144035559,0,0.2452316076294278,0.043596730245231606,0.7111716621253406
Coinbase,"Coinbase Global, Inc._Earnings Call_2022-05-10T00_00_00_English.docx",prepared_management,69,16,12,41,0.24134730508735264,0.16792561312189996,0.5907270740002492,0,0.2318840579710145,0.17391304347826086,0.5942028985507246
Coinbase,"Coinbase Global, Inc._Earnings Call_2022-08-09T00_00_00_English.docx",managerial_qa,262,60,23,179,0.232831586184601,0.08595549950877236,0.6812129180811176,0,0.22900763358778625,0.08778625954198473,0.683206106870229
Coinbase,"Coinbase Global, Inc._Earnings Call_2022-08-09T00_00_00_English.docx",prepared_management,155,45,20,90,0.29360194607791656,0.13149957544740512,0.5748984812864967,0,0.2903225806451613,0.12903225806451613,0.5806451612903226
Coinbase,"Coinbase Global, Inc._Earnings Call_2022-11-03T00_00_00_English.docx",managerial_qa,336,85,21,230,0.2548830485333499,0.06359247848604051,0.6815244686497023,0,0.25297619047619047,0.0625,0.6845238095238095
Coinbase,"Coinbase Global, Inc._Earnings Call_2022-11-03T00_00_00_English.docx",prepared_management,116,39,6,71,0.3343242137446771,0.05322873614930026,0.6124470510439732,0,0.33620689655172414,0.05172413793103448,0.6120689655172413
Coinbase,"Coinbase Global, Inc._Earnings Call_2023-02-21T00_00_00_English.docx",managerial_qa,292,60,10,222,0.20484483636439374,0.03955039875540815,0.7556047710688442,0,0.2054794520547945,0.03424657534246575,0.7602739726027398
Coinbase,"Coinbase Global, Inc._Earnings Call_2023-02-21T00_00_00_English.docx",prepared_management,124,31,12,81,0.24794611047668377,0.10095976178370468,0.6510941189549946,0,0.25,0.0967741935483871,0.6532258064516129
Coinbase,"Coinbase Global, Inc._Earnings Call_2023-05-04T00_00_00_English.docx",managerial_qa,267,65,2,200,0.24302405755228826,0.01735072482241903,0.7396252241751132,0,0.24344569288389514,0.00749063670411985,0.7490636704119851
Coinbase,"Coinbase Global, Inc._Earnings Call_2023-05-04T00_00_00_English.docx",prepared_management,113,48,10,55,0.4247129950757548,0.09509981769317534,0.4801871947035773,0,0.4247787610619469,0.08849557522123894,0.48672566371681414
Coinbase,"Coinbase Global, Inc._Earnings Call_2023-08-03T00_00_00_English.docx",managerial_qa,149,29,9,111,0.20288794542238667,0.06405184224745172,0.7330602135370385,0,0.19463087248322147,0.06040268456375839,0.7449664429530202
Coinbase,"Coinbase Global, Inc._Earnings Call_2023-08-03T00_00_00_English.docx",prepared_management,246,61,16,169,0.2553945922187768,0.06403580047645416,0.6805696064345648,0,0.24796747967479674,0.06504065040650407,0.6869918699186992
Coinbase,"Coinbase Global, Inc._Earnings Call_2023-11-02T00_00_00_English.docx",managerial_qa,221,49,12,160,0.21816697525615808,0.05525502338409584,0.7265780019261195,0,0.22171945701357465,0.05429864253393665,0.7239819004524887
Coinbase,"Coinbase Global, Inc._Earnings Call_2023-11-02T00_00_00_English.docx",prepared_management,117,47,8,62,0.4012152353238639,0.06511478359877394,0.5336699825152534,0,0.4017094017094017,0.06837606837606838,0.5299145299145299
Coinbase,"Coinbase Global, Inc._Earnings Call_2024-02-15T00_00_00_English.docx",managerial_qa,244,70,11,163,0.29124902643081313,0.044745666422787,0.664005309401987,0,0.28688524590163933,0.045081967213114756,0.6680327868852459
Coinbase,"Coinbase Global, Inc._Earnings Call_2024-02-15T00_00_00_English.docx",prepared_management,150,51,6,93,0.34262041727972065,0.037817161910902695,0.619562424250087,0,0.34,0.04,0.62
Coinbase,"Coinbase Global, Inc._Earnings Call_2024-05-02T00_00_00_English.docx",managerial_qa,208,65,9,134,0.31487176842807874,0.04119861041853046,0.6439296224778618,0,0.3125,0.04326923076923077,0.6442307692307693
Coinbase,"Coinbase Global, Inc._Earnings Call_2024-05-02T00_00_00_English.docx",prepared_management,108,50,1,57,0.4641151959943333,0.007038977702450035,0.5288458320313022,0,0.46296296296296297,0.009259259259259259,0.5277777777777778
Coinbase,"Coinbase Global, Inc._Earnings Call_2024-08-01T00_00_00_English.docx",managerial_qa,256,69,6,181,0.2712428706131939,0.025318159591762163,0.7034389715680364,0,0.26953125,0.0234375,0.70703125
Coinbase,"Coinbase Global, Inc._Earnings Call_2024-08-01T00_00_00_English.docx",prepared_management,96,36,9,51,0.38000620892593556,0.09195440209987733,0.5280393970971905,0,0.375,0.09375,0.53125
Coinbase,"Coinbase Global, Inc._Earnings Call_2024-10-30T00_00_00_English.docx",managerial_qa,230,60,4,166,0.2660605212350189,0.01776413572866841,0.7161753435412629,0,0.2608695652173913,0.017391304347826087,0.7217391304347827
Coinbase,"Coinbase Global, Inc._Earnings Call_2024-10-30T00_00_00_English.docx",prepared_management,206,64,14,128,0.31753117387043917,0.06620698819218822,0.6162618371316896,0,0.3106796116504854,0.06796116504854369,0.6213592233009708
Coinbase,"Coinbase Global, Inc._Earnings Call_2025-02-13T00_00_00_English.docx",managerial_qa,288,76,7,205,0.2603204152131805,0.02821299831649316,0.7114665898061541,0,0.2638888888888889,0.024305555555555556,0.7118055555555556
Coinbase,"Coinbase Global, Inc._Earnings Call_2025-02-13T00_00_00_English.docx",prepared_management,154,75,4,75,0.4826700330144223,0.02961507208643609,0.4877148936176236,0,0.487012987012987,0.025974025974025976,0.487012987012987
Dell,Dell Technologies Inc._Earnings Call_2020-05-28T00_00_00_English.docx,managerial_qa,210,61,18,131,0.2959380947923383,0.08852741674726933,0.6155344922781827,0,0.2904761904761905,0.08571428571428572,0.6238095238095238
Dell,Dell Technologies Inc._Earnings Call_2020-05-28T00_00_00_English.docx,prepared_management,187,78,34,75,0.410534136874157,0.17416515474002792,0.4153007058040253,0,0.41711229946524064,0.18181818181818182,0.40106951871657753
Dell,Dell Technologies Inc._Earnings Call_2020-08-27T00_00_00_English.docx,managerial_qa,193,57,23,113,0.29571521665665834,0.11967188127953203,0.5846128991279621,0,0.29533678756476683,0.11917098445595854,0.5854922279792746
Dell,Dell Technologies Inc._Earnings Call_2020-08-27T00_00_00_English.docx,prepared_management,203,99,25,79,0.49551034676296957,0.12636221625434832,0.3781274377577399,0,0.4876847290640394,0.12315270935960591,0.3891625615763547
Dell,Dell Technologies Inc._Earnings Call_2020-11-24T00_00_00_English.docx,managerial_qa,279,77,35,167,0.2745952559825761,0.13243622537311348,0.5929685212912601,0,0.27598566308243727,0.12544802867383512,0.5985663082437276
Dell,Dell Technologies Inc._Earnings Call_2020-11-24T00_00_00_English.docx,prepared_management,183,109,20,54,0.5841092309228162,0.1080559274818904,0.3078348445886464,0,0.5956284153005464,0.1092896174863388,0.29508196721311475
Dell,Dell Technologies Inc._Earnings Call_2021-02-25T00_00_00_English.docx,managerial_qa,279,90,28,161,0.3239900607289399,0.10744400807287738,0.5685659338414522,0,0.3225806451612903,0.1003584229390681,0.5770609318996416
Dell,Dell Technologies Inc._Earnings Call_2021-02-25T00_00_00_English.docx,prepared_management,195,124,7,64,0.6383254030685345,0.03596522774422396,0.3257093688817717,0,0.6358974358974359,0.035897435897435895,0.3282051282051282
Dell,Dell Technologies Inc._Earnings Call_2021-05-27T00_00_00_English.docx,managerial_qa,180,57,13,110,0.32047640445509035,0.0747136565855699,0.6048099463317155,0,0.31666666666666665,0.07222222222222222,0.6111111111111112
Dell,Dell Technologies Inc._Earnings Call_2021-05-27T00_00_00_English.docx,prepared_management,200,118,6,76,0.5968179276920687,0.03617313807484813,0.3670089342814448,0,0.59,0.03,0.38
Dell,Dell Technologies Inc._Earnings Call_2021-08-26T00_00_00_English.docx,managerial_qa,257,102,16,139,0.39399268783422986,0.06705204106550872,0.5389552754860165,0,0.3968871595330739,0.0622568093385214,0.5408560311284046
Dell,Dell Technologies Inc._Earnings Call_2021-08-26T00_00_00_English.docx,prepared_management,157,95,5,57,0.6271644833908459,0.03457392877049528,0.3382615951096306,0,0.6050955414012739,0.03184713375796178,0.3630573248407643
Dell,Dell Technologies Inc._Earnings Call_2021-11-23T00_00_00_English.docx,managerial_qa,191,53,37,101,0.2745896999820863,0.18277398318368257,0.5426363231528052,0,0.2774869109947644,0.193717277486911,0.5287958115183246
Dell,Dell Technologies Inc._Earnings Call_2021-11-23T00_00_00_English.docx,prepared_management,177,107,5,65,0.6117530284572735,0.029810791609341015,0.35843618865909294,0,0.6045197740112994,0.02824858757062147,0.3672316384180791
Dell,Dell Technologies Inc._Earnings Call_2022-02-24T00_00_00_English.docx,managerial_qa,194,39,31,124,0.21590743629781492,0.1645807241336703,0.6195118382953833,0,0.20103092783505155,0.15979381443298968,0.6391752577319587
Dell,Dell Technologies Inc._Earnings Call_2022-02-24T00_00_00_English.docx,prepared_management,175,86,14,75,0.49830185926697634,0.07784253927097036,0.423855605561037,0,0.49142857142857144,0.08,0.42857142857142855
Dell,Dell Technologies Inc._Earnings Call_2022-05-26T00_00_00_English.docx,managerial_qa,322,97,34,191,0.30162791217443496,0.10613287863376131,0.5922392128281366,0,0.30124223602484473,0.10559006211180125,0.593167701863354
Dell,Dell Technologies Inc._Earnings Call_2022-05-26T00_00_00_English.docx,prepared_management,127,65,14,48,0.5096149695854111,0.11591342960788475,0.37447160131853074,0,0.5118110236220472,0.11023622047244094,0.3779527559055118
Dell,Dell Technologies Inc._Earnings Call_2022-08-25T00_00_00_English.docx,managerial_qa,288,92,41,155,0.32160179180444354,0.15249744544810445,0.5259007641810409,0,0.3194444444444444,0.1423611111111111,0.5381944444444444
Dell,Dell Technologies Inc._Earnings Call_2022-08-25T00_00_00_English.docx,prepared_management,122,62,20,40,0.515068147745367,0.15803440830788704,0.32689744075012683,0,0.5081967213114754,0.16393442622950818,0.32786885245901637
Dell,Dell Technologies Inc._Earnings Call_2022-11-21T00_00_00_English.docx,managerial_qa,263,72,40,151,0.28007791267583704,0.15086703948005306,0.5690550510280711,0,0.2737642585551331,0.1520912547528517,0.5741444866920152
Dell,Dell Technologies Inc._Earnings Call_2022-11-21T00_00_00_English.docx,prepared_management,119,55,21,43,0.4548392819956538,0.18193171284528942,0.3632290074378484,0,0.46218487394957986,0.17647058823529413,0.36134453781512604
Dell,Dell Technologies Inc._Earnings Call_2023-03-02T00_00_00_English.docx,managerial_qa,205,47,48,110,0.2394830887156154,0.2229577814081447,0.5375591272390505,0,0.22926829268292684,0.23414634146341465,0.5365853658536586
Dell,Dell Technologies Inc._Earnings Call_2023-03-02T00_00_00_English.docx,prepared_management,131,68,24,39,0.5144621473828289,0.18872264322910548,0.2968152086538657,0,0.5190839694656488,0.183206106870229,0.29770992366412213
Dell,Dell Technologies Inc._Earnings Call_2023-06-01T00_00_00_English.docx,managerial_qa,244,77,33,134,0.32393894302100285,0.13354487792590597,0.5425161798384415,0,0.3155737704918033,0.13524590163934427,0.5491803278688525
Dell,Dell Technologies Inc._Earnings Call_2023-06-01T00_00_00_English.docx,prepared_management,119,54,22,43,0.45162931652727956,0.1870527861086175,0.3613178970591393,0,0.453781512605042,0.18487394957983194,0.36134453781512604
Dell,Dell Technologies Inc._Earnings Call_2023-08-31T00_00_00_English.docx,managerial_qa,263,82,19,162,0.3119411247553698,0.0789384165044996,0.6091204604208379,0,0.311787072243346,0.07224334600760456,0.6159695817490495
Dell,Dell Technologies Inc._Earnings Call_2023-08-31T00_00_00_English.docx,prepared_management,113,66,6,41,0.572915393943521,0.06202415372220833,0.36506045850342134,0,0.584070796460177,0.05309734513274336,0.36283185840707965
Dell,Dell Technologies Inc._Earnings Call_2023-11-30T00_00_00_English.docx,managerial_qa,318,98,24,196,0.30970760324680474,0.07966672907716375,0.6106256692483931,0,0.3081761006289308,0.07547169811320754,0.6163522012578616
Dell,Dell Technologies Inc._Earnings Call_2023-11-30T00_00_00_English.docx,prepared_management,119,58,16,45,0.4856137591510951,0.13752366909490207,0.3768625770389663,0,0.48739495798319327,0.13445378151260504,0.37815126050420167
Dell,Dell Technologies Inc._Earnings Call_2024-02-29T00_00_00_English.docx,managerial_qa,286,113,18,155,0.3901752810307479,0.06213359714682197,0.5476911263316483,0,0.3951048951048951,0.06293706293706294,0.541958041958042
Dell,Dell Technologies Inc._Earnings Call_2024-02-29T00_00_00_English.docx,prepared_management,111,58,11,42,0.5355349432734692,0.10754151780752698,0.35692354373653884,0,0.5225225225225225,0.0990990990990991,0.3783783783783784
DocuSign,"DocuSign, Inc._Earnings Call_2020-06-04T00_00_00_English.docx",managerial_qa,291,79,16,196,0.2716180142664689,0.0572104154191467,0.6711715724880747,0,0.27147766323024053,0.054982817869415807,0.6735395189003437
DocuSign,"DocuSign, Inc._Earnings Call_2020-06-04T00_00_00_English.docx",prepared_management,119,32,2,85,0.27773424059433566,0.02239073925505831,0.6998750187928965,0,0.2689075630252101,0.01680672268907563,0.7142857142857143
DocuSign,"DocuSign, Inc._Earnings Call_2020-09-03T00_00_00_English.docx",managerial_qa,333,96,10,227,0.29560058627552066,0.035631133401767955,0.6687682836374929,0,0.2882882882882883,0.03003003003003003,0.6816816816816816
DocuSign,"DocuSign, Inc._Earnings Call_2020-09-03T00_00_00_English.docx",prepared_management,143,41,4,98,0.29310208957017503,0.02836323811397002,0.6785346728855893,0,0.2867132867132867,0.027972027972027972,0.6853146853146853
DocuSign,"DocuSign, Inc._Earnings Call_2020-12-03T00_00_00_English.docx",managerial_qa,354,99,12,243,0.27843511329062975,0.03811682500499535,0.6834480660147372,0,0.2796610169491525,0.03389830508474576,0.6864406779661016
DocuSign,"DocuSign, Inc._Earnings Call_2020-12-03T00_00_00_English.docx",prepared_management,124,44,5,75,0.36027645754839477,0.041144065834545406,0.5985794788930999,0,0.3548387096774194,0.04032258064516129,0.6048387096774194
DocuSign,"DocuSign, Inc._Earnings Call_2021-03-11T00_00_00_English.docx",managerial_qa,249,77,6,166,0.31249761213288885,0.029023841744239602,0.658478548357656,0,0.3092369477911647,0.024096385542168676,0.6666666666666666
DocuSign,"DocuSign, Inc._Earnings Call_2021-03-11T00_00_00_English.docx",prepared_management,144,59,2,83,0.4058726906157744,0.015530742349744045,0.5785965716761394,0,0.4097222222222222,0.013888888888888888,0.5763888888888888
DocuSign,"DocuSign, Inc._Earnings Call_2021-06-03T00_00_00_English.docx",managerial_qa,261,76,4,181,0.28864695870597445,0.017614298269729173,0.6937387461033202,0,0.29118773946360155,0.01532567049808429,0.6934865900383141
DocuSign,"DocuSign, Inc._Earnings Call_2021-06-03T00_00_00_English.docx",prepared_management,131,55,3,73,0.42760715950093775,0.026042422656355507,0.546350420538205,0,0.4198473282442748,0.022900763358778626,0.5572519083969466
DocuSign,"DocuSign, Inc._Earnings Call_2021-09-02T00_00_00_English.docx",managerial_qa,243,79,8,156,0.33838656213475204,0.03379955167152617,0.6278138907749715,0,0.32510288065843623,0.03292181069958848,0.6419753086419753
DocuSign,"DocuSign, Inc._Earnings Call_2021-09-02T00_00_00_English.docx",prepared_management,146,71,1,74,0.47772318196384794,0.005414613229356293,0.516862209179892,0,0.4863013698630137,0.00684931506849315,0.5068493150684932
DocuSign,"DocuSign, Inc._Earnings Call_2021-12-02T00_00_00_English.docx",managerial_qa,261,82,18,161,0.320614082271144,0.0764512588813239,0.602934658997817,0,0.31417624521072796,0.06896551724137931,0.6168582375478927
DocuSign,"DocuSign, Inc._Earnings Call_2021-12-02T00_00_00_English.docx",prepared_management,127,55,5,67,0.440664154997054,0.041073093949242134,0.5182627501822816,0,0.4330708661417323,0.03937007874015748,0.5275590551181102
DocuSign,"DocuSign, Inc._Earnings Call_2022-03-10T00_00_00_English.docx",managerial_qa,223,59,14,150,0.2703751064916581,0.06817908807526614,0.6614458095822294,0,0.2645739910313901,0.06278026905829596,0.672645739910314
DocuSign,"DocuSign, Inc._Earnings Call_2022-03-10T00_00_00_English.docx",prepared_management,155,75,6,74,0.4832921792713286,0.043739015954344616,0.47296880043776696,0,0.4838709677419355,0.03870967741935484,0.4774193548387097
DocuSign,"DocuSign, Inc._Earnings Call_2022-06-09T00_00_00_English.docx",managerial_qa,213,39,22,152,0.18503035038933716,0.11697792184926191,0.6979917295448276,0,0.18309859154929578,0.10328638497652583,0.7136150234741784
DocuSign,"DocuSign, Inc._Earnings Call_2022-06-09T00_00_00_English.docx",prepared_management,131,64,2,65,0.5073108035853385,0.018337825485087552,0.4743513777444518,0,0.48854961832061067,0.015267175572519083,0.4961832061068702
DocuSign,"DocuSign, Inc._Earnings Call_2022-09-08T00_00_00_English.docx",managerial_qa,190,62,13,115,0.3333802082534827,0.06750824340606312,0.5991115490611876,0,0.3263157894736842,0.06842105263157895,0.6052631578947368
DocuSign,"DocuSign, Inc._Earnings Call_2022-09-08T00_00_00_English.docx",prepared_management,140,66,7,67,0.47914401926020417,0.04835097497532489,0.4725050088950281,0,0.4714285714285714,0.05,0.4785714285714286
DocuSign,"DocuSign, Inc._Earnings Call_2022-12-08T00_00_00_English.docx",managerial_qa,210,57,20,133,0.2739728514216357,0.09708637531247337,0.6289407785596977,0,0.2714285714285714,0.09523809523809523,0.6333333333333333
DocuSign,"DocuSign, Inc._Earnings Call_2022-12-08T00_00_00_English.docx",prepared_management,163,83,14,66,0.5087772071444202,0.0855565522934798,0.40566624228864934,0,0.50920245398773,0.08588957055214724,0.4049079754601227
DocuSign,"DocuSign, Inc._Earnings Call_2023-03-09T00_00_00_English.docx",managerial_qa,238,77,18,143,0.3358308782309591,0.07527982849849738,0.5888892992683261,0,0.3235294117647059,0.07563025210084033,0.6008403361344538
DocuSign,"DocuSign, Inc._Earnings Call_2023-03-09T00_00_00_English.docx",prepared_management,166,79,11,76,0.47318788787234145,0.07000119536150397,0.4568109167265376,0,0.4759036144578313,0.06626506024096386,0.4578313253012048
DocuSign,"DocuSign, Inc._Earnings Call_2023-06-08T00_00_00_English.docx",managerial_qa,264,90,18,156,0.3468528157540383,0.07491697045087893,0.5782302152214153,0,0.3409090909090909,0.06818181818181818,0.5909090909090909
DocuSign,"DocuSign, Inc._Earnings Call_2023-06-08T00_00_00_English.docx",prepared_management,142,69,8,65,0.48288863730858667,0.05886775334053589,0.4582436095996805,0,0.4859154929577465,0.056338028169014086,0.45774647887323944
DocuSign,"DocuSign, Inc._Earnings Call_2023-09-07T00_00_00_English.docx",managerial_qa,253,98,13,142,0.38911000557973385,0.053388511976107486,0.557501486715019,0,0.38735177865612647,0.05138339920948617,0.5612648221343873
DocuSign,"DocuSign, Inc._Earnings Call_2023-09-07T00_00_00_English.docx",prepared_management,163,85,7,71,0.5345557208696242,0.04273041225364365,0.4227138695530647,0,0.5214723926380368,0.04294478527607362,0.43558282208588955
DocuSign,"DocuSign, Inc._Earnings Call_2023-12-07T00_00_00_English.docx",managerial_qa,233,91,18,124,0.40068148937736475,0.07493024883576407,0.5243882658914364,0,0.3905579399141631,0.07725321888412018,0.5321888412017167
DocuSign,"DocuSign, Inc._Earnings Call_2023-12-07T00_00_00_English.docx",prepared_management,172,100,4,68,0.5833852909238616,0.023560093063353577,0.39305462267167335,0,0.5813953488372093,0.023255813953488372,0.3953488372093023
DocuSign,"DocuSign, Inc._Earnings Call_2024-03-07T00_00_00_English.docx",managerial_qa,223,98,9,116,0.431727978147292,0.043951078043688765,0.5243209534388352,0,0.43946188340807174,0.04035874439461883,0.5201793721973094
DocuSign,"DocuSign, Inc._Earnings Call_2024-03-07T00_00_00_English.docx",prepared_management,167,102,3,62,0.6175881401993254,0.01837249644845926,0.3640393647301393,0,0.6107784431137725,0.017964071856287425,0.3712574850299401
DoorDash,"DoorDash, Inc._Earnings Call_2021-05-13T00_00_00_English.docx",managerial_qa,193,64,6,123,0.33263418929744987,0.038910372432443094,0.6284554403793361,0,0.3316062176165803,0.031088082901554404,0.6373056994818653
DoorDash,"DoorDash, Inc._Earnings Call_2021-05-13T00_00_00_English.docx",prepared_management,13,0,0,13,0.028560617897290703,0.003178983179763096,0.9682603845229516,0,0.0,0.0,1.0
DoorDash,"DoorDash, Inc._Earnings Call_2021-08-12T00_00_00_English.docx",managerial_qa,160,43,12,105,0.28336992811220163,0.0783326546093146,0.6382974177776732,0,0.26875,0.075,0.65625
DoorDash,"DoorDash, Inc._Earnings Call_2021-08-12T00_00_00_English.docx",prepared_management,13,1,0,12,0.0901658016516124,0.003034647825608352,0.9067995639947745,0,0.07692307692307693,0.0,0.9230769230769231
DoorDash,"DoorDash, Inc._Earnings Call_2021-11-09T00_00_00_English.docx",managerial_qa,195,68,2,125,0.3548107525026519,0.01651895608694863,0.6286702862389121,0,0.3487179487179487,0.010256410256410256,0.6410256410256411
DoorDash,"DoorDash, Inc._Earnings Call_2021-11-09T00_00_00_English.docx",prepared_management,49,13,2,34,0.3160643525137602,0.03909475204762677,0.6448408874410422,0,0.2653061224489796,0.04081632653061224,0.6938775510204082
DoorDash,"DoorDash, Inc._Earnings Call_2022-02-16T00_00_00_English.docx",managerial_qa,292,94,10,188,0.32443462719787874,0.03434277402333347,0.641222600982193,0,0.3219178082191781,0.03424657534246575,0.6438356164383562
DoorDash,"DoorDash, Inc._Earnings Call_2022-02-16T00_00_00_English.docx",prepared_management,12,1,0,11,0.09521373542111178,0.003394272683806321,0.9013920029004415,0,0.08333333333333333,0.0,0.9166666666666666
DoorDash,"DoorDash, Inc._Earnings Call_2022-05-05T00_00_00_English.docx",managerial_qa,309,104,16,189,0.33141022160561306,0.06179009899675992,0.6067996781915761,0,0.3365695792880259,0.05177993527508091,0.6116504854368932
DoorDash,"DoorDash, Inc._Earnings Call_2022-05-05T00_00_00_English.docx",prepared_management,13,0,0,13,0.030136622901998485,0.010546337215740866,0.9593170560323275,0,0.0,0.0,1.0
DoorDash,"DoorDash, Inc._Earnings Call_2022-08-04T00_00_00_English.docx",managerial_qa,248,94,12,142,0.3755477372785028,0.05616498793705045,0.5682872781857383,0,0.3790322580645161,0.04838709677419355,0.5725806451612904
DoorDash,"DoorDash, Inc._Earnings Call_2022-08-04T00_00_00_English.docx",prepared_management,14,0,0,14,0.041856291529484224,0.003936465122316284,0.9542072543076107,0,0.0,0.0,1.0
DoorDash,"DoorDash, Inc._Earnings Call_2022-11-03T00_00_00_English.docx",managerial_qa,294,113,22,159,0.38422469509051693,0.07262282144955004,0.5431524924797183,0,0.3843537414965986,0.07482993197278912,0.5408163265306123
DoorDash,"DoorDash, Inc._Earnings Call_2022-11-03T00_00_00_English.docx",prepared_management,14,0,0,14,0.03270576871107421,0.004299783749762095,0.9629944435187748,0,0.0,0.0,1.0
DoorDash,"DoorDash, Inc._Earnings Call_2023-02-16T00_00_00_English.docx",managerial_qa,278,98,11,169,0.356407611045665,0.03934195524466061,0.6042504334262382,0,0.35251798561151076,0.039568345323741004,0.6079136690647482
DoorDash,"DoorDash, Inc._Earnings Call_2023-02-16T00_00_00_English.docx",prepared_management,38,10,0,28,0.2884956740073311,0.010615869323207794,0.7008884550906438,0,0.2631578947368421,0.0,0.7368421052631579
DoorDash,"DoorDash, Inc._Earnings Call_2023-05-04T00_00_00_English.docx",managerial_qa,234,121,6,107,0.5102746361917482,0.030338487703988285,0.4593868783275881,0,0.5170940170940171,0.02564102564102564,0.45726495726495725
DoorDash,"DoorDash, Inc._Earnings Call_2023-05-04T00_00_00_English.docx",prepared_management,14,1,0,13,0.08678885743475868,0.00812351743023143,0.9050876205022048,0,0.07142857142857142,0.0,0.9285714285714286
DoorDash,"DoorDash, Inc._Earnings Call_2023-08-02T00_00_00_English.docx",managerial_qa,271,90,7,174,0.33829515182818465,0.027868141542635335,0.6338367073707363,0,0.33210332103321033,0.025830258302583026,0.6420664206642066
DoorDash,"DoorDash, Inc._Earnings Call_2023-08-02T00_00_00_English.docx",prepared_management,14,1,0,13,0.09149564209384867,0.0076902237377990245,0.900814129255845,0,0.07142857142857142,0.0,0.9285714285714286
DoorDash,"DoorDash, Inc._Earnings Call_2023-11-01T00_00_00_English.docx",managerial_qa,299,111,16,172,0.36428742404113673,0.05592344515924854,0.5797891350775944,0,0.3712374581939799,0.05351170568561873,0.5752508361204013
DoorDash,"DoorDash, Inc._Earnings Call_2023-11-01T00_00_00_English.docx",prepared_management,13,1,0,12,0.13258370331501423,0.008294125995468868,0.8591221639295467,0,0.07692307692307693,0.0,0.9230769230769231
DoorDash,"DoorDash, Inc._Earnings Call_2024-02-15T00_00_00_English.docx",managerial_qa,319,124,11,184,0.3887296416413742,0.03888152896987468,0.5723888329310498,0,0.3887147335423197,0.034482758620689655,0.5768025078369906
DoorDash,"DoorDash, Inc._Earnings Call_2024-02-15T00_00_00_English.docx",prepared_management,14,2,0,12,0.10995638693194516,0.007851299058777477,0.8821923058437408,0,0.14285714285714285,0.0,0.8571428571428571
DoorDash,"DoorDash, Inc._Earnings Call_2024-05-01T00_00_00_English.docx",managerial_qa,317,131,11,175,0.41474599667192313,0.04291183671290687,0.5423421744552402,0,0.41324921135646686,0.03470031545741325,0.5520504731861199
DoorDash,"DoorDash, Inc._Earnings Call_2024-05-01T00_00_00_English.docx",prepared_management,13,1,0,12,0.10297361671036662,0.008056829513772793,0.8889695640402631,0,0.07692307692307693,0.0,0.9230769230769231
DoorDash,"DoorDash, Inc._Earnings Call_2024-08-01T00_00_00_English.docx",managerial_qa,337,132,16,189,0.391074976107319,0.0516598702114796,0.557265156106921,0,0.3916913946587537,0.04747774480712166,0.5608308605341247
DoorDash,"DoorDash, Inc._Earnings Call_2024-08-01T00_00_00_English.docx",prepared_management,13,1,0,12,0.10084958088455445,0.008563752164516377,0.8905866901712636,0,0.07692307692307693,0.0,0.9230769230769231
DoorDash,"DoorDash, Inc._Earnings Call_2024-10-30T00_00_00_English.docx",managerial_qa,270,125,8,137,0.4599336683936533,0.031099909623770756,0.5089664258204492,0,0.46296296296296297,0.02962962962962963,0.5074074074074074
DoorDash,"DoorDash, Inc._Earnings Call_2024-10-30T00_00_00_English.docx",prepared_management,14,1,0,13,0.09609049561794336,0.0075689236704502404,0.8963405877917207,0,0.07142857142857142,0.0,0.9285714285714286
DoorDash,"DoorDash, Inc._Earnings Call_2025-02-11T00_00_00_English.docx",managerial_qa,282,111,9,162,0.3966246785646777,0.030974621589596414,0.5724006972616973,0,0.39361702127659576,0.031914893617021274,0.574468085106383
DoorDash,"DoorDash, Inc._Earnings Call_2025-02-11T00_00_00_English.docx",prepared_management,13,1,0,12,0.10659420813814134,0.008081622541635735,0.885324176060609,0,0.07692307692307693,0.0,0.9230769230769231
Dropbox,"Dropbox, Inc._Earnings Call_2021-05-06T00_00_00_English.docx",managerial_qa,88,42,0,46,0.46268141045474565,0.0015562509946284138,0.5357623415758398,0,0.4772727272727273,0.0,0.5227272727272727
Dropbox,"Dropbox, Inc._Earnings Call_2021-05-06T00_00_00_English.docx",prepared_management,175,93,4,78,0.5318377860532516,0.029885729222839105,0.4382764852333997,0,0.5314285714285715,0.022857142857142857,0.44571428571428573
Dropbox,"Dropbox, Inc._Earnings Call_2021-08-05T00_00_00_English.docx",managerial_qa,103,56,2,45,0.533069579315294,0.02741850272531601,0.4395119207743586,0,0.5436893203883495,0.019417475728155338,0.4368932038834951
Dropbox,"Dropbox, Inc._Earnings Call_2021-08-05T00_00_00_English.docx",prepared_management,187,101,2,84,0.544131598049635,0.01401716324907669,0.4418512456747109,0,0.5401069518716578,0.0106951871657754,0.44919786096256686
Dropbox,"Dropbox, Inc._Earnings Call_2021-11-04T00_00_00_English.docx",managerial_qa,137,52,7,78,0.3794831426148564,0.05071274564112741,0.5698041131215845,0,0.3795620437956204,0.051094890510948905,0.5693430656934306
Dropbox,"Dropbox, Inc._Earnings Call_2021-11-04T00_00_00_English.docx",prepared_management,213,96,5,112,0.45916533292160494,0.02412845989964635,0.5167062076639775,0,0.4507042253521127,0.023474178403755867,0.5258215962441315
Dropbox,"Dropbox, Inc._Earnings Call_2022-02-17T00_00_00_English.docx",managerial_qa,127,57,4,66,0.4544605813122106,0.034059398554503025,0.5114800311993128,0,0.44881889763779526,0.031496062992125984,0.5196850393700787
Dropbox,"Dropbox, Inc._Earnings Call_2022-02-17T00_00_00_English.docx",prepared_management,227,112,4,111,0.49519215610481604,0.017459881931514612,0.4873479656510402,0,0.4933920704845815,0.01762114537444934,0.4889867841409692
Dropbox,"Dropbox, Inc._Earnings Call_2022-05-05T00_00_00_English.docx",managerial_qa,85,34,5,46,0.42200882491505937,0.05742843951776835,0.5205627402922037,0,0.4,0.058823529411764705,0.5411764705882353
Dropbox,"Dropbox, Inc._Earnings Call_2022-05-05T00_00_00_English.docx",prepared_management,158,57,5,96,0.3675462060933037,0.037410528582831795,0.5950432690898391,0,0.36075949367088606,0.03164556962025317,0.6075949367088608
Dropbox,"Dropbox, Inc._Earnings Call_2022-08-04T00_00_00_English.docx",managerial_qa,113,30,13,70,0.26121118197880505,0.1153098121083803,0.6234790055369492,0,0.26548672566371684,0.11504424778761062,0.6194690265486725
Dropbox,"Dropbox, Inc._Earnings Call_2022-08-04T00_00_00_English.docx",prepared_management,181,83,16,82,0.4652109358645049,0.08837899132488071,0.44641007178988534,0,0.4585635359116022,0.08839779005524862,0.4530386740331492
Dropbox,"Dropbox, Inc._Earnings Call_2022-11-03T00_00_00_English.docx",managerial_qa,116,31,15,70,0.2656375229878546,0.1316611793220063,0.6027013008979326,0,0.2672413793103448,0.12931034482758622,0.603448275862069
Dropbox,"Dropbox, Inc._Earnings Call_2022-11-03T00_00_00_English.docx",prepared_management,161,65,15,81,0.4097036481740521,0.0948311720339315,0.495465178103206,0,0.40372670807453415,0.09316770186335403,0.5031055900621118
Dropbox,"Dropbox, Inc._Earnings Call_2023-02-16T00_00_00_English.docx",managerial_qa,133,35,18,80,0.26947893661363004,0.1523458731130463,0.5781752018544403,0,0.2631578947368421,0.13533834586466165,0.6015037593984962
Dropbox,"Dropbox, Inc._Earnings Call_2023-02-16T00_00_00_English.docx",prepared_management,210,66,34,110,0.32326011197173626,0.16911557309291847,0.5076243090687034,0,0.3142857142857143,0.1619047619047619,0.5238095238095238
Dropbox,"Dropbox, Inc._Earnings Call_2023-05-04T00_00_00_English.docx",managerial_qa,82,27,8,47,0.33018428873368333,0.09615560730040144,0.5736601111423121,0,0.32926829268292684,0.0975609756097561,0.573170731707317
Dropbox,"Dropbox, Inc._Earnings Call_2023-05-04T00_00_00_English.docx",prepared_management,177,74,26,77,0.4186302420046111,0.14808494437558956,0.43328481621928727,0,0.4180790960451977,0.14689265536723164,0.4350282485875706
Dropbox,"Dropbox, Inc._Earnings Call_2023-08-03T00_00_00_English.docx",managerial_qa,133,38,7,88,0.3016141828456316,0.05698259002629072,0.6414032309459093,0,0.2857142857142857,0.05263157894736842,0.6616541353383458
Dropbox,"Dropbox, Inc._Earnings Call_2023-08-03T00_00_00_English.docx",prepared_management,177,72,12,93,0.4010009070913647,0.07309618564699648,0.5259029031889839,0,0.4067796610169492,0.06779661016949153,0.5254237288135594
Dropbox,"Dropbox, Inc._Earnings Call_2023-11-02T00_00_00_English.docx",managerial_qa,78,19,10,49,0.251540218322067,0.1295767811502763,0.618882998606806,0,0.24358974358974358,0.1282051282051282,0.6282051282051282
Dropbox,"Dropbox, Inc._Earnings Call_2023-11-02T00_00_00_English.docx",prepared_management,173,58,27,88,0.34811483838621,0.15752228528313889,0.49436287686273495,0,0.3352601156069364,0.15606936416184972,0.5086705202312138
Dropbox,"Dropbox, Inc._Earnings Call_2024-02-15T00_00_00_English.docx",managerial_qa,156,32,23,101,0.2183466189155808,0.15523574931472214,0.626417641392816,0,0.20512820512820512,0.14743589743589744,0.6474358974358975
Dropbox,"Dropbox, Inc._Earnings Call_2024-02-15T00_00_00_English.docx",prepared_management,213,66,34,113,0.32276874351821483,0.15775963787587288,0.5194716172014041,0,0.30985915492957744,0.1596244131455399,0.5305164319248826
Dropbox,"Dropbox, Inc._Earnings Call_2024-05-09T00_00_00_English.docx",managerial_qa,180,47,13,120,0.2627127492370085,0.08118236955626222,0.656104883806998,0,0.2611111111111111,0.07222222222222222,0.6666666666666666
Dropbox,"Dropbox, Inc._Earnings Call_2024-05-09T00_00_00_English.docx",prepared_management,139,52,8,79,0.36911709169689116,0.06068255400630427,0.5702003500969598,0,0.37410071942446044,0.05755395683453238,0.5683453237410072
Dropbox,"Dropbox, Inc._Earnings Call_2024-08-08T00_00_00_English.docx",managerial_qa,114,30,7,77,0.2653630802064883,0.07227374986732764,0.6623631755895496,0,0.2631578947368421,0.06140350877192982,0.6754385964912281
Dropbox,"Dropbox, Inc._Earnings Call_2024-08-08T00_00_00_English.docx",prepared_management,150,60,9,81,0.4006130106315438,0.06554321997132903,0.5338437697399627,0,0.4,0.06,0.54
Dropbox,"Dropbox, Inc._Earnings Call_2024-11-07T00_00_00_English.docx",managerial_qa,76,23,5,48,0.315593597252827,0.07515966777710997,0.609246742474569,0,0.3026315789473684,0.06578947368421052,0.631578947368421
Dropbox,"Dropbox, Inc._Earnings Call_2024-11-07T00_00_00_English.docx",prepared_management,153,48,22,83,0.3219832195029631,0.14139980161281346,0.5366169816271352,0,0.3137254901960784,0.1437908496732026,0.5424836601307189
Dropbox,"Dropbox, Inc._Earnings Call_2025-02-20T00_00_00_English.docx",managerial_qa,176,53,15,108,0.3062555286823963,0.0950461609441413,0.598698309644811,0,0.30113636363636365,0.08522727272727272,0.6136363636363636
Dropbox,"Dropbox, Inc._Earnings Call_2025-02-20T00_00_00_English.docx",prepared_management,181,65,17,99,0.3717351091900787,0.09278252774473211,0.5354823667141623,0,0.35911602209944754,0.09392265193370165,0.5469613259668509
IBM,International Business Machines Corporation_Earnings Call_2021-04-19T00_00_00_English.docx,managerial_qa,266,89,12,165,0.33722263725080975,0.04816068075454299,0.6146166842453097,0,0.33458646616541354,0.045112781954887216,0.6203007518796992
IBM,International Business Machines Corporation_Earnings Call_2021-04-19T00_00_00_English.docx,prepared_management,238,132,8,98,0.5697253336635788,0.03441913277394399,0.39585553571912235,0,0.5546218487394958,0.03361344537815126,0.4117647058823529
IBM,International Business Machines Corporation_Earnings Call_2021-07-19T00_00_00_English.docx,managerial_qa,209,67,11,131,0.32801861736604404,0.05015436714142744,0.6218270096778091,0,0.32057416267942584,0.05263157894736842,0.6267942583732058
IBM,International Business Machines Corporation_Earnings Call_2021-07-19T00_00_00_English.docx,prepared_management,259,136,12,111,0.5317998424180383,0.046562329544666305,0.42163783319769516,0,0.525096525096525,0.04633204633204633,0.42857142857142855
IBM,International Business Machines Corporation_Earnings Call_2021-10-20T00_00_00_English.docx,managerial_qa,221,77,16,128,0.3503193048729404,0.07184747774351491,0.5778332175437281,0,0.34841628959276016,0.07239819004524888,0.579185520361991
IBM,International Business Machines Corporation_Earnings Call_2021-10-20T00_00_00_English.docx,prepared_management,244,111,17,116,0.4560495309468106,0.06979192948418474,0.4741585436684801,0,0.45491803278688525,0.06967213114754098,0.47540983606557374
IBM,International Business Machines Corporation_Earnings Call_2022-01-24T00_00_00_English.docx,managerial_qa,160,34,8,118,0.21632884542358105,0.05562962414006095,0.7280415361049971,0,0.2125,0.05,0.7375
IBM,International Business Machines Corporation_Earnings Call_2022-01-24T00_00_00_English.docx,prepared_management,265,136,10,119,0.5186880744202855,0.04054533602656346,0.440766588515854,0,0.5132075471698113,0.03773584905660377,0.4490566037735849
IBM,International Business Machines Corporation_Earnings Call_2022-04-19T00_00_00_English.docx,managerial_qa,240,73,16,151,0.31016576487968095,0.06797550820098211,0.621858727468019,0,0.30416666666666664,0.06666666666666667,0.6291666666666667
IBM,International Business Machines Corporation_Earnings Call_2022-04-19T00_00_00_English.docx,prepared_management,231,126,13,92,0.5351447534331345,0.052743298474149596,0.41211194617083086,0,0.5454545454545454,0.05627705627705628,0.39826839826839827
IBM,International Business Machines Corporation_Earnings Call_2022-07-18T00_00_00_English.docx,managerial_qa,208,65,15,128,0.3114224983638637,0.07707518740939032,0.6115023220237332,0,0.3125,0.07211538461538461,0.6153846153846154
IBM,International Business Machines Corporation_Earnings Call_2022-07-18T00_00_00_English.docx,prepared_management,226,118,16,92,0.5230850421638187,0.07088655141076781,0.4060284087500782,0,0.5221238938053098,0.07079646017699115,0.40707964601769914
IBM,International Business Machines Corporation_Earnings Call_2022-10-19T00_00_00_English.docx,managerial_qa,243,78,12,153,0.31964853397431947,0.05258679153481435,0.6277646783372636,0,0.32098765432098764,0.04938271604938271,0.6296296296296297
IBM,International Business Machines Corporation_Earnings Call_2022-10-19T00_00_00_English.docx,prepared_management,209,122,6,81,0.5823221672795346,0.03193381344259465,0.38574402105975547,0,0.583732057416268,0.028708133971291867,0.3875598086124402
IBM,International Business Machines Corporation_Earnings Call_2023-01-25T00_00_00_English.docx,managerial_qa,209,72,14,123,0.3466982107566634,0.06692280065558007,0.5863789930600066,0,0.3444976076555024,0.06698564593301436,0.5885167464114832
IBM,International Business Machines Corporation_Earnings Call_2023-01-25T00_00_00_English.docx,prepared_management,246,139,14,93,0.5653174832334119,0.05642927185862675,0.3782532451015467,0,0.5650406504065041,0.056910569105691054,0.3780487804878049
IBM,International Business Machines Corporation_Earnings Call_2023-04-19T00_00_00_English.docx,managerial_qa,225,56,23,146,0.24858951122306833,0.10202825933592512,0.6493822349571463,0,0.24888888888888888,0.10222222222222223,0.6488888888888888
IBM,International Business Machines Corporation_Earnings Call_2023-04-19T00_00_00_English.docx,prepared_management,200,106,17,77,0.531886764953969,0.07912795289444027,0.3889852857095255,0,0.53,0.085,0.385
IBM,International Business Machines Corporation_Earnings Call_2023-07-19T00_00_00_English.docx,managerial_qa,274,82,12,180,0.3004740477407574,0.05386697201370735,0.6456589849865848,0,0.29927007299270075,0.043795620437956206,0.656934306569343
IBM,International Business Machines Corporation_Earnings Call_2023-07-19T00_00_00_English.docx,prepared_management,189,102,21,66,0.5443108503095289,0.10854570234679502,0.3471434536474374,0,0.5396825396825397,0.1111111111111111,0.3492063492063492
IBM,International Business Machines Corporation_Earnings Call_2023-10-25T00_00_00_English.docx,managerial_qa,223,70,13,140,0.3250007897165136,0.0591014689021408,0.6158977422560288,0,0.31390134529147984,0.05829596412556054,0.6278026905829597
IBM,International Business Machines Corporation_Earnings Call_2023-10-25T00_00_00_English.docx,prepared_management,193,120,14,59,0.624299941030249,0.06996445722844027,0.3057356027433801,0,0.6217616580310881,0.07253886010362694,0.30569948186528495
IBM,International Business Machines Corporation_Earnings Call_2024-01-24T00_00_00_English.docx,managerial_qa,218,76,6,136,0.35512526212380413,0.026932180448988333,0.6179425621794763,0,0.3486238532110092,0.027522935779816515,0.6238532110091743
IBM,International Business Machines Corporation_Earnings Call_2024-01-24T00_00_00_English.docx,prepared_management,236,139,11,86,0.5993535685507013,0.046599340520162964,0.35404709410781754,0,0.5889830508474576,0.046610169491525424,0.3644067796610169
IBM,International Business Machines Corporation_Earnings Call_2024-04-24T00_00_00_English.docx,managerial_qa,206,89,8,109,0.44025414904150545,0.03524838592470735,0.5244974666095142,0,0.4320388349514563,0.038834951456310676,0.529126213592233
IBM,International Business Machines Corporation_Earnings Call_2024-04-24T00_00_00_English.docx,prepared_management,217,118,9,90,0.5435129416517499,0.04369228924097889,0.41279477157236505,0,0.543778801843318,0.041474654377880185,0.4147465437788018
IBM,International Business Machines Corporation_Earnings Call_2024-07-24T00_00_00_English.docx,managerial_qa,239,71,6,162,0.3025434666427335,0.02617893197851583,0.6712776004083867,0,0.29707112970711297,0.02510460251046025,0.6778242677824268
IBM,International Business Machines Corporation_Earnings Call_2024-07-24T00_00_00_English.docx,prepared_management,184,118,6,60,0.6427488246068077,0.03438539353167714,0.3228657827951763,0,0.6413043478260869,0.03260869565217391,0.32608695652173914
IBM,International Business Machines Corporation_Earnings Call_2024-10-23T00_00_00_English.docx,managerial_qa,184,59,9,116,0.3323941739938887,0.0597392961581965,0.6078665307862688,0,0.32065217391304346,0.04891304347826087,0.6304347826086957
IBM,International Business Machines Corporation_Earnings Call_2024-10-23T00_00_00_English.docx,prepared_management,174,93,18,63,0.5314294662890583,0.10521046332427748,0.363360073629407,0,0.5344827586206896,0.10344827586206896,0.3620689655172414
IBM,International Business Machines Corporation_Earnings Call_2025-01-29T00_00_00_English.docx,managerial_qa,141,54,2,85,0.38686669345584945,0.019635868052048682,0.5934974394571326,0,0.3829787234042553,0.014184397163120567,0.6028368794326241
IBM,International Business Machines Corporation_Earnings Call_2025-01-29T00_00_00_English.docx,prepared_management,173,111,11,51,0.6477133011713142,0.06513992676094549,0.2871467751185433,0,0.6416184971098265,0.06358381502890173,0.2947976878612717
Intel,Intel Corporation_Earnings Call_2021-04-22T00_00_00_English.docx,managerial_qa,249,110,8,131,0.448561288366376,0.03711801375399304,0.5143207062754744,0,0.44176706827309237,0.0321285140562249,0.5261044176706827
Intel,Intel Corporation_Earnings Call_2021-04-22T00_00_00_English.docx,prepared_management,146,80,13,53,0.5480750196406864,0.08632059763592317,0.3656043865080959,0,0.547945205479452,0.08904109589041095,0.363013698630137
Intel,Intel Corporation_Earnings Call_2021-07-22T00_00_00_English.docx,managerial_qa,203,73,22,108,0.3654333328262015,0.10399552338007438,0.5305711484470136,0,0.35960591133004927,0.10837438423645321,0.5320197044334976
Intel,Intel Corporation_Earnings Call_2021-07-22T00_00_00_English.docx,prepared_management,160,92,13,55,0.5776724937077491,0.07952588183052928,0.34280162974279355,0,0.575,0.08125,0.34375
Intel,Intel Corporation_Earnings Call_2021-10-21T00_00_00_English.docx,managerial_qa,215,91,9,115,0.4249327096902739,0.05336332481672292,0.5217039691243355,0,0.4232558139534884,0.04186046511627907,0.5348837209302325
Intel,Intel Corporation_Earnings Call_2021-10-21T00_00_00_English.docx,prepared_management,191,108,11,72,0.5681352544880823,0.06073519208627026,0.3711295550050762,0,0.5654450261780105,0.05759162303664921,0.3769633507853403
Intel,Intel Corporation_Earnings Call_2022-01-26T00_00_00_English.docx,managerial_qa,201,82,10,109,0.4098868997171485,0.056905417808783776,0.5332076844890362,0,0.4079601990049751,0.04975124378109453,0.5422885572139303
Intel,Intel Corporation_Earnings Call_2022-01-26T00_00_00_English.docx,prepared_management,184,110,13,61,0.5989600057132185,0.06981092782459412,0.3312290755890562,0,0.5978260869565217,0.07065217391304347,0.33152173913043476
Intel,Intel Corporation_Earnings Call_2022-04-28T00_00_00_English.docx,managerial_qa,220,98,9,113,0.4509347988904335,0.0443978532084889,0.5046673533637552,0,0.44545454545454544,0.04090909090909091,0.5136363636363637
Intel,Intel Corporation_Earnings Call_2022-04-28T00_00_00_English.docx,prepared_management,182,100,14,68,0.5458840413003639,0.08163876726581651,0.37247718918978623,0,0.5494505494505495,0.07692307692307693,0.37362637362637363
Intel,Intel Corporation_Earnings Call_2022-07-28T00_00_00_English.docx,managerial_qa,264,103,19,142,0.38897609196963395,0.0752258714899993,0.5357980413374284,0,0.39015151515151514,0.07196969696969698,0.5378787878787878
Intel,Intel Corporation_Earnings Call_2022-07-28T00_00_00_English.docx,prepared_management,185,92,40,53,0.5087123432100124,0.21375963976832532,0.27752802447766095,0,0.4972972972972973,0.21621621621621623,0.2864864864864865
Intel,Intel Corporation_Earnings Call_2022-10-27T00_00_00_English.docx,managerial_qa,210,79,16,115,0.3870381348001553,0.07856240341113574,0.534399464227727,0,0.3761904761904762,0.0761904761904762,0.5476190476190477
Intel,Intel Corporation_Earnings Call_2022-10-27T00_00_00_English.docx,prepared_management,163,96,25,42,0.58513951059037,0.1567256498825526,0.25813484328917047,0,0.588957055214724,0.15337423312883436,0.25766871165644173
Intel,Intel Corporation_Earnings Call_2023-01-26T00_00_00_English.docx,managerial_qa,241,83,31,127,0.3436322558251439,0.13301381847612748,0.5233539281916365,0,0.34439834024896265,0.12863070539419086,0.5269709543568465
Intel,Intel Corporation_Earnings Call_2023-01-26T00_00_00_English.docx,prepared_management,200,97,34,69,0.4906156183473291,0.1718697063241293,0.3375146792627551,0,0.485,0.17,0.345
Intel,Intel Corporation_Earnings Call_2023-04-27T00_00_00_English.docx,managerial_qa,233,86,13,134,0.3690547553289637,0.06182274412281218,0.5691225003173718,0,0.36909871244635195,0.055793991416309016,0.575107296137339
Intel,Intel Corporation_Earnings Call_2023-04-27T00_00_00_English.docx,prepared_management,182,90,24,68,0.5000591784168831,0.1356139148564538,0.36432690895649683,0,0.4945054945054945,0.13186813186813187,0.37362637362637363
Intel,Intel Corporation_Earnings Call_2023-07-27T00_00_00_English.docx,managerial_qa,243,87,12,144,0.37212155559515275,0.05505465940190195,0.5728237877030559,0,0.35802469135802467,0.04938271604938271,0.5925925925925926
Intel,Intel Corporation_Earnings Call_2023-07-27T00_00_00_English.docx,prepared_management,166,107,11,48,0.6393677485471607,0.07448949773107116,0.28614275703706393,0,0.6445783132530121,0.06626506024096386,0.2891566265060241
Intel,Intel Corporation_Earnings Call_2023-10-26T00_00_00_English.docx,managerial_qa,253,106,10,137,0.43087571320459517,0.041446865028449596,0.5276774237966133,0,0.4189723320158103,0.039525691699604744,0.541501976284585
Intel,Intel Corporation_Earnings Call_2023-10-26T00_00_00_English.docx,prepared_management,193,121,8,64,0.630272804831261,0.04655617759324418,0.3231710225128038,0,0.6269430051813472,0.04145077720207254,0.3316062176165803
Intel,Intel Corporation_Earnings Call_2024-01-25T00_00_00_English.docx,managerial_qa,218,89,7,122,0.4063098609069815,0.03932154752367885,0.5543685965431525,0,0.40825688073394495,0.03211009174311927,0.5596330275229358
Intel,Intel Corporation_Earnings Call_2024-01-25T00_00_00_English.docx,prepared_management,195,123,14,58,0.6344187955688467,0.07310233011953084,0.29247887422109964,0,0.6307692307692307,0.07179487179487179,0.29743589743589743
Intel,Intel Corporation_Earnings Call_2024-04-25T00_00_00_English.docx,managerial_qa,283,135,11,137,0.4798807037118267,0.03819360501636754,0.48192569416122166,0,0.47703180212014135,0.038869257950530034,0.4840989399293286
Intel,Intel Corporation_Earnings Call_2024-04-25T00_00_00_English.docx,prepared_management,164,86,17,61,0.5295530900315151,0.10347831243039722,0.3669685983198155,0,0.524390243902439,0.10365853658536585,0.3719512195121951
Intel,Intel Corporation_Earnings Call_2024-08-01T00_00_00_English.docx,managerial_qa,262,100,23,139,0.3773694722795406,0.088451765358988,0.5341787660820048,0,0.3816793893129771,0.08778625954198473,0.5305343511450382
Intel,Intel Corporation_Earnings Call_2024-08-01T00_00_00_English.docx,prepared_management,189,99,37,53,0.5225663704060393,0.19510099395816083,0.2823326390874829,0,0.5238095238095238,0.19576719576719576,0.2804232804232804
Intel,Intel Corporation_Earnings Call_2024-10-31T00_00_00_English.docx,managerial_qa,258,89,10,159,0.3548091717325381,0.03999919896865764,0.6051916336290225,0,0.3449612403100775,0.03875968992248062,0.6162790697674418
Intel,Intel Corporation_Earnings Call_2024-10-31T00_00_00_English.docx,prepared_management,161,83,19,59,0.5248454214073665,0.11889896928573575,0.3562556102332346,0,0.515527950310559,0.11801242236024845,0.36645962732919257
Intel,Intel Corporation_Earnings Call_2025-01-30T00_00_00_English.docx,managerial_qa,251,65,22,164,0.25885336034687995,0.09156167637993501,0.6495849595207426,0,0.2589641434262948,0.08764940239043825,0.6533864541832669
Intel,Intel Corporation_Earnings Call_2025-01-30T00_00_00_English.docx,prepared_management,201,96,16,89,0.4778611914438391,0.08715187856963845,0.434986928679611,0,0.47761194029850745,0.07960199004975124,0.4427860696517413
Lyft,"Lyft, Inc._Earnings Call_2021-05-04T00_00_00_English.docx",managerial_qa,208,58,13,137,0.2814301141960191,0.0650280954845048,0.6535417907102379,0,0.27884615384615385,0.0625,0.6586538461538461
Lyft,"Lyft, Inc._Earnings Call_2021-05-04T00_00_00_English.docx",prepared_management,232,110,25,97,0.4819038921978401,0.11017775267735791,0.40791835920307623,0,0.47413793103448276,0.10775862068965517,0.41810344827586204
Lyft,"Lyft, Inc._Earnings Call_2021-08-03T00_00_00_English.docx",managerial_qa,224,81,7,136,0.3566188348417034,0.03799290811321911,0.6053882573558178,0,0.36160714285714285,0.03125,0.6071428571428571
Lyft,"Lyft, Inc._Earnings Call_2021-08-03T00_00_00_English.docx",prepared_management,236,125,21,90,0.5393019246623739,0.09450652399607112,0.3661915566249366,0,0.5296610169491526,0.08898305084745763,0.3813559322033898
Lyft,"Lyft, Inc._Earnings Call_2021-11-02T00_00_00_English.docx",managerial_qa,292,95,23,174,0.3329661892736346,0.07758350112929832,0.5894503111545171,0,0.3253424657534247,0.07876712328767123,0.5958904109589042
Lyft,"Lyft, Inc._Earnings Call_2021-11-02T00_00_00_English.docx",prepared_management,188,89,18,81,0.4735873348170238,0.09353177829661112,0.4328808875938263,0,0.4734042553191489,0.09574468085106383,0.4308510638297872
Lyft,"Lyft, Inc._Earnings Call_2022-02-08T00_00_00_English.docx",managerial_qa,222,80,21,121,0.3669148762337404,0.09542223111369298,0.5376628904084184,0,0.36036036036036034,0.0945945945945946,0.545045045045045
Lyft,"Lyft, Inc._Earnings Call_2022-02-08T00_00_00_English.docx",prepared_management,190,87,23,80,0.4569698833140947,0.10824389826829446,0.4347862257006547,0,0.45789473684210524,0.12105263157894737,0.42105263157894735
Lyft,"Lyft, Inc._Earnings Call_2022-05-03T00_00_00_English.docx",managerial_qa,219,61,13,145,0.28825517958923996,0.06050079626843552,0.6512440330690061,0,0.2785388127853881,0.0593607305936073,0.6621004566210046
Lyft,"Lyft, Inc._Earnings Call_2022-05-03T00_00_00_English.docx",prepared_management,180,81,17,82,0.4501578850262113,0.0921866767716295,0.45765544056715907,0,0.45,0.09444444444444444,0.45555555555555555
Lyft,"Lyft, Inc._Earnings Call_2022-08-04T00_00_00_English.docx",managerial_qa,211,66,25,120,0.3160439954501174,0.11630757115911086,0.5676484333499815,0,0.3127962085308057,0.11848341232227488,0.5687203791469194
Lyft,"Lyft, Inc._Earnings Call_2022-08-04T00_00_00_English.docx",prepared_management,198,92,23,83,0.4704390462131329,0.11567901336736329,0.41388194088649977,0,0.46464646464646464,0.11616161616161616,0.41919191919191917
Lyft,"Lyft, Inc._Earnings Call_2022-11-07T00_00_00_English.docx",managerial_qa,180,60,8,112,0.33300347327319896,0.0504999022679735,0.6164966231107908,0,0.3333333333333333,0.044444444444444446,0.6222222222222222
Lyft,"Lyft, Inc._Earnings Call_2022-11-07T00_00_00_English.docx",prepared_management,200,80,16,104,0.4151327267072814,0.08073734655408718,0.5041299249723256,0,0.4,0.08,0.52
Lyft,"Lyft, Inc._Earnings Call_2023-02-09T00_00_00_English.docx",managerial_qa,194,57,13,124,0.2942820281782508,0.06639238845230296,0.6393255861570462,0,0.29381443298969073,0.06701030927835051,0.6391752577319587
Lyft,"Lyft, Inc._Earnings Call_2023-02-09T00_00_00_English.docx",prepared_management,187,70,27,90,0.37614970526873354,0.148444920789771,0.475405371808536,0,0.37433155080213903,0.1443850267379679,0.48128342245989303
Lyft,"Lyft, Inc._Earnings Call_2023-05-04T00_00_00_English.docx",managerial_qa,220,44,13,163,0.20805703458700875,0.06694171962154556,0.7250012435547757,0,0.2,0.05909090909090909,0.740909090909091
Lyft,"Lyft, Inc._Earnings Call_2023-05-04T00_00_00_English.docx",prepared_management,139,57,10,72,0.39952422096685836,0.07272028332353422,0.5277555001047666,0,0.41007194244604317,0.07194244604316546,0.5179856115107914
Lyft,"Lyft, Inc._Earnings Call_2023-08-08T00_00_00_English.docx",managerial_qa,366,84,12,270,0.2342276512164391,0.04033312460028913,0.7254392264719669,0,0.22950819672131148,0.03278688524590164,0.7377049180327869
Lyft,"Lyft, Inc._Earnings Call_2023-08-08T00_00_00_English.docx",prepared_management,143,68,8,67,0.4651185726736534,0.061273612351110736,0.47360781752393666,0,0.4755244755244755,0.055944055944055944,0.46853146853146854
Lyft,"Lyft, Inc._Earnings Call_2023-11-08T00_00_00_English.docx",managerial_qa,370,109,8,253,0.29406292721088806,0.023005914578019416,0.6829311609889444,0,0.2945945945945946,0.021621621621621623,0.6837837837837838
Lyft,"Lyft, Inc._Earnings Call_2023-11-08T00_00_00_English.docx",prepared_management,145,66,2,77,0.46186629505439164,0.015916182152773142,0.522217526988463,0,0.45517241379310347,0.013793103448275862,0.5310344827586206
Lyft,"Lyft, Inc._Earnings Call_2024-02-13T00_00_00_English.docx",managerial_qa,377,118,10,249,0.31044575442946687,0.03194067122477786,0.6576135706390303,0,0.3129973474801061,0.026525198938992044,0.6604774535809018
Lyft,"Lyft, Inc._Earnings Call_2024-02-13T00_00_00_English.docx",prepared_management,142,76,1,65,0.5408380062670691,0.01067706511222313,0.44848492772770704,0,0.5352112676056338,0.007042253521126761,0.45774647887323944
Lyft,"Lyft, Inc._Earnings Call_2024-05-07T00_00_00_English.docx",managerial_qa,399,104,11,284,0.2681531233418323,0.03121950302040198,0.7006273760218855,0,0.2606516290726817,0.02756892230576441,0.7117794486215538
Lyft,"Lyft, Inc._Earnings Call_2024-05-07T00_00_00_English.docx",prepared_management,146,79,2,65,0.5478865738287813,0.013319015816762196,0.4387944214954018,0,0.541095890410959,0.0136986301369863,0.4452054794520548
Lyft,"Lyft, Inc._Earnings Call_2024-08-07T00_00_00_English.docx",managerial_qa,373,107,11,255,0.28804727474169517,0.03227693396660078,0.679675790377812,0,0.2868632707774799,0.029490616621983913,0.6836461126005362
Lyft,"Lyft, Inc._Earnings Call_2024-08-07T00_00_00_English.docx",prepared_management,134,70,3,61,0.5208536151588427,0.027515457875424726,0.451630937083957,0,0.5223880597014925,0.022388059701492536,0.4552238805970149
Lyft,"Lyft, Inc._Earnings Call_2024-11-06T00_00_00_English.docx",managerial_qa,369,82,13,274,0.22503123627790703,0.03674443077247751,0.7382243338960367,0,0.2222222222222222,0.03523035230352303,0.7425474254742548
Lyft,"Lyft, Inc._Earnings Call_2024-11-06T00_00_00_English.docx",prepared_management,155,65,5,85,0.4257349158886032,0.035929013565664795,0.5383360717948782,0,0.41935483870967744,0.03225806451612903,0.5483870967741935
Lyft,"Lyft, Inc._Earnings Call_2025-02-11T00_00_00_English.docx",managerial_qa,442,119,12,311,0.2703696662024821,0.030479233726428055,0.6991511008526546,0,0.2692307692307692,0.027149321266968326,0.7036199095022625
Lyft,"Lyft, Inc._Earnings Call_2025-02-11T00_00_00_English.docx",prepared_management,153,81,4,68,0.5329031760089057,0.032932056313297944,0.43416477431510697,0,0.5294117647058824,0.026143790849673203,0.4444444444444444
Meta,"Meta Platforms, Inc._Earnings Call_2021-04-28T00_00_00_English.docx",managerial_qa,242,77,19,146,0.3220674324998065,0.08439144963360055,0.593541116056306,0,0.3181818181818182,0.07851239669421488,0.6033057851239669
Meta,"Meta Platforms, Inc._Earnings Call_2021-04-28T00_00_00_English.docx",prepared_management,216,81,10,125,0.37735917780059935,0.047187545844756595,0.5754532745514568,0,0.375,0.046296296296296294,0.5787037037037037
Meta,"Meta Platforms, Inc._Earnings Call_2021-07-28T00_00_00_English.docx",managerial_qa,237,73,10,154,0.30977497112155034,0.04680200773459953,0.6434230250779007,0,0.3080168776371308,0.04219409282700422,0.6497890295358649
Meta,"Meta Platforms, Inc._Earnings Call_2021-07-28T00_00_00_English.docx",prepared_management,223,76,10,137,0.3609705981167877,0.04446429299187389,0.5945651064870779,0,0.34080717488789236,0.04484304932735426,0.6143497757847534
Meta,"Meta Platforms, Inc._Earnings Call_2021-10-25T00_00_00_English.docx",managerial_qa,211,48,19,144,0.23182047297233238,0.09826353927677958,0.6699159867997831,0,0.22748815165876776,0.09004739336492891,0.6824644549763034
Meta,"Meta Platforms, Inc._Earnings Call_2021-10-25T00_00_00_English.docx",prepared_management,222,78,23,121,0.3573241644966201,0.10259570018831246,0.5400801313937834,0,0.35135135135135137,0.1036036036036036,0.545045045045045
Meta,"Meta Platforms, Inc._Earnings Call_2022-02-02T00_00_00_English.docx",managerial_qa,205,42,27,136,0.2155531612316473,0.1358382340478302,0.6486086056894593,0,0.2048780487804878,0.13170731707317074,0.6634146341463415
Meta,"Meta Platforms, Inc._Earnings Call_2022-02-02T00_00_00_English.docx",prepared_management,235,86,28,121,0.36612460207930647,0.11830463921369098,0.5155707560168115,0,0.3659574468085106,0.11914893617021277,0.5148936170212766
Meta,"Meta Platforms, Inc._Earnings Call_2022-04-27T00_00_00_English.docx",managerial_qa,207,56,27,124,0.26887811897955005,0.13138054835060373,0.5997413395325565,0,0.27053140096618356,0.13043478260869565,0.5990338164251208
Meta,"Meta Platforms, Inc._Earnings Call_2022-04-27T00_00_00_English.docx",prepared_management,202,79,27,96,0.40228236371535125,0.13764429967393754,0.46007333496610503,0,0.3910891089108911,0.13366336633663367,0.4752475247524752
Meta,"Meta Platforms, Inc._Earnings Call_2022-07-27T00_00_00_English.docx",managerial_qa,219,68,20,131,0.3162493417334553,0.09541973385288491,0.5883309240851449,0,0.3105022831050228,0.091324200913242,0.5981735159817352
Meta,"Meta Platforms, Inc._Earnings Call_2022-07-27T00_00_00_English.docx",prepared_management,244,94,34,116,0.39785262312302616,0.14127925823007714,0.4608681124753208,0,0.38524590163934425,0.13934426229508196,0.47540983606557374
Meta,"Meta Platforms, Inc._Earnings Call_2022-10-26T00_00_00_English.docx",managerial_qa,197,61,12,124,0.3118641892706025,0.0645691648670374,0.6235666505327143,0,0.3096446700507614,0.06091370558375635,0.6294416243654822
Meta,"Meta Platforms, Inc._Earnings Call_2022-10-26T00_00_00_English.docx",prepared_management,189,62,22,105,0.3380278311166664,0.11960739408273814,0.5423647756304137,0,0.328042328042328,0.1164021164021164,0.5555555555555556
Meta,"Meta Platforms, Inc._Earnings Call_2023-02-01T00_00_00_English.docx",managerial_qa,238,64,21,153,0.26858762049404883,0.09009659168108278,0.6413157849087484,0,0.2689075630252101,0.08823529411764706,0.6428571428571429
Meta,"Meta Platforms, Inc._Earnings Call_2023-02-01T00_00_00_English.docx",prepared_management,180,70,21,89,0.3874258339319425,0.11581266107537715,0.49676150731037305,0,0.3888888888888889,0.11666666666666667,0.49444444444444446
Meta,"Meta Platforms, Inc._Earnings Call_2023-04-26T00_00_00_English.docx",managerial_qa,178,69,6,103,0.39119733036430937,0.038128075719205096,0.570674601615477,0,0.38764044943820225,0.033707865168539325,0.5786516853932584
Meta,"Meta Platforms, Inc._Earnings Call_2023-04-26T00_00_00_English.docx",prepared_management,189,88,12,89,0.463897002798561,0.0668714301814581,0.4692315607794241,0,0.4656084656084656,0.06349206349206349,0.4708994708994709
Meta,"Meta Platforms, Inc._Earnings Call_2023-07-26T00_00_00_English.docx",managerial_qa,269,71,24,174,0.26175264208502125,0.0906084417388173,0.6476389141949465,0,0.26394052044609667,0.08921933085501858,0.6468401486988847
Meta,"Meta Platforms, Inc._Earnings Call_2023-07-26T00_00_00_English.docx",prepared_management,195,84,16,95,0.43458851159084444,0.07925741732578609,0.48615407469904387,0,0.4307692307692308,0.08205128205128205,0.48717948717948717
Meta,"Meta Platforms, Inc._Earnings Call_2023-10-25T00_00_00_English.docx",managerial_qa,205,77,11,117,0.37323219155460946,0.05605361312615841,0.5707141977056047,0,0.375609756097561,0.05365853658536585,0.5707317073170731
Meta,"Meta Platforms, Inc._Earnings Call_2023-10-25T00_00_00_English.docx",prepared_management,225,90,16,119,0.40205142511353265,0.06745420950754713,0.5304943663604021,0,0.4,0.07111111111111111,0.5288888888888889
Meta,"Meta Platforms, Inc._Earnings Call_2024-02-01T00_00_00_English.docx",managerial_qa,165,51,4,110,0.3288248403231769,0.028086973664898634,0.643088187750393,0,0.3090909090909091,0.024242424242424242,0.6666666666666666
Meta,"Meta Platforms, Inc._Earnings Call_2024-02-01T00_00_00_English.docx",prepared_management,248,107,16,125,0.4277747941169046,0.05459315553421626,0.5176320527895037,0,0.4314516129032258,0.06451612903225806,0.5040322580645161
Meta,"Meta Platforms, Inc._Earnings Call_2024-04-24T00_00_00_English.docx",managerial_qa,170,74,4,92,0.43265575141144386,0.02285528830236175,0.5444889617374564,0,0.43529411764705883,0.023529411764705882,0.5411764705882353
Meta,"Meta Platforms, Inc._Earnings Call_2024-04-24T00_00_00_English.docx",prepared_management,189,86,8,95,0.4534631161873023,0.0425572860676537,0.5039796009312275,0,0.455026455026455,0.042328042328042326,0.5026455026455027
Meta,"Meta Platforms, Inc._Earnings Call_2024-07-31T00_00_00_English.docx",managerial_qa,180,75,3,102,0.42826010916128554,0.020546664224130318,0.551193225750628,0,0.4166666666666667,0.016666666666666666,0.5666666666666667
Meta,"Meta Platforms, Inc._Earnings Call_2024-07-31T00_00_00_English.docx",prepared_management,210,106,8,96,0.505212324868912,0.034430830259860774,0.46035684827566775,0,0.5047619047619047,0.0380952380952381,0.45714285714285713
Meta,"Meta Platforms, Inc._Earnings Call_2024-10-30T00_00_00_English.docx",managerial_qa,183,70,0,113,0.38063250313366953,0.0045072933286893465,0.6148602088938936,0,0.3825136612021858,0.0,0.6174863387978142
Meta,"Meta Platforms, Inc._Earnings Call_2024-10-30T00_00_00_English.docx",prepared_management,186,83,7,96,0.4454563142246983,0.03425975333900182,0.520283928112527,0,0.44623655913978494,0.03763440860215054,0.5161290322580645
Meta,"Meta Platforms, Inc._Earnings Call_2025-01-29T00_00_00_English.docx",managerial_qa,203,66,6,131,0.32122968611179276,0.030759669677935964,0.6480106500814682,0,0.3251231527093596,0.029556650246305417,0.645320197044335
Meta,"Meta Platforms, Inc._Earnings Call_2025-01-29T00_00_00_English.docx",prepared_management,197,90,7,100,0.4595307189124749,0.0323085184475574,0.5081607648525078,0,0.45685279187817257,0.03553299492385787,0.5076142131979695
Microsoft,Microsoft Corporation_Earnings Call_2020-10-27T00_00_00_English.docx,managerial_qa,143,49,4,90,0.3516065354725395,0.02488618546331422,0.6235072815626759,0,0.34265734265734266,0.027972027972027972,0.6293706293706294
Microsoft,Microsoft Corporation_Earnings Call_2020-10-27T00_00_00_English.docx,prepared_management,241,108,20,113,0.45157809586891595,0.0810028162009694,0.4674190894927694,0,0.44813278008298757,0.08298755186721991,0.46887966804979253
Microsoft,Microsoft Corporation_Earnings Call_2021-01-26T00_00_00_English.docx,managerial_qa,110,40,2,68,0.3668557318334507,0.01897726959461085,0.6141669998163631,0,0.36363636363636365,0.01818181818181818,0.6181818181818182
Microsoft,Microsoft Corporation_Earnings Call_2021-01-26T00_00_00_English.docx,prepared_management,242,145,6,91,0.5964887193973002,0.024999323740621616,0.3785119595365116,0,0.5991735537190083,0.024793388429752067,0.3760330578512397
Microsoft,Microsoft Corporation_Earnings Call_2021-04-27T00_00_00_English.docx,managerial_qa,119,40,1,78,0.34031623992659055,0.012579840783224232,0.6471039131871484,0,0.33613445378151263,0.008403361344537815,0.6554621848739496
Microsoft,Microsoft Corporation_Earnings Call_2021-04-27T00_00_00_English.docx,prepared_management,250,154,12,84,0.6129518639668271,0.052301174756040354,0.3347469672064654,0,0.616,0.048,0.336
Microsoft,Microsoft Corporation_Earnings Call_2021-07-27T00_00_00_English.docx,managerial_qa,98,32,1,65,0.336156178992947,0.014308936990176983,0.6495348850888109,0,0.32653061224489793,0.01020408163265306,0.6632653061224489
Microsoft,Microsoft Corporation_Earnings Call_2021-07-27T00_00_00_English.docx,prepared_management,266,143,11,112,0.5415193901689908,0.04408451434676534,0.41439609503838515,0,0.5375939849624061,0.041353383458646614,0.42105263157894735
Microsoft,Microsoft Corporation_Earnings Call_2021-10-26T00_00_00_English.docx,managerial_qa,127,42,7,78,0.343342842952,0.05168183937382975,0.6049753241451724,0,0.33070866141732286,0.05511811023622047,0.6141732283464567
Microsoft,Microsoft Corporation_Earnings Call_2021-10-26T00_00_00_English.docx,prepared_management,263,127,18,118,0.4887244836319809,0.06719616427774805,0.44407935812857513,0,0.4828897338403042,0.06844106463878327,0.44866920152091255
Microsoft,Microsoft Corporation_Earnings Call_2022-01-25T00_00_00_English.docx,managerial_qa,130,48,6,76,0.3742988941858532,0.04755522379234995,0.5781458948747712,0,0.36923076923076925,0.046153846153846156,0.5846153846153846
Microsoft,Microsoft Corporation_Earnings Call_2022-01-25T00_00_00_English.docx,prepared_management,260,146,15,99,0.5623457796776534,0.056416493408440675,0.3812377307317932,0,0.5615384615384615,0.057692307692307696,0.38076923076923075
Microsoft,Microsoft Corporation_Earnings Call_2022-04-26T00_00_00_English.docx,managerial_qa,147,42,4,101,0.29539109436484445,0.03701095707009519,0.6675979445748395,0,0.2857142857142857,0.027210884353741496,0.6870748299319728
Microsoft,Microsoft Corporation_Earnings Call_2022-04-26T00_00_00_English.docx,prepared_management,270,128,33,109,0.47673116561722245,0.12648713574351703,0.3967816980905337,0,0.4740740740740741,0.12222222222222222,0.40370370370370373
Microsoft,Microsoft Corporation_Earnings Call_2022-07-26T00_00_00_English.docx,managerial_qa,110,26,10,74,0.24588455800052586,0.09130653089944214,0.662808916073015,0,0.23636363636363636,0.09090909090909091,0.6727272727272727
Microsoft,Microsoft Corporation_Earnings Call_2022-07-26T00_00_00_English.docx,prepared_management,288,120,45,123,0.42481665428181525,0.15960629502343363,0.4155770511167764,0,0.4166666666666667,0.15625,0.4270833333333333
Microsoft,Microsoft Corporation_Earnings Call_2022-10-25T00_00_00_English.docx,managerial_qa,142,51,6,85,0.3546116138960521,0.055493364329878926,0.5898950240840753,0,0.3591549295774648,0.04225352112676056,0.5985915492957746
Microsoft,Microsoft Corporation_Earnings Call_2022-10-25T00_00_00_English.docx,prepared_management,265,125,38,102,0.46901992158200295,0.14259892318412976,0.38838115602690665,0,0.4716981132075472,0.14339622641509434,0.3849056603773585
Microsoft,Microsoft Corporation_Earnings Call_2023-01-24T00_00_00_English.docx,managerial_qa,119,32,5,82,0.269754745929519,0.033254929630880906,0.6969903234129917,0,0.2689075630252101,0.04201680672268908,0.6890756302521008
Microsoft,Microsoft Corporation_Earnings Call_2023-01-24T00_00_00_English.docx,prepared_management,283,113,54,116,0.4001182129155311,0.18953295761646183,0.4103488269831189,0,0.3992932862190813,0.19081272084805653,0.4098939929328622
Microsoft,Microsoft Corporation_Earnings Call_2023-04-25T00_00_00_English.docx,managerial_qa,107,40,0,67,0.3817958813034379,0.004722207142101566,0.6134819092719674,0,0.37383177570093457,0.0,0.6261682242990654
Microsoft,Microsoft Corporation_Earnings Call_2023-04-25T00_00_00_English.docx,prepared_management,260,135,23,102,0.5200132123597777,0.08816788353043274,0.3918189024847464,0,0.5192307692307693,0.08846153846153847,0.3923076923076923
Microsoft,Microsoft Corporation_Earnings Call_2023-07-25T00_00_00_English.docx,managerial_qa,164,39,3,122,0.2508248704887395,0.01867069584427178,0.7305044354548098,0,0.23780487804878048,0.018292682926829267,0.7439024390243902
Microsoft,Microsoft Corporation_Earnings Call_2023-07-25T00_00_00_English.docx,prepared_management,263,129,22,112,0.49315796812485657,0.08527931805325498,0.42156271435690895,0,0.49049429657794674,0.08365019011406843,0.42585551330798477
Microsoft,Microsoft Corporation_Earnings Call_2023-10-24T00_00_00_English.docx,managerial_qa,128,46,1,81,0.3683517090345386,0.007974805830582521,0.6236734841046307,0,0.359375,0.0078125,0.6328125
Microsoft,Microsoft Corporation_Earnings Call_2023-10-24T00_00_00_English.docx,prepared_management,270,129,14,127,0.48140301956522125,0.05164400844820939,0.4669529750598341,0,0.4777777777777778,0.05185185185185185,0.4703703703703704
Microsoft,Microsoft Corporation_Earnings Call_2024-01-30T00_00_00_English.docx,managerial_qa,172,35,4,133,0.20413925648357137,0.02002089996224734,0.7758398417815708,0,0.20348837209302326,0.023255813953488372,0.7732558139534884
Microsoft,Microsoft Corporation_Earnings Call_2024-01-30T00_00_00_English.docx,prepared_management,263,139,15,109,0.5248622907765312,0.05642322966949096,0.41871448108093556,0,0.5285171102661597,0.057034220532319393,0.4144486692015209
Microsoft,Microsoft Corporation_Earnings Call_2024-04-25T00_00_00_English.docx,managerial_qa,165,39,2,124,0.25311183958365546,0.01820340183796348,0.7286847613955607,0,0.23636363636363636,0.012121212121212121,0.7515151515151515
Microsoft,Microsoft Corporation_Earnings Call_2024-04-25T00_00_00_English.docx,prepared_management,253,139,27,87,0.5412627441521182,0.10663035188643484,0.35210690592485555,0,0.549407114624506,0.1067193675889328,0.3438735177865613
Microsoft,Microsoft Corporation_Earnings Call_2024-07-30T00_00_00_English.docx,managerial_qa,141,33,4,104,0.24040473674499974,0.031322693791783665,0.7282725678167463,0,0.23404255319148937,0.028368794326241134,0.7375886524822695
Microsoft,Microsoft Corporation_Earnings Call_2024-07-30T00_00_00_English.docx,prepared_management,255,128,26,101,0.5046997332489477,0.10165138593191425,0.3936488778049362,0,0.5019607843137255,0.10196078431372549,0.396078431372549
PayPal,"PayPal Holdings, Inc._Earnings Call_2021-05-05T00_00_00_English.docx",managerial_qa,207,72,15,120,0.34406626798419215,0.07052842772558086,0.5854053059185933,0,0.34782608695652173,0.07246376811594203,0.5797101449275363
PayPal,"PayPal Holdings, Inc._Earnings Call_2021-05-05T00_00_00_English.docx",prepared_management,197,111,18,68,0.5712775439084039,0.09302142029067244,0.33570103713242505,0,0.5634517766497462,0.09137055837563451,0.34517766497461927
PayPal,"PayPal Holdings, Inc._Earnings Call_2021-07-28T00_00_00_English.docx",managerial_qa,217,84,10,123,0.3943431666351758,0.054320862644760486,0.5513359714081716,0,0.3870967741935484,0.04608294930875576,0.5668202764976958
PayPal,"PayPal Holdings, Inc._Earnings Call_2021-07-28T00_00_00_English.docx",prepared_management,187,92,27,68,0.5007244764341913,0.14375507172662919,0.3555204495181489,0,0.4919786096256685,0.1443850267379679,0.36363636363636365
PayPal,"PayPal Holdings, Inc._Earnings Call_2021-11-08T00_00_00_English.docx",managerial_qa,207,70,12,125,0.34067446222258313,0.060558907733385695,0.5987666251976568,0,0.33816425120772947,0.057971014492753624,0.6038647342995169
PayPal,"PayPal Holdings, Inc._Earnings Call_2021-11-08T00_00_00_English.docx",prepared_management,199,94,32,73,0.4816647696271349,0.1621147067790211,0.356220525941146,0,0.4723618090452261,0.16080402010050251,0.36683417085427134
PayPal,"PayPal Holdings, Inc._Earnings Call_2022-02-01T00_00_00_English.docx",managerial_qa,189,66,14,109,0.34389320532656703,0.07728867190653371,0.5788181197548063,0,0.3492063492063492,0.07407407407407407,0.5767195767195767
PayPal,"PayPal Holdings, Inc._Earnings Call_2022-02-01T00_00_00_English.docx",prepared_management,215,97,33,85,0.45574959747984817,0.15414586502304625,0.3901045399948866,0,0.4511627906976744,0.15348837209302327,0.3953488372093023
PayPal,"PayPal Holdings, Inc._Earnings Call_2022-04-27T00_00_00_English.docx",managerial_qa,198,53,18,127,0.26675691645269156,0.09691852092985577,0.6363245671581423,0,0.2676767676767677,0.09090909090909091,0.6414141414141414
PayPal,"PayPal Holdings, Inc._Earnings Call_2022-04-27T00_00_00_English.docx",prepared_management,122,55,12,55,0.4460594002746956,0.0953506412349466,0.45858995560851307,0,0.45081967213114754,0.09836065573770492,0.45081967213114754
PayPal,"PayPal Holdings, Inc._Earnings Call_2022-08-02T00_00_00_English.docx",managerial_qa,243,80,13,150,0.32746748945147813,0.055406590356550184,0.6171259213839669,0,0.3292181069958848,0.053497942386831275,0.6172839506172839
PayPal,"PayPal Holdings, Inc._Earnings Call_2022-08-02T00_00_00_English.docx",prepared_management,233,126,17,90,0.5505786805311345,0.07591932846227124,0.37350198892977765,0,0.5407725321888412,0.07296137339055794,0.38626609442060084
PayPal,"PayPal Holdings, Inc._Earnings Call_2022-11-03T00_00_00_English.docx",managerial_qa,187,79,17,91,0.41758564409055204,0.0915577084539417,0.49085664446542077,0,0.42245989304812837,0.09090909090909091,0.48663101604278075
PayPal,"PayPal Holdings, Inc._Earnings Call_2022-11-03T00_00_00_English.docx",prepared_management,219,132,19,68,0.5979761957743037,0.08448841444159846,0.31753539440453477,0,0.6027397260273972,0.0867579908675799,0.3105022831050228
PayPal,"PayPal Holdings, Inc._Earnings Call_2023-02-09T00_00_00_English.docx",managerial_qa,233,73,11,149,0.3218131016600417,0.05307196755205992,0.6251149293416468,0,0.3133047210300429,0.04721030042918455,0.6394849785407726
PayPal,"PayPal Holdings, Inc._Earnings Call_2023-02-09T00_00_00_English.docx",prepared_management,201,111,14,76,0.5605349670682414,0.07162724048555068,0.36783779658319826,0,0.5522388059701493,0.06965174129353234,0.3781094527363184
PayPal,"PayPal Holdings, Inc._Earnings Call_2023-05-08T00_00_00_English.docx",managerial_qa,278,121,19,138,0.4336682997583067,0.06633359673609676,0.49999810897574354,0,0.4352517985611511,0.0683453237410072,0.49640287769784175
PayPal,"PayPal Holdings, Inc._Earnings Call_2023-05-08T00_00_00_English.docx",prepared_management,160,104,5,51,0.6590108912941897,0.03129827498012409,0.3096908389634429,0,0.65,0.03125,0.31875
PayPal,"PayPal Holdings, Inc._Earnings Call_2023-08-02T00_00_00_English.docx",managerial_qa,191,95,8,88,0.4913914742005698,0.04212405293707677,0.4664844700145498,0,0.4973821989528796,0.041884816753926704,0.4607329842931937
PayPal,"PayPal Holdings, Inc._Earnings Call_2023-08-02T00_00_00_English.docx",prepared_management,155,103,16,36,0.6678257159499965,0.10242910092008543,0.2297451843901455,0,0.6645161290322581,0.1032258064516129,0.23225806451612904
PayPal,"PayPal Holdings, Inc._Earnings Call_2023-11-01T00_00_00_English.docx",managerial_qa,106,46,7,53,0.45452081993163473,0.0656573526857848,0.4798218353583265,0,0.4339622641509434,0.0660377358490566,0.5
PayPal,"PayPal Holdings, Inc._Earnings Call_2023-11-01T00_00_00_English.docx",prepared_management,269,120,31,118,0.4482290465623439,0.11693143372792689,0.43483952150335736,0,0.44609665427509293,0.11524163568773234,0.43866171003717475
PayPal,"PayPal Holdings, Inc._Earnings Call_2024-02-07T00_00_00_English.docx",managerial_qa,144,45,11,88,0.32654048233562305,0.07779872835478269,0.5956607947776394,0,0.3125,0.0763888888888889,0.6111111111111112
PayPal,"PayPal Holdings, Inc._Earnings Call_2024-02-07T00_00_00_English.docx",prepared_management,223,123,16,84,0.5527313278168134,0.07184025834865125,0.3754284136803883,0,0.5515695067264574,0.07174887892376682,0.37668161434977576
PayPal,"PayPal Holdings, Inc._Earnings Call_2024-04-30T00_00_00_English.docx",managerial_qa,231,86,14,131,0.37702022529710255,0.05816006756259249,0.564819709280506,0,0.3722943722943723,0.06060606060606061,0.5670995670995671
PayPal,"PayPal Holdings, Inc._Earnings Call_2024-04-30T00_00_00_English.docx",prepared_management,195,104,12,79,0.5310301656949776,0.06705578687401162,0.4019140524537854,0,0.5333333333333333,0.06153846153846154,0.40512820512820513
PayPal,"PayPal Holdings, Inc._Earnings Call_2024-07-30T00_00_00_English.docx",managerial_qa,215,79,6,130,0.37079095466492723,0.035563036213836254,0.5936460128730205,0,0.3674418604651163,0.027906976744186046,0.6046511627906976
PayPal,"PayPal Holdings, Inc._Earnings Call_2024-07-30T00_00_00_English.docx",prepared_management,190,129,5,56,0.6788495369247121,0.02792274172370409,0.29322772563430594,0,0.6789473684210526,0.02631578947368421,0.29473684210526313
PayPal,"PayPal Holdings, Inc._Earnings Call_2024-10-29T00_00_00_English.docx",managerial_qa,265,116,3,146,0.4317561103982573,0.0174609674223171,0.5507829250427316,0,0.4377358490566038,0.011320754716981131,0.5509433962264151
PayPal,"PayPal Holdings, Inc._Earnings Call_2024-10-29T00_00_00_English.docx",prepared_management,182,116,7,59,0.6342511676269433,0.0390704234436546,0.32667841305001466,0,0.6373626373626373,0.038461538461538464,0.3241758241758242
PayPal,"PayPal Holdings, Inc._Earnings Call_2025-02-04T00_00_00_English.docx",managerial_qa,211,77,11,123,0.37290897840123,0.052039315137146734,0.5750517151694173,0,0.36492890995260663,0.052132701421800945,0.5829383886255924
PayPal,"PayPal Holdings, Inc._Earnings Call_2025-02-04T00_00_00_English.docx",prepared_management,213,135,8,70,0.6352479115943421,0.04037491218037211,0.3243771766748305,0,0.6338028169014085,0.03755868544600939,0.3286384976525822
SAP,SAP SE_Earnings Call_2021-04-22T00_00_00_English.docx,managerial_qa,262,72,6,184,0.28348663919632383,0.027804507943461593,0.688708855290118,0,0.2748091603053435,0.022900763358778626,0.7022900763358778
SAP,SAP SE_Earnings Call_2021-04-22T00_00_00_English.docx,prepared_management,190,100,15,75,0.5340803928567309,0.07682346565454284,0.38909614494730127,0,0.5263157894736842,0.07894736842105263,0.39473684210526316
SAP,SAP SE_Earnings Call_2021-07-21T00_00_00_English.docx,managerial_qa,274,103,11,160,0.38002044906985794,0.03950171094036032,0.5804778476237822,0,0.3759124087591241,0.040145985401459854,0.583941605839416
SAP,SAP SE_Earnings Call_2021-07-21T00_00_00_English.docx,prepared_management,164,86,9,69,0.5307203745405845,0.05540983049596462,0.41386979901570986,0,0.524390243902439,0.054878048780487805,0.42073170731707316
SAP,SAP SE_Earnings Call_2021-10-21T00_00_00_English.docx,managerial_qa,302,89,14,199,0.2956459438981247,0.04825687465238976,0.6560971845215064,0,0.2947019867549669,0.046357615894039736,0.6589403973509934
SAP,SAP SE_Earnings Call_2021-10-21T00_00_00_English.docx,prepared_management,178,101,16,61,0.569636565069546,0.09292716706699371,0.33743626710085783,0,0.5674157303370787,0.0898876404494382,0.34269662921348315
SAP,SAP SE_Earnings Call_2022-01-27T00_00_00_English.docx,managerial_qa,303,99,16,188,0.33007628899301467,0.05550001724683601,0.6144236987615469,0,0.32673267326732675,0.052805280528052806,0.6204620462046204
SAP,SAP SE_Earnings Call_2022-01-27T00_00_00_English.docx,prepared_management,173,104,5,64,0.6054648297105083,0.03032419175662826,0.36421097884287224,0,0.6011560693641619,0.028901734104046242,0.3699421965317919
SAP,SAP SE_Earnings Call_2022-04-22T00_00_00_English.docx,managerial_qa,297,98,24,175,0.32520878769498474,0.08587850227151733,0.5889127103956776,0,0.32996632996632996,0.08080808080808081,0.5892255892255892
SAP,SAP SE_Earnings Call_2022-04-22T00_00_00_English.docx,prepared_management,176,85,11,80,0.4809098589848926,0.06452568219147221,0.45456446256638566,0,0.48295454545454547,0.0625,0.45454545454545453
SAP,SAP SE_Earnings Call_2022-07-21T00_00_00_English.docx,managerial_qa,309,105,18,186,0.3397720901085449,0.06141022294713377,0.5988176888873477,0,0.33980582524271846,0.05825242718446602,0.6019417475728155
SAP,SAP SE_Earnings Call_2022-07-21T00_00_00_English.docx,prepared_management,160,87,12,61,0.5443484291266545,0.07434138372778239,0.381310187113047,0,0.54375,0.075,0.38125
SAP,SAP SE_Earnings Call_2022-10-25T00_00_00_English.docx,managerial_qa,265,84,18,163,0.3149131907657098,0.06953631876586763,0.6155504944840732,0,0.3169811320754717,0.06792452830188679,0.6150943396226415
SAP,SAP SE_Earnings Call_2022-10-25T00_00_00_English.docx,prepared_management,131,68,9,54,0.5204485221114638,0.06600971594281163,0.41354176460646064,0,0.5190839694656488,0.06870229007633588,0.4122137404580153
SAP,SAP SE_Earnings Call_2023-01-26T00_00_00_English.docx,managerial_qa,236,77,16,143,0.3316790188067406,0.07522509697784897,0.593095887238355,0,0.326271186440678,0.06779661016949153,0.6059322033898306
SAP,SAP SE_Earnings Call_2023-01-26T00_00_00_English.docx,prepared_management,162,88,8,66,0.5306832984818042,0.04952063906026617,0.41979606435621186,0,0.5432098765432098,0.04938271604938271,0.4074074074074074
SAP,SAP SE_Earnings Call_2023-04-21T00_00_00_English.docx,managerial_qa,229,75,5,149,0.3306633798295875,0.0284454103395366,0.6408912145340726,0,0.32751091703056767,0.021834061135371178,0.6506550218340611
SAP,SAP SE_Earnings Call_2023-04-21T00_00_00_English.docx,prepared_management,142,66,3,73,0.47669194780484264,0.021510714540124713,0.5017973396014814,0,0.4647887323943662,0.02112676056338028,0.5140845070422535
SAP,SAP SE_Earnings Call_2023-07-20T00_00_00_English.docx,managerial_qa,151,50,14,87,0.33317044963740144,0.0980300598651026,0.5687994885896134,0,0.33112582781456956,0.09271523178807947,0.5761589403973509
SAP,SAP SE_Earnings Call_2023-07-20T00_00_00_English.docx,prepared_management,146,70,3,73,0.4796098936646901,0.020746320607280867,0.499643786979558,0,0.4794520547945205,0.02054794520547945,0.5
SAP,SAP SE_Earnings Call_2023-10-18T00_00_00_English.docx,managerial_qa,262,68,19,175,0.25926063658335724,0.07637840918413526,0.6643609565069412,0,0.2595419847328244,0.07251908396946564,0.6679389312977099
SAP,SAP SE_Earnings Call_2023-10-18T00_00_00_English.docx,prepared_management,137,77,3,57,0.5546025713399645,0.021026849776455914,0.42437057688992447,0,0.5620437956204379,0.021897810218978103,0.41605839416058393
SAP,SAP SE_Earnings Call_2024-01-24T00_00_00_English.docx,managerial_qa,216,71,13,132,0.3409561729200111,0.06402816833584941,0.5950156638089766,0,0.3287037037037037,0.06018518518518518,0.6111111111111112
SAP,SAP SE_Earnings Call_2024-01-24T00_00_00_English.docx,prepared_management,187,100,2,85,0.5412831050560087,0.012847002329450567,0.44586989630302365,0,0.5347593582887701,0.0106951871657754,0.45454545454545453
SAP,SAP SE_Earnings Call_2024-04-22T00_00_00_English.docx,managerial_qa,277,77,9,191,0.28425447479832333,0.031678768059276816,0.6840667536281065,0,0.2779783393501805,0.032490974729241874,0.6895306859205776
SAP,SAP SE_Earnings Call_2024-04-22T00_00_00_English.docx,prepared_management,146,73,5,68,0.5125270153853667,0.033053723502965635,0.4544192641703546,0,0.5,0.03424657534246575,0.4657534246575342
SAP,SAP SE_Earnings Call_2024-07-22T00_00_00_English.docx,managerial_qa,275,69,11,195,0.2562832834838084,0.050524647442107315,0.6931920770124593,0,0.2509090909090909,0.04,0.7090909090909091
SAP,SAP SE_Earnings Call_2024-07-22T00_00_00_English.docx,prepared_management,157,80,3,74,0.5177463397449994,0.018906356710981502,0.4633472993639022,0,0.5095541401273885,0.01910828025477707,0.4713375796178344
SAP,SAP SE_Earnings Call_2024-10-21T00_00_00_English.docx,managerial_qa,305,98,26,181,0.3221581628851919,0.0903626820163384,0.5874791566199296,0,0.32131147540983607,0.08524590163934426,0.5934426229508196
SAP,SAP SE_Earnings Call_2024-10-21T00_00_00_English.docx,prepared_management,149,79,1,69,0.5283683871582177,0.008885048504806526,0.4627465652374307,0,0.5302013422818792,0.006711409395973154,0.46308724832214765
SAP,SAP SE_Earnings Call_2025-01-28T00_00_00_English.docx,managerial_qa,210,66,12,132,0.3095218739580431,0.060839668676699904,0.6296384563683195,0,0.3142857142857143,0.05714285714285714,0.6285714285714286
SAP,SAP SE_Earnings Call_2025-01-28T00_00_00_English.docx,prepared_management,210,101,7,102,0.4885689938733265,0.03604614405012944,0.47538486292125887,0,0.48095238095238096,0.03333333333333333,0.4857142857142857
Salesforce,"Salesforce, Inc._Earnings Call_2020-05-28T00_00_00_English.docx",managerial_qa,199,79,6,114,0.39214824869826337,0.03651667477501266,0.5713350831236147,0,0.3969849246231156,0.03015075376884422,0.5728643216080402
Salesforce,"Salesforce, Inc._Earnings Call_2020-05-28T00_00_00_English.docx",prepared_management,289,105,21,163,0.36848202529630336,0.08003106543425757,0.5514869061877495,0,0.3633217993079585,0.0726643598615917,0.5640138408304498
Salesforce,"Salesforce, Inc._Earnings Call_2020-08-25T00_00_00_English.docx",managerial_qa,402,124,16,262,0.31237220359775886,0.04548363977921204,0.6421441565642945,0,0.30845771144278605,0.03980099502487562,0.6517412935323383
Salesforce,"Salesforce, Inc._Earnings Call_2020-08-25T00_00_00_English.docx",prepared_management,110,54,7,49,0.5008544841979954,0.05494039625190682,0.4442051238783273,0,0.4909090909090909,0.06363636363636363,0.44545454545454544
Salesforce,"Salesforce, Inc._Earnings Call_2020-12-01T00_00_00_English.docx",managerial_qa,233,89,11,133,0.38126623779736196,0.046900985522017,0.5718327857160185,0,0.38197424892703863,0.04721030042918455,0.5708154506437768
Salesforce,"Salesforce, Inc._Earnings Call_2020-12-01T00_00_00_English.docx",prepared_management,299,125,7,167,0.41674751646673847,0.028416796039796705,0.5548356882486253,0,0.4180602006688963,0.023411371237458192,0.5585284280936454
Salesforce,"Salesforce, Inc._Earnings Call_2021-02-25T00_00_00_English.docx",managerial_qa,178,65,3,110,0.36786099283464446,0.023110122703720242,0.6090288896480338,0,0.3651685393258427,0.016853932584269662,0.6179775280898876
Salesforce,"Salesforce, Inc._Earnings Call_2021-02-25T00_00_00_English.docx",prepared_management,193,93,9,91,0.4784029035045042,0.045497916264173016,0.476099179710373,0,0.48186528497409326,0.046632124352331605,0.47150259067357514
Salesforce,"Salesforce, Inc._Earnings Call_2021-05-27T00_00_00_English.docx",managerial_qa,226,80,6,140,0.3529497554440918,0.034877766769091226,0.6121724824928305,0,0.35398230088495575,0.02654867256637168,0.6194690265486725
Salesforce,"Salesforce, Inc._Earnings Call_2021-05-27T00_00_00_English.docx",prepared_management,301,139,11,151,0.46045738325628904,0.036076176707704674,0.5034664401626738,0,0.46179401993355484,0.036544850498338874,0.5016611295681063
Salesforce,"Salesforce, Inc._Earnings Call_2021-08-25T00_00_00_English.docx",managerial_qa,232,75,9,148,0.326648484474448,0.03841034214170254,0.634941171444202,0,0.3232758620689655,0.03879310344827586,0.6379310344827587
Salesforce,"Salesforce, Inc._Earnings Call_2021-08-25T00_00_00_English.docx",prepared_management,299,150,12,137,0.5011537781582639,0.040271221787340716,0.45857500084970215,0,0.5016722408026756,0.04013377926421405,0.45819397993311034
Salesforce,"Salesforce, Inc._Earnings Call_2021-11-30T00_00_00_English.docx",managerial_qa,220,80,5,135,0.368958402695076,0.02835257723706264,0.6026890201411705,0,0.36363636363636365,0.022727272727272728,0.6136363636363636
Salesforce,"Salesforce, Inc._Earnings Call_2021-11-30T00_00_00_English.docx",prepared_management,339,156,18,165,0.4621202501028044,0.054807280592669726,0.483072471188275,0,0.46017699115044247,0.05309734513274336,0.48672566371681414
Salesforce,"Salesforce, Inc._Earnings Call_2022-03-01T00_00_00_English.docx",managerial_qa,192,54,7,131,0.27636741459996045,0.03850612710328415,0.6851264569363065,0,0.28125,0.036458333333333336,0.6822916666666666
Salesforce,"Salesforce, Inc._Earnings Call_2022-03-01T00_00_00_English.docx",prepared_management,329,148,15,166,0.45130130339077634,0.045841593967153114,0.502857104356942,0,0.44984802431610943,0.04559270516717325,0.5045592705167173
Salesforce,"Salesforce, Inc._Earnings Call_2022-05-31T00_00_00_English.docx",managerial_qa,218,73,7,138,0.347335300915104,0.03568142675046715,0.6169832706708633,0,0.3348623853211009,0.03211009174311927,0.6330275229357798
Salesforce,"Salesforce, Inc._Earnings Call_2022-05-31T00_00_00_English.docx",prepared_management,218,119,15,84,0.5458838037267705,0.07108020728398387,0.38303598972680464,0,0.5458715596330275,0.06880733944954129,0.3853211009174312
Salesforce,"Salesforce, Inc._Earnings Call_2022-08-24T00_00_00_English.docx",managerial_qa,260,82,10,168,0.32091578292676387,0.04152550126549839,0.6375587173949827,0,0.3153846153846154,0.038461538461538464,0.6461538461538462
Salesforce,"Salesforce, Inc._Earnings Call_2022-08-24T00_00_00_English.docx",prepared_management,190,87,19,84,0.4586255070368615,0.09997347547952812,0.44140101953768807,0,0.45789473684210524,0.1,0.4421052631578947
Salesforce,"Salesforce, Inc._Earnings Call_2022-11-30T00_00_00_English.docx",managerial_qa,210,68,11,131,0.32206642543820396,0.056324201815518976,0.6216093776168463,0,0.3238095238095238,0.05238095238095238,0.6238095238095238
Salesforce,"Salesforce, Inc._Earnings Call_2022-11-30T00_00_00_English.docx",prepared_management,268,125,31,112,0.46636954372254286,0.11755054729604433,0.4160799109025474,0,0.4664179104477612,0.11567164179104478,0.417910447761194
Salesforce,"Salesforce, Inc._Earnings Call_2023-03-01T00_00_00_English.docx",managerial_qa,246,94,15,137,0.3922962273420742,0.06423431831831314,0.5434694562654725,0,0.3821138211382114,0.06097560975609756,0.556910569105691
Salesforce,"Salesforce, Inc._Earnings Call_2023-03-01T00_00_00_English.docx",prepared_management,223,126,13,84,0.5664156060268208,0.056144538931639905,0.37743985601053415,0,0.5650224215246636,0.05829596412556054,0.37668161434977576
Salesforce,"Salesforce, Inc._Earnings Call_2023-05-31T00_00_00_English.docx",managerial_qa,288,82,17,189,0.28459147778942673,0.0632248061913166,0.6521837220358996,0,0.2847222222222222,0.059027777777777776,0.65625
Salesforce,"Salesforce, Inc._Earnings Call_2023-05-31T00_00_00_English.docx",prepared_management,201,106,10,85,0.5407683881277934,0.05163439668592353,0.4075972185641069,0,0.527363184079602,0.04975124378109453,0.4228855721393035
Salesforce,"Salesforce, Inc._Earnings Call_2023-08-30T00_00_00_English.docx",managerial_qa,176,73,4,99,0.407838342834598,0.02365489200261853,0.5685067662357598,0,0.4147727272727273,0.022727272727272728,0.5625
Salesforce,"Salesforce, Inc._Earnings Call_2023-08-30T00_00_00_English.docx",prepared_management,331,163,12,156,0.49621722571078264,0.0392808142924924,0.4645019609266857,0,0.49244712990936557,0.03625377643504532,0.47129909365558914
Salesforce,"Salesforce, Inc._Earnings Call_2023-11-29T00_00_00_English.docx",managerial_qa,248,81,14,153,0.3280471226141573,0.05775808357833598,0.6141947943324524,0,0.32661290322580644,0.056451612903225805,0.6169354838709677
Salesforce,"Salesforce, Inc._Earnings Call_2023-11-29T00_00_00_English.docx",prepared_management,304,156,13,135,0.5123742313319345,0.04592891447625429,0.441696854666829,0,0.5131578947368421,0.04276315789473684,0.4440789473684211
Salesforce,"Salesforce, Inc._Earnings Call_2024-02-28T00_00_00_English.docx",managerial_qa,250,76,10,164,0.31173716247331273,0.045622175602909605,0.6426406615250385,0,0.304,0.04,0.656
Salesforce,"Salesforce, Inc._Earnings Call_2024-02-28T00_00_00_English.docx",prepared_management,440,187,12,241,0.4278185467362538,0.027167059771704888,0.5450143923050926,0,0.425,0.02727272727272727,0.5477272727272727
Shopify,Shopify Inc._Earnings Call_2021-04-28T00_00_00_English.docx,managerial_qa,182,57,7,118,0.3095298380531659,0.04439069670651701,0.6460794683948287,0,0.3131868131868132,0.038461538461538464,0.6483516483516484
Shopify,Shopify Inc._Earnings Call_2021-04-28T00_00_00_English.docx,prepared_management,177,96,4,77,0.5475721044361608,0.023467253231074927,0.42896064427477965,0,0.5423728813559322,0.022598870056497175,0.4350282485875706
Shopify,Shopify Inc._Earnings Call_2021-07-28T00_00_00_English.docx,managerial_qa,215,75,6,134,0.3538487814397557,0.027512186908687022,0.6186390322228971,0,0.3488372093023256,0.027906976744186046,0.6232558139534884
Shopify,Shopify Inc._Earnings Call_2021-07-28T00_00_00_English.docx,prepared_management,139,75,1,63,0.5395337368205171,0.009161553779712055,0.451304710170393,0,0.539568345323741,0.007194244604316547,0.45323741007194246
Shopify,Shopify Inc._Earnings Call_2021-10-28T00_00_00_English.docx,managerial_qa,191,78,6,107,0.39791535220649626,0.03461402762260764,0.5674706235353919,0,0.4083769633507853,0.031413612565445025,0.5602094240837696
Shopify,Shopify Inc._Earnings Call_2021-10-28T00_00_00_English.docx,prepared_management,166,91,8,67,0.5555711275136809,0.04712973665222792,0.3972991342181406,0,0.5481927710843374,0.04819277108433735,0.4036144578313253
Shopify,Shopify Inc._Earnings Call_2022-02-16T00_00_00_English.docx,managerial_qa,97,44,2,51,0.4353824806873106,0.02648149084613629,0.53813602530358,0,0.4536082474226804,0.020618556701030927,0.5257731958762887
Shopify,Shopify Inc._Earnings Call_2022-02-16T00_00_00_English.docx,prepared_management,217,124,9,84,0.5738621701758894,0.04257376909513008,0.3835640563936259,0,0.5714285714285714,0.041474654377880185,0.3870967741935484
Shopify,Shopify Inc._Earnings Call_2022-05-05T00_00_00_English.docx,managerial_qa,228,73,13,142,0.3223049603010349,0.059288824261464146,0.6184062154656845,0,0.3201754385964912,0.05701754385964912,0.6228070175438597
Shopify,Shopify Inc._Earnings Call_2022-05-05T00_00_00_English.docx,prepared_management,153,85,10,58,0.5472881069118816,0.06196851164513874,0.3907433790408673,0,0.5555555555555556,0.06535947712418301,0.3790849673202614
Shopify,Shopify Inc._Earnings Call_2022-07-27T00_00_00_English.docx,managerial_qa,165,46,1,118,0.2832408850726653,0.013122813539442441,0.7036362999038777,0,0.2787878787878788,0.006060606060606061,0.7151515151515152
Shopify,Shopify Inc._Earnings Call_2022-07-27T00_00_00_English.docx,prepared_management,206,97,26,83,0.4769471192688832,0.123295228256612,0.39975764626130067,0,0.470873786407767,0.1262135922330097,0.4029126213592233
Shopify,Shopify Inc._Earnings Call_2022-10-27T00_00_00_English.docx,managerial_qa,184,61,4,119,0.3359830161069242,0.026452094166707196,0.6375648927008154,0,0.33152173913043476,0.021739130434782608,0.6467391304347826
Shopify,Shopify Inc._Earnings Call_2022-10-27T00_00_00_English.docx,prepared_management,239,95,14,130,0.40987314211717973,0.061351194465840676,0.5287756612715423,0,0.39748953974895396,0.058577405857740586,0.5439330543933054
Shopify,Shopify Inc._Earnings Call_2023-02-15T00_00_00_English.docx,managerial_qa,172,58,7,107,0.3480880627826386,0.04113086201242772,0.6107810784149509,0,0.3372093023255814,0.040697674418604654,0.622093023255814
Shopify,Shopify Inc._Earnings Call_2023-02-15T00_00_00_English.docx,prepared_management,224,128,10,86,0.5670280825731434,0.03970340430525212,0.3932685136049497,0,0.5714285714285714,0.044642857142857144,0.38392857142857145
Shopify,Shopify Inc._Earnings Call_2023-05-04T00_00_00_English.docx,managerial_qa,211,65,7,139,0.3062533831131118,0.04035457987530714,0.6533920433777709,0,0.3080568720379147,0.03317535545023697,0.6587677725118484
Shopify,Shopify Inc._Earnings Call_2023-05-04T00_00_00_English.docx,prepared_management,197,99,8,90,0.5010358161012985,0.047971969489196783,0.45099221416092916,0,0.5025380710659898,0.04060913705583756,0.45685279187817257
Shopify,Shopify Inc._Earnings Call_2023-08-02T00_00_00_English.docx,managerial_qa,160,60,0,100,0.3759593074356107,0.001449509485327643,0.6225911911221514,0,0.375,0.0,0.625
Shopify,Shopify Inc._Earnings Call_2023-08-02T00_00_00_English.docx,prepared_management,226,139,10,77,0.6129812115371276,0.04173163358402874,0.3452871621541066,0,0.6150442477876106,0.04424778761061947,0.3407079646017699
Shopify,Shopify Inc._Earnings Call_2023-11-02T00_00_00_English.docx,managerial_qa,237,67,5,165,0.29054151520432914,0.020153425053391703,0.6893050619146963,0,0.28270042194092826,0.02109704641350211,0.6962025316455697
Shopify,Shopify Inc._Earnings Call_2023-11-02T00_00_00_English.docx,prepared_management,219,128,10,81,0.5881416552700733,0.0474591711362637,0.364399174280457,0,0.5844748858447488,0.045662100456621,0.3698630136986301
Shopify,Shopify Inc._Earnings Call_2024-02-13T00_00_00_English.docx,managerial_qa,203,77,1,125,0.38590442770596906,0.010448342167993556,0.6036472326456507,0,0.3793103448275862,0.0049261083743842365,0.6157635467980296
Shopify,Shopify Inc._Earnings Call_2024-02-13T00_00_00_English.docx,prepared_management,264,157,7,100,0.5959862467306514,0.0297863527627593,0.3742274021930636,0,0.5946969696969697,0.026515151515151516,0.3787878787878788
Shopify,Shopify Inc._Earnings Call_2024-05-08T00_00_00_English.docx,managerial_qa,224,78,4,142,0.3481353475604672,0.017992642727831167,0.6338720158210073,0,0.3482142857142857,0.017857142857142856,0.6339285714285714
Shopify,Shopify Inc._Earnings Call_2024-05-08T00_00_00_English.docx,prepared_management,258,132,12,114,0.5121847747603621,0.04710070940320935,0.4407145155629745,0,0.5116279069767442,0.046511627906976744,0.4418604651162791
Shopify,Shopify Inc._Earnings Call_2024-08-07T00_00_00_English.docx,managerial_qa,205,60,9,136,0.2956148811326268,0.037406941086467305,0.6669781829755012,0,0.2926829268292683,0.04390243902439024,0.6634146341463415
Shopify,Shopify Inc._Earnings Call_2024-08-07T00_00_00_English.docx,prepared_management,234,132,13,89,0.5680983104859121,0.05435852058962438,0.37754317102349644,0,0.5641025641025641,0.05555555555555555,0.3803418803418803
Shopify,Shopify Inc._Earnings Call_2024-11-12T00_00_00_English.docx,managerial_qa,241,64,5,172,0.27355679989411535,0.020594509047224447,0.7058486962538194,0,0.26556016597510373,0.02074688796680498,0.7136929460580913
Shopify,Shopify Inc._Earnings Call_2024-11-12T00_00_00_English.docx,prepared_management,233,125,13,95,0.5393388592518541,0.055589543816420534,0.40507159736089454,0,0.5364806866952789,0.055793991416309016,0.40772532188841204
Shopify,Shopify Inc._Earnings Call_2025-02-11T00_00_00_English.docx,managerial_qa,199,68,3,128,0.3410214832451573,0.02053643114020177,0.6384420873438377,0,0.3417085427135678,0.01507537688442211,0.6432160804020101
Shopify,Shopify Inc._Earnings Call_2025-02-11T00_00_00_English.docx,prepared_management,275,165,7,103,0.5972257576382264,0.027610977547526866,0.3751632689373614,0,0.6,0.025454545454545455,0.37454545454545457
Snap,Snap Inc._Earnings Call_2021-04-22T00_00_00_English.docx,managerial_qa,191,103,7,81,0.5421287823974991,0.03754693437902273,0.42032428682851614,0,0.5392670157068062,0.03664921465968586,0.42408376963350786
Snap,Snap Inc._Earnings Call_2021-04-22T00_00_00_English.docx,prepared_management,183,135,7,41,0.7452956949612685,0.03700234482299686,0.21770196594943758,0,0.7377049180327869,0.03825136612021858,0.22404371584699453
Snap,Snap Inc._Earnings Call_2021-07-22T00_00_00_English.docx,managerial_qa,173,64,3,106,0.38278095040027826,0.0159861545878948,0.601232896513198,0,0.3699421965317919,0.017341040462427744,0.6127167630057804
Snap,Snap Inc._Earnings Call_2021-07-22T00_00_00_English.docx,prepared_management,197,116,13,68,0.5893026643998343,0.0675797626782224,0.3431175727114806,0,0.5888324873096447,0.06598984771573604,0.34517766497461927
Snap,Snap Inc._Earnings Call_2021-10-21T00_00_00_English.docx,managerial_qa,175,55,22,98,0.31624716436525213,0.13387396278967292,0.5498788758809945,0,0.3142857142857143,0.12571428571428572,0.56
Snap,Snap Inc._Earnings Call_2021-10-21T00_00_00_English.docx,prepared_management,198,109,26,63,0.5414561346430612,0.12754971090804937,0.33099416108665686,0,0.5505050505050505,0.13131313131313133,0.3181818181818182
Snap,Snap Inc._Earnings Call_2022-02-03T00_00_00_English.docx,managerial_qa,167,62,17,88,0.3911784823903531,0.09742201892349243,0.5113995020339074,0,0.3712574850299401,0.10179640718562874,0.5269461077844312
Snap,Snap Inc._Earnings Call_2022-02-03T00_00_00_English.docx,prepared_management,223,143,14,66,0.6305854639273174,0.0608431935658255,0.30857134462600433,0,0.6412556053811659,0.06278026905829596,0.29596412556053814
Snap,Snap Inc._Earnings Call_2022-04-21T00_00_00_English.docx,managerial_qa,161,56,13,92,0.34950202644477735,0.08479139317480984,0.5657065824208166,0,0.34782608695652173,0.08074534161490683,0.5714285714285714
Snap,Snap Inc._Earnings Call_2022-04-21T00_00_00_English.docx,prepared_management,201,125,18,58,0.6131308684059747,0.09154135920621548,0.29532777444664915,0,0.6218905472636815,0.08955223880597014,0.2885572139303483
Snap,Snap Inc._Earnings Call_2022-07-21T00_00_00_English.docx,managerial_qa,191,53,33,105,0.2852501849753669,0.17068940805774702,0.5440604097334004,0,0.2774869109947644,0.17277486910994763,0.5497382198952879
Snap,Snap Inc._Earnings Call_2022-07-21T00_00_00_English.docx,prepared_management,14,0,0,14,0.029491840543148636,0.015678962293480123,0.9548291989735195,0,0.0,0.0,1.0
Snap,Snap Inc._Earnings Call_2022-10-20T00_00_00_English.docx,managerial_qa,144,69,13,62,0.4778851030630885,0.08678980032080515,0.43532509646560535,0,0.4791666666666667,0.09027777777777778,0.4305555555555556
Snap,Snap Inc._Earnings Call_2022-10-20T00_00_00_English.docx,prepared_management,48,28,1,19,0.5658013211007358,0.029879486148436826,0.40431920337885335,0,0.5833333333333334,0.020833333333333332,0.3958333333333333
Snap,Snap Inc._Earnings Call_2023-01-31T00_00_00_English.docx,managerial_qa,157,74,10,73,0.4784500835274097,0.06331206698113645,0.45823785661173805,0,0.4713375796178344,0.06369426751592357,0.46496815286624205
Snap,Snap Inc._Earnings Call_2023-01-31T00_00_00_English.docx,prepared_management,34,15,2,17,0.4626070916862747,0.06686550843288844,0.47052740214450045,0,0.4411764705882353,0.058823529411764705,0.5
Snap,Snap Inc._Earnings Call_2023-04-27T00_00_00_English.docx,managerial_qa,133,55,11,67,0.40894801336053693,0.08386013543840183,0.507191850876425,0,0.41353383458646614,0.08270676691729323,0.5037593984962406
Snap,Snap Inc._Earnings Call_2023-04-27T00_00_00_English.docx,prepared_management,40,22,2,16,0.5354971405121287,0.05403398098072378,0.4104688816794703,0,0.55,0.05,0.4
Snap,Snap Inc._Earnings Call_2023-07-25T00_00_00_English.docx,managerial_qa,178,81,8,89,0.45545844722293444,0.04823033533759724,0.4963112241657164,0,0.4550561797752809,0.0449438202247191,0.5
Snap,Snap Inc._Earnings Call_2023-07-25T00_00_00_English.docx,prepared_management,33,15,1,17,0.44402527133435354,0.03723285744878505,0.5187418722347941,0,0.45454545454545453,0.030303030303030304,0.5151515151515151
Snap,Snap Inc._Earnings Call_2023-10-24T00_00_00_English.docx,managerial_qa,152,81,4,67,0.5275310142524152,0.0312053054698652,0.4412636835725576,0,0.5328947368421053,0.02631578947368421,0.4407894736842105
Snap,Snap Inc._Earnings Call_2023-10-24T00_00_00_English.docx,prepared_management,31,13,0,18,0.41801165851367084,0.0058777544754310875,0.5761105988599745,0,0.41935483870967744,0.0,0.5806451612903226
Snap,Snap Inc._Earnings Call_2024-02-06T00_00_00_English.docx,managerial_qa,133,64,11,58,0.4921734594971635,0.08599802389196629,0.42182852068265564,0,0.48120300751879697,0.08270676691729323,0.43609022556390975
Snap,Snap Inc._Earnings Call_2024-02-06T00_00_00_English.docx,prepared_management,31,14,0,17,0.4492992969423921,0.007848632178271014,0.5428520759973706,0,0.45161290322580644,0.0,0.5483870967741935
Snap,Snap Inc._Earnings Call_2024-04-25T00_00_00_English.docx,managerial_qa,139,73,0,66,0.5255156160762335,0.0018978512084901291,0.47258653914911597,0,0.5251798561151079,0.0,0.4748201438848921
Snap,Snap Inc._Earnings Call_2024-04-25T00_00_00_English.docx,prepared_management,112,60,9,43,0.5325572961020762,0.08121218791916938,0.3862305162156939,0,0.5357142857142857,0.08035714285714286,0.38392857142857145
Snap,Snap Inc._Earnings Call_2024-08-01T00_00_00_English.docx,managerial_qa,149,80,8,61,0.532057749781266,0.058239076836735015,0.4097031827873677,0,0.5369127516778524,0.053691275167785234,0.40939597315436244
Snap,Snap Inc._Earnings Call_2024-08-01T00_00_00_English.docx,prepared_management,142,84,8,50,0.5967394446710677,0.06546784592595341,0.3377927101693722,0,0.5915492957746479,0.056338028169014086,0.352112676056338
Snap,Snap Inc._Earnings Call_2024-10-29T00_00_00_English.docx,managerial_qa,110,51,7,52,0.4696162859685109,0.0635829337963634,0.4668007811551277,0,0.4636363636363636,0.06363636363636363,0.4727272727272727
Snap,Snap Inc._Earnings Call_2024-10-29T00_00_00_English.docx,prepared_management,146,83,12,51,0.5589007524843579,0.08519407727471678,0.35590517620602025,0,0.5684931506849316,0.0821917808219178,0.3493150684931507
Snap,Snap Inc._Earnings Call_2025-02-04T00_00_00_English.docx,managerial_qa,108,48,2,58,0.45336955279703767,0.02156579811405782,0.5250646591538667,0,0.4444444444444444,0.018518518518518517,0.5370370370370371
Snap,Snap Inc._Earnings Call_2025-02-04T00_00_00_English.docx,prepared_management,152,95,4,53,0.632640438993382,0.027655961635442764,0.3397036052048732,0,0.625,0.02631578947368421,0.34868421052631576
Spotify,Spotify Technology S.A._Earnings Call_2021-04-28T00_00_00_English.docx,managerial_qa,234,99,7,128,0.4247917490794781,0.03087907890098362,0.5443291767507829,0,0.4230769230769231,0.029914529914529916,0.5470085470085471
Spotify,Spotify Technology S.A._Earnings Call_2021-04-28T00_00_00_English.docx,prepared_management,72,35,3,34,0.4767396739905687,0.04268992993544569,0.48057040425809494,0,0.4861111111111111,0.041666666666666664,0.4722222222222222
Spotify,Spotify Technology S.A._Earnings Call_2021-07-28T00_00_00_English.docx,managerial_qa,286,105,12,169,0.37161681035444805,0.05227047851065254,0.5761127112977448,0,0.36713286713286714,0.04195804195804196,0.5909090909090909
Spotify,Spotify Technology S.A._Earnings Call_2021-07-28T00_00_00_English.docx,prepared_management,56,22,8,26,0.38164977941792955,0.1279093059119135,0.4904409206159703,0,0.39285714285714285,0.14285714285714285,0.4642857142857143
Spotify,Spotify Technology S.A._Earnings Call_2021-10-27T00_00_00_English.docx,managerial_qa,278,125,9,144,0.4454162635195346,0.032082315889664745,0.5225014228555828,0,0.44964028776978415,0.03237410071942446,0.5179856115107914
Spotify,Spotify Technology S.A._Earnings Call_2021-10-27T00_00_00_English.docx,prepared_management,67,33,0,34,0.49276443438783957,0.01773380293690501,0.48950176711677784,0,0.4925373134328358,0.0,0.5074626865671642
Spotify,Spotify Technology S.A._Earnings Call_2022-02-02T00_00_00_English.docx,managerial_qa,308,93,12,203,0.30338772227453015,0.04389400322189912,0.6527182757896363,0,0.30194805194805197,0.03896103896103896,0.6590909090909091
Spotify,Spotify Technology S.A._Earnings Call_2022-02-02T00_00_00_English.docx,prepared_management,98,41,5,52,0.4237053422488733,0.05398750002120623,0.5223071660305469,0,0.41836734693877553,0.05102040816326531,0.5306122448979592
Spotify,Spotify Technology S.A._Earnings Call_2022-04-27T00_00_00_English.docx,managerial_qa,292,112,10,170,0.38372520558688616,0.036610599382309414,0.5796642018078901,0,0.3835616438356164,0.03424657534246575,0.5821917808219178
Spotify,Spotify Technology S.A._Earnings Call_2022-04-27T00_00_00_English.docx,prepared_management,87,42,2,43,0.49607904432587424,0.023515742633274918,0.48040521721387114,0,0.4827586206896552,0.022988505747126436,0.4942528735632184
Spotify,Spotify Technology S.A._Earnings Call_2022-07-27T00_00_00_English.docx,managerial_qa,282,83,13,186,0.2924587172555414,0.04903893511814338,0.6585023468069954,0,0.29432624113475175,0.04609929078014184,0.6595744680851063
Spotify,Spotify Technology S.A._Earnings Call_2022-07-27T00_00_00_English.docx,prepared_management,80,32,8,40,0.40720586318715474,0.10096365192164494,0.49183049131016326,0,0.4,0.1,0.5
Spotify,Spotify Technology S.A._Earnings Call_2022-10-25T00_00_00_English.docx,managerial_qa,262,83,18,161,0.32378156183918866,0.07665356817105988,0.5995648704441059,0,0.31679389312977096,0.06870229007633588,0.6145038167938931
Spotify,Spotify Technology S.A._Earnings Call_2022-10-25T00_00_00_English.docx,prepared_management,112,36,17,59,0.3354507811831845,0.1551142844807533,0.5094349312199374,0,0.32142857142857145,0.15178571428571427,0.5267857142857143
Spotify,Spotify Technology S.A._Earnings Call_2023-01-31T00_00_00_English.docx,managerial_qa,267,115,13,139,0.4286281937776878,0.05179863040715,0.5195731764671945,0,0.4307116104868914,0.04868913857677903,0.5205992509363296
Spotify,Spotify Technology S.A._Earnings Call_2023-01-31T00_00_00_English.docx,prepared_management,69,27,7,35,0.3963807214451105,0.1094857680873165,0.4941335162950311,0,0.391304347826087,0.10144927536231885,0.5072463768115942
Spotify,Spotify Technology S.A._Earnings Call_2023-04-25T00_00_00_English.docx,managerial_qa,263,92,20,151,0.3495708664860849,0.07824222177294017,0.572186915450621,0,0.34980988593155893,0.07604562737642585,0.5741444866920152
Spotify,Spotify Technology S.A._Earnings Call_2023-04-25T00_00_00_English.docx,prepared_management,80,42,4,34,0.5114328862128836,0.05925031638328017,0.4293167931954428,0,0.525,0.05,0.425
Spotify,Spotify Technology S.A._Earnings Call_2023-07-25T00_00_00_English.docx,managerial_qa,313,123,15,175,0.3941827925957118,0.05100653259103313,0.5548106819749745,0,0.3929712460063898,0.04792332268370607,0.5591054313099042
Spotify,Spotify Technology S.A._Earnings Call_2023-07-25T00_00_00_English.docx,prepared_management,72,38,4,30,0.5303333730274904,0.054348821833416494,0.41531780856323003,0,0.5277777777777778,0.05555555555555555,0.4166666666666667
Spotify,Spotify Technology S.A._Earnings Call_2023-10-24T00_00_00_English.docx,managerial_qa,326,146,9,171,0.4496707626030884,0.032955035484259106,0.5173742072455435,0,0.44785276073619634,0.027607361963190184,0.5245398773006135
Spotify,Spotify Technology S.A._Earnings Call_2023-10-24T00_00_00_English.docx,prepared_management,63,34,3,26,0.5465154145286627,0.04629648947474947,0.40718809511002574,0,0.5396825396825397,0.047619047619047616,0.4126984126984127
Spotify,Spotify Technology S.A._Earnings Call_2024-02-06T00_00_00_English.docx,managerial_qa,283,105,14,164,0.3771274448339024,0.04948324341760624,0.5733893116967109,0,0.3710247349823322,0.04946996466431095,0.5795053003533569
Spotify,Spotify Technology S.A._Earnings Call_2024-02-06T00_00_00_English.docx,prepared_management,80,42,2,36,0.5245134851680173,0.02613341626980569,0.44935310675929035,0,0.525,0.025,0.45
Spotify,Spotify Technology S.A._Earnings Call_2024-04-23T00_00_00_English.docx,managerial_qa,245,98,7,140,0.3906433293593137,0.03306512358551246,0.5762915508811137,0,0.4,0.02857142857142857,0.5714285714285714
Spotify,Spotify Technology S.A._Earnings Call_2024-04-23T00_00_00_English.docx,prepared_management,71,32,6,33,0.46087683741020175,0.08149668150381685,0.45762648079997126,0,0.4507042253521127,0.08450704225352113,0.4647887323943662
Spotify,Spotify Technology S.A._Earnings Call_2024-07-23T00_00_00_English.docx,managerial_qa,208,77,3,128,0.3746532147040307,0.02164998428781833,0.603696805411599,0,0.3701923076923077,0.014423076923076924,0.6153846153846154
Spotify,Spotify Technology S.A._Earnings Call_2024-07-23T00_00_00_English.docx,prepared_management,88,39,5,44,0.4580271826976713,0.07149821147771217,0.4704746130615694,0,0.4431818181818182,0.056818181818181816,0.5
Spotify,Spotify Technology S.A._Earnings Call_2024-11-12T00_00_00_English.docx,managerial_qa,234,86,11,137,0.3694299670386173,0.0475740432222008,0.5829959916952121,0,0.36752136752136755,0.04700854700854701,0.5854700854700855
Spotify,Spotify Technology S.A._Earnings Call_2024-11-12T00_00_00_English.docx,prepared_management,86,44,5,37,0.5059342045408889,0.05883656241788915,0.4352292394955201,0,0.5116279069767442,0.05813953488372093,0.43023255813953487
Spotify,Spotify Technology S.A._Earnings Call_2025-02-04T00_00_00_English.docx,managerial_qa,310,110,14,186,0.3596927482174242,0.04484172170122187,0.5954655326664251,0,0.3548387096774194,0.04516129032258064,0.6
Spotify,Spotify Technology S.A._Earnings Call_2025-02-04T00_00_00_English.docx,prepared_management,115,52,0,63,0.4624623841525809,0.008762857092891102,0.5287747591792556,0,0.45217391304347826,0.0,0.5478260869565217
Twilio,Twilio Inc._Earnings Call_2021-05-05T00_00_00_English.docx,managerial_qa,205,67,8,130,0.32189792102290987,0.041835440724297214,0.6362666387149047,0,0.32682926829268294,0.03902439024390244,0.6341463414634146
Twilio,Twilio Inc._Earnings Call_2021-05-05T00_00_00_English.docx,prepared_management,24,4,1,19,0.1719475064487123,0.042226030534322945,0.7858264564648986,0,0.16666666666666666,0.041666666666666664,0.7916666666666666
Twilio,Twilio Inc._Earnings Call_2021-07-29T00_00_00_English.docx,managerial_qa,312,101,5,206,0.3254546637645292,0.02028916151632574,0.654256177144797,0,0.32371794871794873,0.016025641025641024,0.6602564102564102
Twilio,Twilio Inc._Earnings Call_2021-07-29T00_00_00_English.docx,prepared_management,27,6,2,19,0.22837536378064113,0.0670915406621362,0.7045330861335541,0,0.2222222222222222,0.07407407407407407,0.7037037037037037
Twilio,Twilio Inc._Earnings Call_2021-10-27T00_00_00_English.docx,managerial_qa,281,114,7,160,0.40555467494144315,0.02497298177617555,0.569472348762967,0,0.40569395017793597,0.02491103202846975,0.5693950177935944
Twilio,Twilio Inc._Earnings Call_2021-10-27T00_00_00_English.docx,prepared_management,21,5,2,14,0.2421358322885897,0.0913704469617876,0.6664937049267489,0,0.23809523809523808,0.09523809523809523,0.6666666666666666
Twilio,Twilio Inc._Earnings Call_2022-02-09T00_00_00_English.docx,managerial_qa,391,124,11,256,0.3254525677895254,0.031976949555740077,0.6425704839246196,0,0.3171355498721228,0.028132992327365727,0.6547314578005116
Twilio,Twilio Inc._Earnings Call_2022-02-09T00_00_00_English.docx,prepared_management,21,5,1,15,0.24420488468459076,0.04425182778815677,0.7115432825859901,0,0.23809523809523808,0.047619047619047616,0.7142857142857143
Twilio,Twilio Inc._Earnings Call_2022-05-04T00_00_00_English.docx,managerial_qa,331,93,10,228,0.28329934452698796,0.0370279144242024,0.6796727452364568,0,0.2809667673716012,0.030211480362537766,0.6888217522658611
Twilio,Twilio Inc._Earnings Call_2022-05-04T00_00_00_English.docx,prepared_management,11,7,0,4,0.6361875670461979,0.00039706543754695775,0.36341536944556013,0,0.6363636363636364,0.0,0.36363636363636365
Twilio,Twilio Inc._Earnings Call_2022-08-04T00_00_00_English.docx,managerial_qa,311,104,15,192,0.3356355971206269,0.05567228316791841,0.608692125639396,0,0.33440514469453375,0.04823151125401929,0.617363344051447
Twilio,Twilio Inc._Earnings Call_2022-08-04T00_00_00_English.docx,prepared_management,7,2,0,5,0.2550211105493401,0.00046436239857123543,0.7445145053775458,0,0.2857142857142857,0.0,0.7142857142857143
Twilio,Twilio Inc._Earnings Call_2023-02-15T00_00_00_English.docx,managerial_qa,389,120,21,248,0.30957435206603245,0.06220545340871687,0.6282201996793892,0,0.30848329048843187,0.05398457583547558,0.6375321336760925
Twilio,Twilio Inc._Earnings Call_2023-02-15T00_00_00_English.docx,prepared_management,14,2,0,12,0.1460448138035255,0.0007984146542923121,0.8531567745480323,0,0.14285714285714285,0.0,0.8571428571428571
Twilio,Twilio Inc._Earnings Call_2023-05-09T00_00_00_English.docx,managerial_qa,339,92,34,213,0.26946644123475705,0.10394736894067975,0.6265861924201149,0,0.2713864306784661,0.10029498525073746,0.6283185840707964
Twilio,Twilio Inc._Earnings Call_2023-05-09T00_00_00_English.docx,prepared_management,32,7,3,22,0.18910561829404537,0.09649107733829304,0.7144033055302405,0,0.21875,0.09375,0.6875
Twilio,Twilio Inc._Earnings Call_2023-08-08T00_00_00_English.docx,managerial_qa,256,82,13,161,0.31893864343454065,0.05587304273175327,0.6251883188313722,0,0.3203125,0.05078125,0.62890625
Twilio,Twilio Inc._Earnings Call_2023-08-08T00_00_00_English.docx,prepared_management,158,88,11,59,0.5624415042530416,0.0659331531220556,0.3716253452045394,0,0.5569620253164557,0.06962025316455696,0.37341772151898733
Twilio,Twilio Inc._Earnings Call_2023-11-08T00_00_00_English.docx,managerial_qa,248,78,24,146,0.32362668133510586,0.09719584593646163,0.5791774789748779,0,0.31451612903225806,0.0967741935483871,0.5887096774193549
Twilio,Twilio Inc._Earnings Call_2023-11-08T00_00_00_English.docx,prepared_management,163,97,6,60,0.6006750513230579,0.039556650230155525,0.35976829993634196,0,0.5950920245398773,0.03680981595092025,0.36809815950920244
Twilio,Twilio Inc._Earnings Call_2024-02-14T00_00_00_English.docx,managerial_qa,240,90,21,129,0.37389446574523977,0.08668728492963715,0.539418252626184,0,0.375,0.0875,0.5375
Twilio,Twilio Inc._Earnings Call_2024-02-14T00_00_00_English.docx,prepared_management,138,70,11,57,0.5143742935335566,0.07831612523935576,0.4073095850397067,0,0.5072463768115942,0.07971014492753623,0.41304347826086957
Twilio,Twilio Inc._Earnings Call_2024-05-07T00_00_00_English.docx,managerial_qa,223,70,16,137,0.31576157635328744,0.08513901972860222,0.5990994126777884,0,0.31390134529147984,0.07174887892376682,0.6143497757847534
Twilio,Twilio Inc._Earnings Call_2024-05-07T00_00_00_English.docx,prepared_management,129,69,12,48,0.5189407807458338,0.08338743414183017,0.39767178860605346,0,0.5348837209302325,0.09302325581395349,0.37209302325581395
Twilio,Twilio Inc._Earnings Call_2024-08-01T00_00_00_English.docx,managerial_qa,246,83,14,149,0.3373204486688368,0.057632270222861624,0.6050472820941167,0,0.33739837398373984,0.056910569105691054,0.6056910569105691
Twilio,Twilio Inc._Earnings Call_2024-08-01T00_00_00_English.docx,prepared_management,121,75,7,39,0.6186719769863813,0.059346410302107286,0.3219816138570031,0,0.6198347107438017,0.05785123966942149,0.32231404958677684
Twilio,Twilio Inc._Earnings Call_2024-10-30T00_00_00_English.docx,managerial_qa,215,72,11,132,0.342188009554084,0.05523353337730508,0.6025784604914436,0,0.33488372093023255,0.05116279069767442,0.6139534883720931
Twilio,Twilio Inc._Earnings Call_2024-10-30T00_00_00_English.docx,prepared_management,130,78,10,42,0.6088057114618645,0.07486197033777874,0.31633232423656643,0,0.6,0.07692307692307693,0.3230769230769231
Twilio,Twilio Inc._Earnings Call_2025-02-13T00_00_00_English.docx,managerial_qa,279,78,14,187,0.2882045302111341,0.054044555917120256,0.6577509176890574,0,0.27956989247311825,0.05017921146953405,0.6702508960573477
Twilio,Twilio Inc._Earnings Call_2025-02-13T00_00_00_English.docx,prepared_management,140,72,15,53,0.5291053155391723,0.11015571099610655,0.36073897301176966,0,0.5142857142857142,0.10714285714285714,0.37857142857142856
Zoom,"Zoom Communications, Inc._Earnings Call_2020-06-02T00_00_00_English.docx",managerial_qa,314,60,7,247,0.19756492676113302,0.026615657432414067,0.7758194233295944,0,0.1910828025477707,0.022292993630573247,0.7866242038216561
Zoom,"Zoom Communications, Inc._Earnings Call_2020-06-02T00_00_00_English.docx",prepared_management,165,73,9,83,0.4478384293391708,0.061009132472263,0.49115244877335057,0,0.44242424242424244,0.05454545454545454,0.503030303030303
Zoom,"Zoom Communications, Inc._Earnings Call_2020-08-31T00_00_00_English.docx",managerial_qa,291,59,13,219,0.20960011415715774,0.043371476983761426,0.7470284089496183,0,0.2027491408934708,0.044673539518900345,0.7525773195876289
Zoom,"Zoom Communications, Inc._Earnings Call_2020-08-31T00_00_00_English.docx",prepared_management,157,70,6,81,0.44902536264723725,0.037454729219600344,0.513519909890034,0,0.445859872611465,0.03821656050955414,0.5159235668789809
Zoom,"Zoom Communications, Inc._Earnings Call_2020-11-30T00_00_00_English.docx",managerial_qa,225,57,10,158,0.2574826979987236,0.04161673681803937,0.7009005691139915,0,0.25333333333333335,0.044444444444444446,0.7022222222222222
Zoom,"Zoom Communications, Inc._Earnings Call_2020-11-30T00_00_00_English.docx",prepared_management,128,56,4,68,0.4390210329907993,0.03542517328003387,0.5255538010885824,0,0.4375,0.03125,0.53125
Zoom,"Zoom Communications, Inc._Earnings Call_2021-03-01T00_00_00_English.docx",managerial_qa,275,66,7,202,0.2438439180671101,0.027591256424969738,0.7285648274262148,0,0.24,0.025454545454545455,0.7345454545454545
Zoom,"Zoom Communications, Inc._Earnings Call_2021-03-01T00_00_00_English.docx",prepared_management,150,76,3,71,0.519523145660068,0.02504980386425105,0.455427049484158,0,0.5066666666666667,0.02,0.47333333333333333
Zoom,"Zoom Communications, Inc._Earnings Call_2021-06-01T00_00_00_English.docx",managerial_qa,333,86,7,240,0.26284890684775647,0.023022434119836295,0.7141286589043098,0,0.25825825825825827,0.021021021021021023,0.7207207207207207
Zoom,"Zoom Communications, Inc._Earnings Call_2021-06-01T00_00_00_English.docx",prepared_management,146,65,2,79,0.4500589714068619,0.017812196462511642,0.53212883785091,0,0.4452054794520548,0.0136986301369863,0.541095890410959
Zoom,"Zoom Communications, Inc._Earnings Call_2021-08-30T00_00_00_English.docx",managerial_qa,281,65,24,192,0.23324841011789643,0.0866519068573315,0.6800996868193773,0,0.2313167259786477,0.08540925266903915,0.6832740213523132
Zoom,"Zoom Communications, Inc._Earnings Call_2021-08-30T00_00_00_English.docx",prepared_management,133,71,6,56,0.5305231109983505,0.05218341452780746,0.4172934758687701,0,0.5338345864661654,0.045112781954887216,0.42105263157894735
Zoom,"Zoom Communications, Inc._Earnings Call_2021-11-22T00_00_00_English.docx",managerial_qa,343,88,9,246,0.26427836697790513,0.029819618991803968,0.7059020180344845,0,0.2565597667638484,0.026239067055393587,0.717201166180758
Zoom,"Zoom Communications, Inc._Earnings Call_2021-11-22T00_00_00_English.docx",prepared_management,105,49,5,51,0.4623436808986362,0.044863735384671706,0.492792583259387,0,0.4666666666666667,0.047619047619047616,0.4857142857142857
Zoom,"Zoom Communications, Inc._Earnings Call_2022-02-28T00_00_00_English.docx",managerial_qa,319,80,7,232,0.25453841120014753,0.02466431734524602,0.7207972727438311,0,0.2507836990595611,0.0219435736677116,0.7272727272727273
Zoom,"Zoom Communications, Inc._Earnings Call_2022-02-28T00_00_00_English.docx",prepared_management,146,69,2,75,0.4803622519374408,0.013747860791995265,0.5058898887995754,0,0.4726027397260274,0.0136986301369863,0.5136986301369864
Zoom,"Zoom Communications, Inc._Earnings Call_2022-05-23T00_00_00_English.docx",managerial_qa,271,81,6,184,0.3020754406714066,0.024430332351199652,0.6734942310787517,0,0.2988929889298893,0.02214022140221402,0.6789667896678967
Zoom,"Zoom Communications, Inc._Earnings Call_2022-05-23T00_00_00_English.docx",prepared_management,127,62,5,60,0.4782483904692136,0.04706983742512724,0.474681775690661,0,0.4881889763779528,0.03937007874015748,0.47244094488188976
Zoom,"Zoom Communications, Inc._Earnings Call_2022-08-22T00_00_00_English.docx",managerial_qa,309,97,13,199,0.31425522524224514,0.04436073893045024,0.6413840428245396,0,0.313915857605178,0.042071197411003236,0.6440129449838188
Zoom,"Zoom Communications, Inc._Earnings Call_2022-08-22T00_00_00_English.docx",prepared_management,146,59,9,78,0.4150195830292437,0.063483915919434,0.5214965049341878,0,0.4041095890410959,0.06164383561643835,0.5342465753424658
Zoom,"Zoom Communications, Inc._Earnings Call_2022-11-21T00_00_00_English.docx",managerial_qa,274,74,12,188,0.27615074907401216,0.044183974503234955,0.6796652776709581,0,0.27007299270072993,0.043795620437956206,0.6861313868613139
Zoom,"Zoom Communications, Inc._Earnings Call_2022-11-21T00_00_00_English.docx",prepared_management,111,48,5,58,0.45166025603372006,0.04923672816848042,0.49910301371662796,0,0.43243243243243246,0.04504504504504504,0.5225225225225225
Zoom,"Zoom Communications, Inc._Earnings Call_2023-02-27T00_00_00_English.docx",managerial_qa,276,73,11,192,0.2657706266147997,0.04744306775725144,0.6867863052929571,0,0.2644927536231884,0.03985507246376811,0.6956521739130435
Zoom,"Zoom Communications, Inc._Earnings Call_2023-02-27T00_00_00_English.docx",prepared_management,123,56,8,59,0.45959969670204015,0.06301743489622827,0.47738286962886717,0,0.45528455284552843,0.06504065040650407,0.4796747967479675
Zoom,"Zoom Communications, Inc._Earnings Call_2023-05-22T00_00_00_English.docx",managerial_qa,292,71,7,214,0.24485525787334675,0.025112864360328384,0.7300318792137003,0,0.24315068493150685,0.023972602739726026,0.7328767123287672
Zoom,"Zoom Communications, Inc._Earnings Call_2023-05-22T00_00_00_English.docx",prepared_management,117,57,6,54,0.4797813215769703,0.05036978622495515,0.46984889519336864,0,0.48717948717948717,0.05128205128205128,0.46153846153846156
Zoom,"Zoom Communications, Inc._Earnings Call_2023-08-21T00_00_00_English.docx",managerial_qa,305,92,9,204,0.30613351472999123,0.03155184933278957,0.6623146375352383,0,0.3016393442622951,0.029508196721311476,0.6688524590163935
Zoom,"Zoom Communications, Inc._Earnings Call_2023-08-21T00_00_00_English.docx",prepared_management,119,48,5,66,0.4027183862907562,0.040637632120497834,0.556643981561112,0,0.40336134453781514,0.04201680672268908,0.5546218487394958
Zoom,"Zoom Communications, Inc._Earnings Call_2023-11-20T00_00_00_English.docx",managerial_qa,267,79,15,173,0.2968965152217672,0.061992747353318965,0.6411107422649924,0,0.2958801498127341,0.056179775280898875,0.6479400749063671
Zoom,"Zoom Communications, Inc._Earnings Call_2023-11-20T00_00_00_English.docx",prepared_management,89,43,3,43,0.48507303987552186,0.03488198624099972,0.4800449740586057,0,0.48314606741573035,0.033707865168539325,0.48314606741573035
Zoom,"Zoom Communications, Inc._Earnings Call_2024-02-26T00_00_00_English.docx",managerial_qa,291,68,9,214,0.23278515038057607,0.029933100360849146,0.7372817504141048,0,0.23367697594501718,0.030927835051546393,0.7353951890034365
Zoom,"Zoom Communications, Inc._Earnings Call_2024-02-26T00_00_00_English.docx",prepared_management,124,65,6,53,0.5284719413628307,0.051890218075103675,0.41963784943400223,0,0.5241935483870968,0.04838709677419355,0.4274193548387097
eBay,eBay Inc._Earnings Call_2021-04-28T00_00_00_English.docx,managerial_qa,177,67,11,99,0.38251416403886473,0.0604009790047949,0.5570848551644149,0,0.3785310734463277,0.062146892655367235,0.559322033898305
eBay,eBay Inc._Earnings Call_2021-04-28T00_00_00_English.docx,prepared_management,232,120,8,104,0.5223669616593084,0.033266290766537504,0.44436675327361097,0,0.5172413793103449,0.034482758620689655,0.4482758620689655
eBay,eBay Inc._Earnings Call_2021-08-11T00_00_00_English.docx,managerial_qa,194,73,6,115,0.3784535241947999,0.028216648065401636,0.5933298271385689,0,0.37628865979381443,0.030927835051546393,0.5927835051546392
eBay,eBay Inc._Earnings Call_2021-08-11T00_00_00_English.docx,prepared_management,265,120,19,126,0.4653375105635376,0.07722629045961153,0.4574362011931332,0,0.4528301886792453,0.07169811320754717,0.47547169811320755
eBay,eBay Inc._Earnings Call_2021-10-27T00_00_00_English.docx,managerial_qa,191,60,4,127,0.32172369428829733,0.0237397483489939,0.6545365624361581,0,0.31413612565445026,0.020942408376963352,0.6649214659685864
eBay,eBay Inc._Earnings Call_2021-10-27T00_00_00_English.docx,prepared_management,245,118,21,106,0.4749039442887877,0.08558244211417561,0.4395136154407618,0,0.4816326530612245,0.08571428571428572,0.4326530612244898
eBay,eBay Inc._Earnings Call_2022-02-23T00_00_00_English.docx,managerial_qa,183,61,13,109,0.3377974285457076,0.06926956657944014,0.5929330035315947,0,0.3333333333333333,0.07103825136612021,0.5956284153005464
eBay,eBay Inc._Earnings Call_2022-02-23T00_00_00_English.docx,prepared_management,252,134,17,101,0.5306743006484416,0.0715519155395389,0.39777378438507105,0,0.5317460317460317,0.06746031746031746,0.4007936507936508
eBay,eBay Inc._Earnings Call_2022-05-04T00_00_00_English.docx,managerial_qa,200,64,16,120,0.3333948918354885,0.08395907097642852,0.5826460363488061,0,0.32,0.08,0.6
eBay,eBay Inc._Earnings Call_2022-05-04T00_00_00_English.docx,prepared_management,238,113,34,91,0.48118476088392564,0.1436581165288686,0.3751571213269557,0,0.47478991596638653,0.14285714285714285,0.38235294117647056
eBay,eBay Inc._Earnings Call_2022-08-03T00_00_00_English.docx,managerial_qa,193,60,7,126,0.324418666064485,0.04267492990654425,0.632906406148593,0,0.31088082901554404,0.03626943005181347,0.6528497409326425
eBay,eBay Inc._Earnings Call_2022-08-03T00_00_00_English.docx,prepared_management,215,102,17,96,0.48899030114875486,0.08222354893489296,0.42878614698567163,0,0.4744186046511628,0.07906976744186046,0.44651162790697674
eBay,eBay Inc._Earnings Call_2022-11-02T00_00_00_English.docx,managerial_qa,164,71,10,83,0.4376822852099777,0.06881613203322931,0.49350158429118235,0,0.4329268292682927,0.06097560975609756,0.5060975609756098
eBay,eBay Inc._Earnings Call_2022-11-02T00_00_00_English.docx,prepared_management,241,137,33,71,0.567826835377833,0.1348258928427532,0.2973472697752,0,0.5684647302904564,0.13692946058091288,0.2946058091286307
eBay,eBay Inc._Earnings Call_2023-02-22T00_00_00_English.docx,managerial_qa,139,51,10,78,0.3769426504091332,0.07409350067559627,0.5489638475113477,0,0.3669064748201439,0.07194244604316546,0.5611510791366906
eBay,eBay Inc._Earnings Call_2023-02-22T00_00_00_English.docx,prepared_management,263,137,23,103,0.5214866160612658,0.08772180218475949,0.3907915844012571,0,0.5209125475285171,0.08745247148288973,0.3916349809885932
eBay,eBay Inc._Earnings Call_2023-04-26T00_00_00_English.docx,managerial_qa,172,80,5,87,0.4705941667087658,0.03056126265009267,0.49884457276574223,0,0.46511627906976744,0.029069767441860465,0.5058139534883721
eBay,eBay Inc._Earnings Call_2023-04-26T00_00_00_English.docx,prepared_management,210,116,15,79,0.5554930378762267,0.07348097178012587,0.3710259887428528,0,0.5523809523809524,0.07142857142857142,0.3761904761904762
eBay,eBay Inc._Earnings Call_2023-07-26T00_00_00_English.docx,managerial_qa,161,83,6,72,0.5059372056471528,0.03676797409069682,0.4572948220040856,0,0.515527950310559,0.037267080745341616,0.4472049689440994
eBay,eBay Inc._Earnings Call_2023-07-26T00_00_00_English.docx,prepared_management,222,113,19,90,0.5137617381362963,0.08862046365543998,0.39761780013611103,0,0.509009009009009,0.08558558558558559,0.40540540540540543
eBay,eBay Inc._Earnings Call_2023-11-07T00_00_00_English.docx,managerial_qa,180,63,14,103,0.34289930010718545,0.07912547306011794,0.5779752338123377,0,0.35,0.07777777777777778,0.5722222222222222
eBay,eBay Inc._Earnings Call_2023-11-07T00_00_00_English.docx,prepared_management,221,97,32,92,0.4467646624275623,0.14139342047344297,0.4118419219490305,0,0.43891402714932126,0.14479638009049775,0.416289592760181
eBay,eBay Inc._Earnings Call_2024-02-27T00_00_00_English.docx,managerial_qa,146,68,7,71,0.4734950012715156,0.05344404926579363,0.4730609453141833,0,0.4657534246575342,0.04794520547945205,0.4863013698630137
eBay,eBay Inc._Earnings Call_2024-02-27T00_00_00_English.docx,prepared_management,220,104,21,95,0.4802266734992385,0.09787392679069315,0.4218993993783691,0,0.4727272727272727,0.09545454545454546,0.4318181818181818
eBay,eBay Inc._Earnings Call_2024-05-01T00_00_00_English.docx,managerial_qa,133,63,5,65,0.47847445043399817,0.04212375262560147,0.47940180549250055,0,0.47368421052631576,0.03759398496240601,0.48872180451127817
eBay,eBay Inc._Earnings Call_2024-05-01T00_00_00_English.docx,prepared_management,229,111,20,98,0.48795687976429425,0.08890686263599558,0.4231362577239146,0,0.4847161572052402,0.08733624454148471,0.4279475982532751
eBay,eBay Inc._Earnings Call_2024-07-31T00_00_00_English.docx,managerial_qa,162,84,4,74,0.5277181892964952,0.02831523740152901,0.4439665771458176,0,0.5185185185185185,0.024691358024691357,0.4567901234567901
eBay,eBay Inc._Earnings Call_2024-07-31T00_00_00_English.docx,prepared_management,226,117,14,95,0.5252646141981071,0.06403722165970163,0.4106981659167108,0,0.5176991150442478,0.061946902654867256,0.42035398230088494
eBay,eBay Inc._Earnings Call_2024-10-30T00_00_00_English.docx,managerial_qa,200,101,3,96,0.5000888830721815,0.01516546072592197,0.4847456625182904,0,0.505,0.015,0.48
eBay,eBay Inc._Earnings Call_2024-10-30T00_00_00_English.docx,prepared_management,217,105,11,101,0.4864854107656887,0.051488175212154125,0.46202642116588455,0,0.4838709677419355,0.05069124423963134,0.46543778801843316
eBay,eBay Inc._Earnings Call_2025-02-26T00_00_00_English.docx,managerial_qa,198,103,9,86,0.5227438484592303,0.045297528119768254,0.4319586306615643,0,0.5202020202020202,0.045454545454545456,0.43434343434343436
eBay,eBay Inc._Earnings Call_2025-02-26T00_00_00_English.docx,prepared_management,232,119,19,94,0.5157092643892065,0.08366189873473645,0.40062883892715584,0,0.5129310344827587,0.08189655172413793,0.4051724137931034
